Job ID,Job URL,Job Title,Company Name,Status,Timestamp,WP ID
319de69dd32dc823,https://cd.linkedin.com/jobs/view/officer-sourcing-contracting-at-mmg-limited-4436354047,Officer - Sourcing & Contracting,,scraped,2026-07-08T20:33:31.362898,
609f13d2af9cf77c,https://cd.linkedin.com/jobs/view/security-and-access-officer-at-fhi-360-4437703913,Security and Access Officer,FHI 360,posted,2026-07-08T20:33:46.388022,31
9c2f36144f8e115a,https://cd.linkedin.com/jobs/view/specialist-%E2%80%93-sourcing-contracting-at-mmg-limited-4436314668,Specialist – Sourcing & Contracting,,scraped,2026-07-08T20:33:49.045558,
3980f9527a62b8cc,https://cd.linkedin.com/jobs/view/on-site-winder-specialist-at-ge-vernova-4437801997,On Site Winder Specialist,GE Vernova,posted,2026-07-08T20:34:00.695491,33
e1a019ca1cdd3b86,https://cd.linkedin.com/jobs/view/compensation-and-benefits-manager-at-africell-rdc-4434838310,Compensation and Benefits Manager,,scraped,2026-07-08T20:34:03.377917,
e880c3d562064c01,https://cd.linkedin.com/jobs/view/logistics-operations-support-at-trafigura-4433916040,Logistics Operations Support,,scraped,2026-07-08T20:34:13.538835,
33c1d423897b0d9f,https://cd.linkedin.com/jobs/view/safeguarding-officer-at-fhi-360-4437725139,Safeguarding Officer,FHI 360,posted,2026-07-08T20:34:26.450212,35
2399b7c05294d78f,https://cd.linkedin.com/jobs/view/customer-experience-quality-assurance-officer-lubumbashi-drc-at-burn-4438291645,"Customer Experience Quality Assurance Officer - Lubumbashi, DRC",,scraped,2026-07-08T20:34:28.970126,
5817140bb47d483e,https://cd.linkedin.com/jobs/view/community-engagement-worker-at-international-rescue-committee-4436395922,Community Engagement Worker,International Rescue Committee,posted,2026-07-08T20:34:43.147137,37
c76d8ac7ac5f6d3e,https://cd.linkedin.com/jobs/view/responsable-des-achats-at-accor-4436879667,Responsable des Achats,Accor,posted,2026-07-08T20:34:55.827118,39
185c3f7e884f3b33,https://cd.linkedin.com/jobs/view/officier-wash-ituri-at-international-rescue-committee-4436459626,Officier WASH - Ituri,International Rescue Committee,posted,2026-07-08T20:35:04.221926,41
e154274d62abcaac,https://cd.linkedin.com/jobs/view/licensing-and-economic-regulations-analyst-at-airtel-kenya-4434858216,Licensing and Economic Regulations Analyst,,scraped,2026-07-08T20:35:06.858216,
229a14f7f599f9cf,https://cd.linkedin.com/jobs/view/investment-specialist-open-to-internal-and-external-applicants-at-international-civil-aviation-organization-4438150790,Investment Specialist [Open to internal and external applicants],International Civil Aviation Organization,posted,2026-07-08T20:35:24.868384,43
c75ccc314f8ef06e,https://cd.linkedin.com/jobs/view/mtc-manager-at-a-igreja-de-jesus-cristo-dos-santos-dos-%C3%BAltimos-dias-4436470262,MTC Manager,,scraped,2026-07-08T20:35:27.651903,
0dbf33d377a56910,https://cd.linkedin.com/jobs/view/environmental-manager-at-glencore-4436229912,Environmental Manager,,scraped,2026-07-08T20:35:34.111438,
ccb81aee2bb2b83b,https://cd.linkedin.com/jobs/view/caissiere-agent-de-rec-at-itm-tanzania-limited-4436845878,Caissiere / agent de rec...,,scraped,2026-07-08T20:35:40.774076,
2b789910c4a90555,https://cd.linkedin.com/jobs/view/investment-specialist-npsa11-kinshasa-democratic-republic-of-congo-uncdf-open-to-internal-and-external-applicants-at-international-civil-aviation-organization-4438146987,"Investment Specialist, NPSA11, Kinshasa, Democratic Republic of Congo, UNCDF [Open to internal and external applicants]",International Civil Aviation Organization,posted,2026-07-08T20:35:56.846617,45
64a711ebd6c5db87,https://cd.linkedin.com/jobs/view/core-drill-operator-at-saasa-b2e-4436255315,Core Drill Operator,,scraped,2026-07-08T20:35:59.521565,
3a96db4e880c0e5b,https://cd.linkedin.com/jobs/view/technician-at-bia-group-4433136077,Technician,,scraped,2026-07-08T20:36:06.151576,
91172265977a41df,https://cd.linkedin.com/jobs/view/investment-specialist-npsa11-kinshasa-democratic-republic-of-congo-uncdf-open-to-internal-and-external-applicants-at-undp-careers-4438181457,"Investment Specialist, NPSA11, Kinshasa, Democratic Republic of Congo, UNCDF [Open to internal and external applicants]",UNDP Careers,posted,2026-07-08T20:36:18.755765,47
661a7df4fff986b5,https://cd.linkedin.com/jobs/view/comptable-h-f-at-julisha-cd-4436411855,Comptable (H/F),,scraped,2026-07-08T20:36:21.391245,
711013196376a0c6,https://cd.linkedin.com/jobs/view/assistant-e-du-controle-des-mouvements-gl-5-movcon-assistant-goma-at-julisha-cd-4436434089,"ASSISTANT(E) DU CONTROLE DES MOUVEMENTS, GL-5/MOVCON ASSISTANT/GOMA",,scraped,2026-07-08T20:36:27.791412,
d7daa343c65704b4,https://cd.linkedin.com/jobs/view/coordinateur-de-project-position-nationale-at-julisha-cd-4436416842,Coordinateur de Project ( Position Nationale ),,scraped,2026-07-08T20:36:34.232855,
00a42c025c973f5d,https://cd.linkedin.com/jobs/view/responsable-financier-at-julisha-cd-4438192400,Responsable Financier,,scraped,2026-07-08T20:36:40.616695,
5c1b6b80a22be8d0,https://cd.linkedin.com/jobs/view/market-development-manager-drc-rc-at-julisha-cd-4436429314,Market Development Manager DRC & RC,,scraped,2026-07-08T20:36:47.615973,
11a0546a4984c3bf,https://cd.linkedin.com/jobs/view/administrative-officer-goma-filed-only-at-catholic-relief-services-4433795973,Administrative Officer- Goma ( Filed Only),Catholic Relief Services,posted,2026-07-08T20:37:00.951309,49
d2675a2fbe5818bd,https://cd.linkedin.com/jobs/view/engineer-intern-at-unops-4431534139,Engineer Intern,,scraped,2026-07-08T20:37:03.593731,
94dbfb86b9ffd120,https://cd.linkedin.com/jobs/view/expert-en-gestion-des-achats-et-des-approvisionnements-at-julisha-cd-4438190401,Expert en gestion des achats et des approvisionnements,,scraped,2026-07-08T20:37:11.073304,
ab5f0444e5e64ae5,https://cd.linkedin.com/jobs/view/administrateur-r%C3%A9gional-at-julisha-cd-4438200132,Administrateur Régional,,scraped,2026-07-08T20:37:17.853370,
c977fa12a66bd419,https://cd.linkedin.com/jobs/view/head-of-programmes-in-drc-at-julisha-cd-4438189678,Head of Programmes in DRC,,scraped,2026-07-08T20:37:24.418187,
66b5828dd7179a90,https://cd.linkedin.com/jobs/view/avis-au-public-at-julisha-cd-4438185729,AVIS AU PUBLIC,,scraped,2026-07-08T20:37:30.732067,
87eaafb7bc064f70,https://cd.linkedin.com/jobs/view/assistante-administrative-comptable-at-julisha-cd-4438184915,Assistante Administrative & Comptable,,scraped,2026-07-08T20:37:37.184289,
0911e0243a62c104,https://cd.linkedin.com/jobs/view/responsable-sant%C3%A9-nutrition-at-julisha-cd-4436423523,Responsable Santé & Nutrition,,scraped,2026-07-08T20:37:43.637320,
971a10b61b496c5e,https://cd.linkedin.com/jobs/view/head-of-systems-and-operations-for-dr-congo-at-people-in-need-zambia-4436981433,Head of Systems and Operations for DR Congo,People in Need Zambia,posted,2026-07-08T20:37:57.153543,51
b1e304e3a57efd27,https://cd.linkedin.com/jobs/view/sales-administration-officer-at-bia-group-4433190686,Sales Administration Officer,,scraped,2026-07-08T20:37:59.850752,
3e7af78752696578,https://cd.linkedin.com/jobs/view/project-supervisor-at-julisha-cd-4436426283,PROJECT SUPERVISOR,,scraped,2026-07-08T20:38:06.003646,
f68189da141c066b,https://cd.linkedin.com/jobs/view/responsable-de-l-approvisionnement-at-julisha-cd-4436415900,Responsable de l'approvisionnement,,scraped,2026-07-08T20:38:12.259980,
8eb8e01ab66babf1,https://cd.linkedin.com/jobs/view/external-evaluation-of-bha-funded-multisector-assistance-program-in-eastern-drc-at-julisha-cd-4436431217,External Evaluation of BHA-funded Multisector Assistance Program in Eastern DRC,,scraped,2026-07-08T20:38:18.722725,
6d8efa7ad05bc86c,https://cd.linkedin.com/jobs/view/logisticien-at-julisha-cd-4438204023,Logisticien,,scraped,2026-07-08T20:38:24.973824,
1b6d289fb541e43b,https://cd.linkedin.com/jobs/view/chef-de-mission-at-julisha-cd-4436421563,Chef de Mission,,scraped,2026-07-08T20:38:31.502641,
e7102ad7da27047d,https://cd.linkedin.com/jobs/view/administrative-officer-bunia-ouvert-aux-residents-de-l-ituri-at-catholic-relief-services-4433908302,Administrative Officer Bunia (ouvert aux residents de l'Ituri),Catholic Relief Services,posted,2026-07-08T20:38:47.511311,53
1eeaa41543593ae8,https://cd.linkedin.com/jobs/view/finance-officer-at-fhi-360-4437875245,Finance Officer,FHI 360,posted,2026-07-08T20:38:57.032941,55
bdf825af6b8c3d03,https://cd.linkedin.com/jobs/view/ai-video-creator-at-the-flex-4436775508,AI Video Creator,,scraped,2026-07-08T20:38:59.657473,
dc9a4abf127848e4,https://cd.linkedin.com/jobs/view/manager-hr-services-at-vodacom-4430605650,Manager HR services,,scraped,2026-07-08T20:39:06.385580,
7600c2088548043a,https://cd.linkedin.com/jobs/view/technical-policy-government-affairs-mgr-at-vodacom-4433751425,"Technical, Policy-Government Affairs MGR",,scraped,2026-07-08T20:39:12.968633,
4da5f45235011f2c,https://cd.linkedin.com/jobs/view/technology-cost-business-partner-mgr-at-vodacom-4431005333,Technology & Cost Business Partner MGR,,scraped,2026-07-08T20:39:19.308609,
9c188c47281ca4f7,https://cd.linkedin.com/jobs/view/finance-associate-at-fhi-360-4437708774,Finance Associate,FHI 360,posted,2026-07-08T20:39:31.449817,57
bbd25c38b94216b8,https://cd.linkedin.com/jobs/view/chef-de-projet-at-unops-4433988200,Chef de projet,,scraped,2026-07-08T20:39:34.083226,
6c69fb052525103e,https://cd.linkedin.com/jobs/view/project-management-support-officer-at-unops-4434849415,Project Management Support - Officer,,scraped,2026-07-08T20:39:41.405706,
24752b22d03a22a6,https://cd.linkedin.com/jobs/view/chauffeur-at-julisha-cd-4436417818,Chauffeur,,scraped,2026-07-08T20:39:48.311786,
366a0067b7f92925,https://cd.linkedin.com/jobs/view/finance-manager-pour-kinshasa-avec-plusieurs-descentes-%C3%A0-dungu-at-julisha-cd-4436433171,Finance Manager pour Kinshasa avec plusieurs descentes à Dungu,,scraped,2026-07-08T20:39:54.941617,
e8dc1f2029d56ad4,https://cd.linkedin.com/jobs/view/channels-events-branding-manager-at-vodacom-4431000469,Channels & Events Branding Manager,,scraped,2026-07-08T20:40:01.656663,
f1f5591a8d46a734,https://cd.linkedin.com/jobs/view/procurement-logistics-manager-at-julisha-cd-4438199179,Procurement & Logistics Manager,,scraped,2026-07-08T20:40:07.950748,
edd219ec94ba3352,https://cd.linkedin.com/jobs/view/head-of-programmes-in-drc-at-julisha-cd-4438185877,Head of Programmes in DRC,,scraped,2026-07-08T20:40:14.251785,
85ea28378f45605f,https://cd.linkedin.com/jobs/view/magasinier-e-sc4-multiples-localit%C3%A9s-rd-congo-at-world-food-programme-4436705792,"Magasinier(e) SC4, Multiples localités, RD Congo",,scraped,2026-07-08T20:40:20.805478,
6d3e7972a785bfd9,https://cd.linkedin.com/jobs/view/adjoint%C2%B7e-chef-de-mission-aux-programmes-at-julisha-cd-4438192386,Adjoint·e Chef de Mission aux Programmes,,scraped,2026-07-08T20:40:27.998384,
7835d1d67d37083c,https://cd.linkedin.com/jobs/view/assistant-aux-subventions-at-julisha-cd-4438195361,Assistant aux subventions,,scraped,2026-07-08T20:40:34.546903,
bbcde4cfc2a72be5,https://cd.linkedin.com/jobs/view/gestionnaire-financier-de-groupement-at-julisha-cd-4436424478,Gestionnaire Financier de Groupement,,scraped,2026-07-08T20:40:40.948619,
e4d55c0137e38109,https://cd.linkedin.com/jobs/view/work-from-home-customer-support-%E2%80%93-french-speaking-at-talentpop-app-4434884377,Work-from-Home Customer Support – French Speaking,TalentPop App,posted,2026-07-08T20:40:53.828642,59
91ce9cf619960209,https://cd.linkedin.com/jobs/view/work-from-home-customer-support-%E2%80%93-french-speaking-at-talentpop-app-4434883389,Work-from-Home Customer Support – French Speaking,TalentPop App,scraped,2026-07-08T20:40:57.838100,
f9e41908818af96f,https://cd.linkedin.com/jobs/view/french%2Benglish-bilingual-customer-service-representative-at-talentpop-app-4434869991,French+English Bilingual Customer Service Representative,TalentPop App,posted,2026-07-08T20:41:06.349978,61
ab136ed4b0e03ebe,https://cd.linkedin.com/jobs/view/french%2Benglish-bilingual-customer-service-representative-at-talentpop-app-4434877603,French+English Bilingual Customer Service Representative,TalentPop App,scraped,2026-07-08T20:41:10.622795,
76464755084bad9e,https://cd.linkedin.com/jobs/view/french%2Benglish-bilingual-customer-service-representative-at-talentpop-app-4434883400,French+English Bilingual Customer Service Representative,TalentPop App,scraped,2026-07-08T20:41:14.784649,
e7732092021f771c,https://cd.linkedin.com/jobs/view/french%2Benglish-bilingual-customer-service-representative-at-talentpop-app-4434882472,French+English Bilingual Customer Service Representative,TalentPop App,scraped,2026-07-08T20:41:18.837067,
a33defd26a5962b0,https://cd.linkedin.com/jobs/view/structural-engineer-at-wsp-in-canada-4427701958,Structural Engineer,WSP in Canada,posted,2026-07-08T20:41:30.591219,63
70045e09490d9c34,https://cd.linkedin.com/jobs/view/agent-de-support-client%C3%A8le-international-h-f-at-talentpop-app-4434876719,Agent de Support Clientèle International (H/F),TalentPop App,posted,2026-07-08T20:41:38.429519,65
5d1f365b593f4cf0,https://cd.linkedin.com/jobs/view/agent-de-support-client%C3%A8le-international-h-f-at-talentpop-app-4434871827,Agent de Support Clientèle International (H/F),TalentPop App,scraped,2026-07-08T20:41:42.550718,
fb13b1ac8fbab17c,https://cd.linkedin.com/jobs/view/agent-de-support-client%C3%A8le-international-h-f-at-talentpop-app-4434871786,Agent de Support Clientèle International (H/F),TalentPop App,scraped,2026-07-08T20:41:46.725389,
927f38581c606534,https://cd.linkedin.com/jobs/view/site-manager-at-julisha-cd-4438182905,Site Manager,,scraped,2026-07-08T20:41:49.121771,
00f0db8fd1260de3,https://cd.linkedin.com/jobs/view/officier-achats-purchase-officer-f-h-at-julisha-cd-4436421599,Officier achats / Purchase Officer (F/H),,scraped,2026-07-08T20:41:55.570000,
5464850c96790109,https://cd.linkedin.com/jobs/view/project-manager-infrastructure-at-unops-4434867073,Project Manager (Infrastructure),,scraped,2026-07-08T20:42:02.088004,
d1fbc975bf00432b,https://cd.linkedin.com/jobs/view/administrateur-logisticien-at-julisha-cd-4438201102,Administrateur - Logisticien,,scraped,2026-07-08T20:42:09.175227,
cb09b4457e6d8d01,https://cd.linkedin.com/jobs/view/senior-accountant-at-delice-foods-4433952396,Senior Accountant,Delice Foods,posted,2026-07-08T20:42:23.040649,67
89ac87e135737a03,https://cd.linkedin.com/jobs/view/directeur-de-projet-at-julisha-cd-4438182860,Directeur de Projet,,scraped,2026-07-08T20:42:25.340713,
e157dd3acdd27173,https://cd.linkedin.com/jobs/view/wash-advisor-drc-conseiller-wash-at-julisha-cd-4438188828,WASH Advisor - DRC Conseiller WASH,,scraped,2026-07-08T20:42:31.818048,
9da278f550e83ad9,https://cd.linkedin.com/jobs/view/wash-project-manager-at-julisha-cd-4438202091,WASH Project Manager,,scraped,2026-07-08T20:42:38.172448,
b8a2b76cf7332fa1,https://cd.linkedin.com/jobs/view/expert-des-affaires-%C3%A9conomiques-et-de-la-tarification-at-julisha-cd-4438186803,Expert des Affaires économiques et de la tarification,,scraped,2026-07-08T20:42:44.967172,
96cb3c64993886ca,https://cd.linkedin.com/jobs/view/un-e-responsable-contrat-bailleurs-et-reporting-at-julisha-cd-4436434053,Un.e Responsable Contrat Bailleurs et Reporting,,scraped,2026-07-08T20:42:51.678485,
820e89e4b111dc54,https://cd.linkedin.com/jobs/view/procurement-officer-buying-at-save-the-children-international-4437757817,Procurement Officer Buying,Save the Children International,posted,2026-07-08T20:43:08.170587,69
b2c035b2eb3e52fc,https://cd.linkedin.com/jobs/view/data-management-information-assistant-at-save-the-children-international-4437750956,Data Management & Information Assistant,Save the Children International,posted,2026-07-08T20:43:20.469653,71
177e94cc26cc9b37,https://cd.linkedin.com/jobs/view/conseiller-juridique-principal-contentieux-at-kamoto-copper-company-s-a-4432748971,Conseiller juridique principal - contentieux,,scraped,2026-07-08T20:43:22.857771,
bdbc05a7a3c56901,https://cd.linkedin.com/jobs/view/senior-structural-engineer-at-wsp-in-canada-4428499581,Senior Structural Engineer,WSP in Canada,posted,2026-07-08T20:43:38.861140,73
d5d5ba7e8662a65c,https://cd.linkedin.com/jobs/view/surveillance-officer-at-save-the-children-international-4437760815,Surveillance Officer,Save the Children International,posted,2026-07-08T20:43:51.309173,75
6e934fbe864e8a8b,https://cd.linkedin.com/jobs/view/senior-surveillance-officer-at-save-the-children-international-4437768437,Senior Surveillance Officer,Save the Children International,posted,2026-07-08T20:44:03.492652,77
ef328a7bab4f9401,https://cd.linkedin.com/jobs/view/senior-surveillance-officer-at-save-the-children-colombia-oficial-4438185515,Senior Surveillance Officer,,scraped,2026-07-08T20:44:06.194871,
ad19a104bf5ec57e,https://cd.linkedin.com/jobs/view/premium-cash-assistant-at-wave-mobile-money-4419178069,Premium Cash Assistant,,scraped,2026-07-08T20:44:14.357902,
ba30741c830b4253,https://cd.linkedin.com/jobs/view/finance-officer-at-save-the-children-colombia-oficial-4438187437,Finance Officer,,scraped,2026-07-08T20:44:20.956025,
b31e9cb7df6a610d,https://cd.linkedin.com/jobs/view/bilingual-customer-support-specialist-french-english-100%25-remote-at-talentpop-app-4434890380,Bilingual Customer Support Specialist (French/English) - 100% Remote,TalentPop App,posted,2026-07-08T20:44:34.306738,79
3e0bfb9f1df772ff,https://cd.linkedin.com/jobs/view/coordinateur-trice-pays-coop%C3%A9rative-hulo-h-f-%E2%80%93-goma-at-julisha-cd-4436422555,Coordinateur.trice Pays Coopérative hulo (H/F) – Goma,,scraped,2026-07-08T20:44:36.686216,
0044591940f4ee16,https://cd.linkedin.com/jobs/view/coordinateur-trice-ipc-wash-at-julisha-cd-4438197122,Coordinateur(trice) IPC/Wash,,scraped,2026-07-08T20:44:42.989164,
ce42f8d5cc3a6439,https://cd.linkedin.com/jobs/view/writer-and-editor-english-anticipatory-at-julisha-cd-4438194328,Writer and Editor - English (Anticipatory),,scraped,2026-07-08T20:44:49.599434,
cfeb84b47ada4146,https://cd.linkedin.com/jobs/view/compliance-officer-1-at-julisha-cd-4436434029,Compliance Officer (1),,scraped,2026-07-08T20:44:55.965258,
a09d2b09f6e4907e,https://cd.linkedin.com/jobs/view/recrutement-d-un-e-consultant-e-en-formation-sur-le-genre-pour-le-projet-recom-at-julisha-cd-4436429256,Recrutement d'un(e) consultant(e) en formation sur le genre pour le projet RECOM...,,scraped,2026-07-08T20:45:02.468868,
51325a42934ec60f,https://cd.linkedin.com/jobs/view/workshop-administrator-at-sandvik-4433181390,Workshop Administrator,,scraped,2026-07-08T20:45:09.353388,
091cf0a5b82046b7,https://cd.linkedin.com/jobs/view/electrical-engineer-solar-hybrid-industrial-infrastructure-at-saasa-b2e-4437313107,Electrical Engineer (Solar Hybrid & Industrial Infrastructure),,scraped,2026-07-08T20:45:16.826164,
d24bac7f7e2ec8d6,https://cd.linkedin.com/jobs/view/hr-manager-at-julisha-cd-4438203083,HR MANAGER,,scraped,2026-07-08T20:45:22.949879,
62947f3ce69dcf6e,https://cd.linkedin.com/jobs/view/chef-de-projet-r%C3%A9adaptation-int%C3%A9gr%C3%A9e-at-julisha-cd-4436434050,Chef de Projet Réadaptation intégrée,,scraped,2026-07-08T20:45:29.154825,
c22408e9a543f7af,https://cd.linkedin.com/jobs/view/entrepreneur-in-residence-eir-at-the-flex-4436937692,Entrepreneur in Residence (EIR),,scraped,2026-07-08T20:45:35.886045,
baf4bb6a13666798,https://cd.linkedin.com/jobs/view/deux-officier-i%C3%A8re-wash-at-julisha-cd-4438195215,Deux Officier(ière) Wash,,scraped,2026-07-08T20:45:42.365232,
5b379d7ede0ca7ff,https://cd.linkedin.com/jobs/view/ingenieur-associate-engineer-no-b-at-julisha-cd-4438200129,"INGENIEUR/ ASSOCIATE ENGINEER, NO-B,",,scraped,2026-07-08T20:45:48.725109,
b11ba1bfcb0b9cac,https://cd.linkedin.com/jobs/view/ing%C3%A9nieur-e-civil-at-julisha-cd-4436415969,Ingénieur(e) Civil,,scraped,2026-07-08T20:45:54.958428,
b06ccacb313e3834,https://cd.linkedin.com/jobs/view/surveillance-officer-at-save-the-children-colombia-oficial-4438188460,Surveillance Officer,,scraped,2026-07-08T20:46:01.443070,
1d8bf4c8aee50a1e,https://cd.linkedin.com/jobs/view/regional-program-manager-technical-rpm-at-julisha-cd-4436421530,Regional Program Manager-Technical (RPM),,scraped,2026-07-08T20:46:09.127872,
506ffa28a1643a57,https://cd.linkedin.com/jobs/view/systems-accountant-at-julisha-cd-4436427272,Systems Accountant,,scraped,2026-07-08T20:46:15.693634,
30387f55b682e8cf,https://cd.linkedin.com/jobs/view/chief-of-party-drc-at-julisha-cd-4436435027,"Chief of Party, DRC",,scraped,2026-07-08T20:46:22.249946,
663c5df5e9276163,https://cd.linkedin.com/jobs/view/country-director-at-julisha-cd-4438188803,Country Director,,scraped,2026-07-08T20:46:28.383079,
a20e4b8711fdf3f6,https://cd.linkedin.com/jobs/view/sp%C3%A9cialiste-de-la-gouvernance-mini%C3%A8re-at-julisha-cd-4436432233,Spécialiste de la gouvernance minière,,scraped,2026-07-08T20:46:34.606963,
00f998fdc421944c,https://cd.linkedin.com/jobs/view/better-mining-project-manager-at-slr-consulting-4436885135,Better Mining - Project Manager,,scraped,2026-07-08T20:46:41.642938,
4ec21def9aee3029,https://cd.linkedin.com/jobs/view/expert-en-gestion-financi%C3%A8re-egf-at-julisha-cd-4436426296,Expert en Gestion Financière (EGF),,scraped,2026-07-08T20:46:48.241148,
1d410454334dd01c,https://cd.linkedin.com/jobs/view/consultant-individuel-en-charge-de-l-%C3%A9valuation-des-d%C3%A9fis-li%C3%A9s-%C3%A0-la-mise-en-%C5%93uvr-at-julisha-cd-4436428302,Consultant individuel en charge de l'évaluation des défis liés à la mise en œuvr...,,scraped,2026-07-08T20:46:54.464728,
5706126db5622350,https://cd.linkedin.com/jobs/view/experte-en-gestion-des-risques-sanitaires-devoir-de-prise-en-charge-du-personn-at-julisha-cd-4438198102,Experte en Gestion des Risques Sanitaires & Devoir de Prise en Charge du Personn...,,scraped,2026-07-08T20:47:01.012997,
08b578d335cf2df9,https://cd.linkedin.com/jobs/view/un-assistant-comptable-pour-le-bureau-local-de-kinshasa-at-julisha-cd-4438200128,un Assistant comptable pour le bureau local de Kinshasa,,scraped,2026-07-08T20:47:07.716848,
62a170cd7dca1936,https://cd.linkedin.com/jobs/view/officier-de-securit%C3%A9-security-officer-at-julisha-cd-4436421547,Officier de Securité/Security Officer,,scraped,2026-07-08T20:47:13.997758,
9f18d831e69b596b,https://cd.linkedin.com/jobs/view/conseiller-en-s%C3%A9curit%C3%A9-mobile-at-julisha-cd-4436428296,Conseiller en sécurité - Mobile,,scraped,2026-07-08T20:47:20.467564,
ebf3e2a54b96bca5,https://cd.linkedin.com/jobs/view/finance-manager-at-julisha-cd-4438185860,Finance Manager,,scraped,2026-07-08T20:47:26.829653,
c19073bb9b2345c3,https://cd.linkedin.com/jobs/view/directeur-pays-rdc-at-julisha-cd-4436411984,Directeur Pays RDC,,scraped,2026-07-08T20:47:32.939998,
1b7fc0a0588b192f,https://cd.linkedin.com/jobs/view/renewable-energy-engineer-at-wsp-in-canada-4436202700,Renewable Energy Engineer,WSP in Canada,posted,2026-07-08T20:47:49.855159,81
d29a3e8fba311e3c,https://cd.linkedin.com/jobs/view/safer-consortium-director-at-julisha-cd-4438204059,SAFER Consortium Director,,scraped,2026-07-08T20:47:52.164597,
08cf960b9ed5a3fd,https://cd.linkedin.com/jobs/view/finance-officer-at-international-rescue-committee-4436743239,FINANCE OFFICER,International Rescue Committee,posted,2026-07-08T20:48:01.577732,55
c9a1eec87e883a78,https://cd.linkedin.com/jobs/view/sp%C3%A9cialiste-en-passation-des-marches-pour-l%E2%80%99%C3%A9quipe-de-coordination-at-julisha-cd-4438198217,Spécialiste en Passation des Marches pour l’équipe de Coordination,,scraped,2026-07-08T20:48:04.300533,
49d30bcce0f94b0e,https://cd.linkedin.com/jobs/view/social-worker-at-international-rescue-committee-4434018886,Social Worker,International Rescue Committee,posted,2026-07-08T20:48:17.640584,83
d91b1c83902d42ce,https://cd.linkedin.com/jobs/view/regional-political-economy-analysis-of-the-forest-sector-in-central-africa-at-julisha-cd-4436438007,Regional Political Economy Analysis of the Forest Sector in Central Africa,,scraped,2026-07-08T20:48:20.290799,
6a68c6f7b98843af,https://cd.linkedin.com/jobs/view/chef-fe-de-projet-leadership-des-jeunes-et-r%C3%A9int%C3%A9gration-%C3%A0-base-communautaire-r-at-julisha-cd-4438186814,Chef/fe de projet Leadership des jeunes et Réintégration à base communautaire (R...,,scraped,2026-07-08T20:48:26.725040,
22ce9523ca56face,https://cd.linkedin.com/jobs/view/chef-fe-de-projet-leadership-des-jeunes-et-r%C3%A9int%C3%A9gration-%C3%A0-base-communautaire-r-at-julisha-cd-4438182935,Chef/fe de projet Leadership des jeunes et Réintégration à base communautaire (R...,,scraped,2026-07-08T20:48:33.299592,
1372652e5fb2b55a,https://cd.linkedin.com/jobs/view/senior-manager-merchant-payments-at-vodacom-4431948055,Senior Manager Merchant Payments,,scraped,2026-07-08T20:48:39.856302,
0b15aef788071cc8,https://cd.linkedin.com/jobs/view/un%C2%B7e-coordinateur%C2%B7ice-terrain-bases-mobile-at-julisha-cd-4438202081,UN·E COORDINATEUR·ICE TERRAIN - BASES MOBILE,,scraped,2026-07-08T20:48:46.248090,
f7e08a165bf8d9e0,https://cd.linkedin.com/jobs/view/support-manager-north-kivu-at-julisha-cd-4438185845,Support Manager (North Kivu),,scraped,2026-07-08T20:48:52.651527,
8aa8ed2e082b191b,https://cd.linkedin.com/jobs/view/stagiaire-professionnel-en-communication-at-julisha-cd-4438197254,Stagiaire professionnel en communication,,scraped,2026-07-08T20:48:58.907630,
c99116eb2f564f3e,https://cd.linkedin.com/jobs/view/national-sales-manager-pharma-at-confidential-4436729439,National Sales Manager (Pharma),Confidential,posted,2026-07-08T20:49:12.517154,85
fef3e71a2cb85996,https://cd.linkedin.com/jobs/view/program-manager-kabobo-wildlife-reserve-at-julisha-cd-4436415973,Program Manager-Kabobo Wildlife Reserve,,scraped,2026-07-08T20:49:14.887943,
a673c14fd3f186f6,https://cd.linkedin.com/jobs/view/chef-comptable-at-julisha-cd-4436430182,Chef comptable,,scraped,2026-07-08T20:49:21.308128,
3bd6c64a0fccc807,https://cd.linkedin.com/jobs/view/expert-e-technique-en-surveillance-conformit%C3%A9-at-julisha-cd-4436420610,Expert(e) technique en Surveillance & Conformité,,scraped,2026-07-08T20:49:27.960234,
54786a0f41eb1033,https://cd.linkedin.com/jobs/view/sp%C3%A9cialiste-principal-de-solutions-num%C3%A9riques-at-julisha-cd-4438199212,Spécialiste principal de solutions numériques,,scraped,2026-07-08T20:49:34.719899,
355df22302600088,https://cd.linkedin.com/jobs/view/agent-de-protection-associ%C3%A9-p2-jpo-junior-professional-officer-goma-at-julisha-cd-4436422560,"Agent de protection associé, p2 JPO (Junior Professional Officer), Goma",,scraped,2026-07-08T20:49:41.087727,
ce5d04ebc72da3b3,https://cd.linkedin.com/jobs/view/consultant-specialiste-en-diffusion-at-julisha-cd-4436424448,CONSULTANT SPECIALISTE EN DIFFUSION,,scraped,2026-07-08T20:49:47.763312,
0f183a7c80559e29,https://cd.linkedin.com/jobs/view/sp%C3%A9cialiste-nutrition-sant%C3%A9-terrain-at-julisha-cd-4438191492,Spécialiste Nutrition-Santé Terrain,,scraped,2026-07-08T20:49:54.072646,
506938cf6726a728,https://cd.linkedin.com/jobs/view/consultant-pour-l%E2%80%99appui-%C3%A0-l%E2%80%99%C3%A9laboration-du-plan-strat%C3%A9gique-d%E2%80%99am%C3%A9lioration-de-la-at-julisha-cd-4436434105,Consultant pour l’appui à l’élaboration du plan stratégique d’amélioration de la...,,scraped,2026-07-08T20:50:00.451175,
58bbd981687e2cad,https://cd.linkedin.com/jobs/view/financial-advisor-iplc-forest-facility-iff-at-julisha-cd-4438186806,Financial Advisor - IPLC Forest Facility (IFF),,scraped,2026-07-08T20:50:06.999903,
7b42ebcd06488901,https://cd.linkedin.com/jobs/view/chief-of-party-at-julisha-cd-4438203126,Chief of Party,,scraped,2026-07-08T20:50:13.413213,
9aabdeae44a940a4,https://cd.linkedin.com/jobs/view/charg%C3%A9-principal-de-projet-en-gouvernance-senior-project-officer-spo-at-julisha-cd-4436427256,Chargé Principal de Projet en Gouvernance (Senior Project Officer - SPO),,scraped,2026-07-08T20:50:20.873965,
45e50baa651c209b,https://cd.linkedin.com/jobs/view/risk-communication-and-community-engagement-rcce-coordinator-at-save-the-children-international-4437774026,Risk Communication and Community Engagement (RCCE) Coordinator,Save the Children International,posted,2026-07-08T20:50:38.247785,87
e4c4f6c46a589101,https://cd.linkedin.com/jobs/view/analyste-senior-cash-et-ana-pour-la-r%C3%A9publique-d%C3%A9mocratique-du-congo-bas%C3%A9-e-%C3%A0-kinshasa-link-for-internal-applicants-only-at-impact-initiatives-4437086753,"Analyste Senior - Cash et ANA pour la République Démocratique du Congo, basé.e à Kinshasa (Link For Internal Applicants Only)",IMPACT Initiatives,posted,2026-07-08T20:50:51.185542,89
72bb0ec1a42a2521,https://cd.linkedin.com/jobs/view/chef-d-%C3%A9quipe-pacs-rdc-at-julisha-cd-4436426304,Chef d'équipe - PACS - RDC,,scraped,2026-07-08T20:50:53.588845,
223c0f899c17e70a,https://cd.linkedin.com/jobs/view/fiscaliste-at-congo-advisory-business-consulting-4434861886,Fiscaliste,,scraped,2026-07-08T20:51:00.159923,
df0e566398caf441,https://cd.linkedin.com/jobs/view/it-operations-associate-at-wave-mobile-money-4426628407,IT Operations Associate,,scraped,2026-07-08T20:51:06.944529,
4ab67198a040144e,https://cd.linkedin.com/jobs/view/chef-de-d%C3%A9l%C3%A9gation-h-f-rdc-at-julisha-cd-4438199181,Chef de délégation - H/F - RDC,,scraped,2026-07-08T20:51:13.378776,
02f5f3735fe0844b,https://cd.linkedin.com/jobs/view/consultancy-for-diversity-equity-and-inclusion-dei-strategy-and-road-map-for-at-julisha-cd-4436423521,"Consultancy for Diversity, Equity, and Inclusion (DEI) Strategy and Road Map for...",,scraped,2026-07-08T20:51:20.063962,
8a3f0b8d1edac5f1,https://cd.linkedin.com/jobs/view/coordinateur-de-la-communication-et-mobilisation-communautaires-at-julisha-cd-4438182911,Coordinateur de la Communication et Mobilisation Communautaires,,scraped,2026-07-08T20:51:26.607103,
539235c2a3967946,https://cd.linkedin.com/jobs/view/sp%C3%A9cialiste-en-gestion-environnementale-at-julisha-cd-4438191479,Spécialiste en gestion environnementale,,scraped,2026-07-08T20:51:33.202604,
730078438b4b54eb,https://cd.linkedin.com/jobs/view/deputy-chief-of-party-operations-dcop-ops-usaid-drc-peacebuilding-and-biodive-at-julisha-cd-4438190544,"Deputy Chief of Party-Operations (DCOP-Ops), USAID/DRC Peacebuilding and Biodive...",,scraped,2026-07-08T20:51:39.839007,
f95bd26c8bba725c,https://cd.linkedin.com/jobs/view/deputy-chief-of-party-operations-dcop-ops-usaid-drc-peacebuilding-and-biodive-at-julisha-cd-4438189690,"Deputy Chief of Party-Operations (DCOP-Ops), USAID/DRC Peacebuilding and Biodive...",,scraped,2026-07-08T20:51:46.512137,
da5500e92515ff7b,https://cd.linkedin.com/jobs/view/regional-sales-manager-at-palo-alto-networks-4414019402,Regional Sales Manager,Palo Alto Networks,posted,2026-07-08T20:52:03.999250,91
d6c48ec07cb0455b,https://cd.linkedin.com/jobs/view/expert-junior-en-sensibilisation-et-%C3%A9ducation-environnementale-at-julisha-cd-4438187790,Expert junior en sensibilisation et éducation environnementale,,scraped,2026-07-08T20:52:06.413759,
4d34eebf7dd9e800,https://cd.linkedin.com/jobs/view/consultant-national-junior-nob-%E2%80%93-analyste-support-appui-op%C3%A9rationnel-at-international-civil-aviation-organization-4438153740,"Consultant National Junior (NOB) – ""Analyste Support / Appui Opérationnel""",International Civil Aviation Organization,posted,2026-07-08T20:52:22.737207,93
e5199a3f372b515b,https://cd.linkedin.com/jobs/view/bilingual-customer-support-specialist-french-english-100%25-remote-at-talentpop-app-4434883459,Bilingual Customer Support Specialist (French/English) - 100% Remote,TalentPop App,scraped,2026-07-08T20:52:26.779032,
a4c2779a12e32adb,https://cd.linkedin.com/jobs/view/national-technical-specialist-open-to-internal-and-external-applicants-at-international-civil-aviation-organization-4438164346,National Technical Specialist [Open to internal and external applicants],International Civil Aviation Organization,posted,2026-07-08T20:52:39.301609,95
7ecc05ee0031d56c,https://cd.linkedin.com/jobs/view/french-customer-support-specialist-bilingual-fr-en-non-voice-blended-remote-at-talentpop-app-4434880481,French Customer Support Specialist (Bilingual FR/EN | Non-Voice/Blended | Remote),TalentPop App,posted,2026-07-08T20:52:47.264858,97
ece23d361589dfc8,https://cd.linkedin.com/jobs/view/french-speaking-customer-support-specialist-at-talentpop-app-4434871701,French-Speaking Customer Support Specialist,TalentPop App,posted,2026-07-08T20:52:55.162927,99
b9e048b70f77478e,https://cd.linkedin.com/jobs/view/french-speaking-customer-support-specialist-at-talentpop-app-4434890307,French-Speaking Customer Support Specialist,TalentPop App,scraped,2026-07-08T20:52:59.338347,
a70e95505f81a64e,https://cd.linkedin.com/jobs/view/french-speaking-customer-support-specialist-at-talentpop-app-4434890274,French-Speaking Customer Support Specialist,TalentPop App,scraped,2026-07-08T20:53:03.543465,
9309cea1f2fc88c9,https://cd.linkedin.com/jobs/view/bilingual-customer-support-specialist-french-english-100%25-remote-at-talentpop-app-4434883314,Bilingual Customer Support Specialist (French/English) - 100% Remote,TalentPop App,scraped,2026-07-08T20:53:07.597935,
9a5df7fce1f04120,https://cd.linkedin.com/jobs/view/virtual-customer-support-agent-french-english-%E2%80%93-100%25-remote-at-talentpop-app-4434883546,Virtual Customer Support Agent (French/English) – 100% Remote,TalentPop App,posted,2026-07-08T20:53:15.287616,101
8573ba019dfea763,https://cd.linkedin.com/jobs/view/virtual-customer-support-agent-french-english-%E2%80%93-100%25-remote-at-talentpop-app-4434886516,Virtual Customer Support Agent (French/English) – 100% Remote,TalentPop App,scraped,2026-07-08T20:53:19.342108,
600fb2781beb6033,https://cd.linkedin.com/jobs/view/virtual-customer-support-agent-french-english-%E2%80%93-100%25-remote-at-talentpop-app-4434887328,Virtual Customer Support Agent (French/English) – 100% Remote,TalentPop App,scraped,2026-07-08T20:53:23.443809,
150185d3b1d64d49,https://cd.linkedin.com/jobs/view/virtual-customer-support-agent-french-english-%E2%80%93-100%25-remote-at-talentpop-app-4434892157,Virtual Customer Support Agent (French/English) – 100% Remote,TalentPop App,scraped,2026-07-08T20:53:27.502611,
af6d4a5d00af6a0d,https://cd.linkedin.com/jobs/view/virtual-customer-support-agent-french-english-%E2%80%93-100%25-remote-at-talentpop-app-4434893032,Virtual Customer Support Agent (French/English) – 100% Remote,TalentPop App,scraped,2026-07-08T20:53:31.741600,
992a17cad366ec19,https://cd.linkedin.com/jobs/view/ing%C3%A9nieur-stabilit%C3%A9-senior-at-sweco-4435205809,Ingénieur stabilité senior,,scraped,2026-07-08T20:53:34.187573,
4a3d5f97cb565652,https://cd.linkedin.com/jobs/view/senior-technical-manager-tailings-at-wsp-in-canada-4419142542,Senior Technical Manager - Tailings,WSP in Canada,posted,2026-07-08T20:53:50.479205,103
573669c618845815,https://cd.linkedin.com/jobs/view/executive-sous-chef-at-rotana-hotels-4434567428,Executive Sous Chef,Rotana Hotels,posted,2026-07-08T20:54:37.009131,105
8c42c790d920dd01,https://cd.linkedin.com/jobs/view/we-re-hiring-bartenders-for-our-michelin-small-lu%E2%80%A6-at-ebs-matchstaff-4437316493,WE'RE HIRING BARTENDERS FOR OUR MICHELIN SMALL LU…,,scraped,2026-07-09T10:41:19.523112,
0f3c4aaa880f1eb1,https://cd.linkedin.com/jobs/view/safeguarding-officer-at-save-the-children-colombia-oficial-4438590890,Safeguarding Officer,,scraped,2026-07-09T10:41:28.396596,
829a6ac8c1b2c26d,https://cd.linkedin.com/jobs/view/bartender-at-ebs-matchstaff-4437321363,BARTENDER,,scraped,2026-07-09T10:41:38.663689,
ca6a184410231073,https://cd.linkedin.com/jobs/view/growth-marketer-at-the-flex-4436765879,Growth Marketer,,scraped,2026-07-09T10:41:45.440649,
e09a6dd115a25805,https://cd.linkedin.com/jobs/view/supv-security-temple-at-the-church-of-jesus-christ-of-latter-day-saints-4435229050,"Supv,Security,Temple",The Church of Jesus Christ of Latter-day Saints,posted,2026-07-09T10:42:04.282020,107
b7aadded685fe907,https://cd.linkedin.com/jobs/view/hr-manager-drc-at-burn-4438234439,HR Manager - DRC,,scraped,2026-07-09T10:42:06.959471,
9a95d9aad66908ec,https://cd.linkedin.com/jobs/view/responsable-du-programme-de-suivi-et-d-%C3%A9valuation-at-julisha-cd-4436428279,Responsable du programme de suivi et d'évaluation,,scraped,2026-07-09T10:42:29.449914,
451f1682ed7215bc,https://cd.linkedin.com/jobs/view/plusieurs-postes-6-at-julisha-cd-4436419615,Plusieurs Postes (6),,scraped,2026-07-09T10:42:37.573958,
77549ccf5e0cd093,https://cd.linkedin.com/jobs/view/charg%C3%A9-de-gestion-et-suivi-du-portefeuille-at-julisha-cd-4438197246,Chargé de Gestion et Suivi du Portefeuille,,scraped,2026-07-09T10:42:54.136417,
78cdc8d6cf4c12a4,https://cd.linkedin.com/jobs/view/conseiller-%C3%A8re-politique-at-julisha-cd-4438203064,Conseiller.ère Politique,,scraped,2026-07-09T10:43:00.451734,
e85d4a3ee3b9f6a9,https://cd.linkedin.com/jobs/view/fiscaliste-at-congo-advisory-business-consulting-4417618781,Fiscaliste,,scraped,2026-07-09T10:43:09.646017,
ec7731e524f98c53,https://cd.linkedin.com/jobs/view/virtual-customer-support-agent-french-english-%E2%80%93-100%25-remote-at-talentpop-app-4434876721,Virtual Customer Support Agent (French/English) – 100% Remote,TalentPop App,posted,2026-07-09T10:43:19.121563,101
9ae03e87beab082c,https://cd.linkedin.com/jobs/view/accountant-ria-drc-at-ria-money-transfer-4433736734,Accountant RIA DRC,Ria Money Transfer,posted,2026-07-09T10:43:29.632108,109
6f0cb40d16782efd,https://cd.linkedin.com/jobs/view/assistant-commercial-marketing-h-f-at-afrik-interim-hrs-4435229402,Assistant Commercial & Marketing H/F,,scraped,2026-07-09T10:43:32.508151,
2b79dcdabfa9c27b,https://cd.linkedin.com/jobs/view/conseiller-%C3%A8re-saisonnier-%C3%A8re-at-la-vie-en-rose-4436489001,CONSEILLER.ÈRE SAISONNIER.ÈRE,,scraped,2026-07-09T10:43:43.420619,
67aa03ecc25000a0,https://cd.linkedin.com/jobs/view/senior-sales-manager-central-east-africa-telecom-operators-at-eutelsat-4433962254,Senior Sales Manager - Central & East Africa (Telecom Operators),,scraped,2026-07-09T10:43:50.324908,
7cb5a017eeb5b789,https://cd.linkedin.com/jobs/view/pedagogisch-professional-ut-trepke-voorst-empe-at-docentenmarktplaats-nl-4437338957,Pedagogisch Professional Ut Trepke Voorst/Empe,,scraped,2026-07-09T10:43:58.953613,
b702bc6a4b3825ac,https://cd.linkedin.com/jobs/view/coordinateur%C2%B7trice-financier-at-julisha-cd-4438191450,Coordinateur·trice Financier,,scraped,2026-07-09T10:44:09.234874,
e636514665626d81,https://cd.linkedin.com/jobs/view/coordinateur-de-la-r%C3%A9ponse-d-urgence-int10072-at-julisha-cd-4436425459,Coordinateur de la Réponse d'Urgence (INT10072),,scraped,2026-07-09T10:44:15.323569,
f6d7692fde4add65,https://cd.linkedin.com/jobs/view/country-director-drc-at-julisha-cd-4438204084,Country Director - DRC,,scraped,2026-07-09T10:44:21.588557,
3bf74c42f3aa125b,https://cd.linkedin.com/jobs/view/recruiter-at-julisha-cd-4438203117,Recruiter,,scraped,2026-07-09T10:44:28.074675,
654de7de752f2877,https://cd.linkedin.com/jobs/view/assistant-courrier-g4-at-julisha-cd-4436433182,"ASSISTANT COURRIER, G4",,scraped,2026-07-09T10:44:34.495049,
29b8294a439874f2,https://cd.linkedin.com/jobs/view/responsable-technique-de-programme-at-julisha-cd-4436419649,Responsable Technique de Programme,,scraped,2026-07-09T10:44:40.997810,
d5b87c4b3f37752b,https://cd.linkedin.com/jobs/view/head-of-support-international-at-julisha-cd-4438204051,Head of Support (International),,scraped,2026-07-09T10:44:46.983562,
af58b421257a6552,https://cd.linkedin.com/jobs/view/coordinateur-rice-urgence-h-f-at-julisha-cd-4438204056,Coordinateur.rice Urgence (H/F),,scraped,2026-07-09T10:44:53.065214,
7ec6826d0fe57aa7,https://cd.linkedin.com/jobs/view/directeur-des-op%C3%A9rations-at-julisha-cd-4436413890,Directeur des opérations,,scraped,2026-07-09T10:44:59.916434,
d625b3e42d9d0ecc,https://cd.linkedin.com/jobs/view/charg%C3%A9-de-communication-at-julisha-cd-4436422585,Chargé de communication,,scraped,2026-07-09T10:45:06.130822,
0f12cbc2b82ef093,https://cd.linkedin.com/jobs/view/senior-project-manager-infrastructure-at-unops-4434849418,Senior Project Manager (Infrastructure),,scraped,2026-07-09T10:45:13.048547,
b555bbcac97823eb,https://cd.linkedin.com/jobs/view/indirect-sales-manager-at-africell-rdc-4434867220,Indirect Sales Manager,,scraped,2026-07-09T10:45:20.521743,
3b0cfb5f0403653f,https://cd.linkedin.com/jobs/view/legal-advisor-cape-town-at-totalenergies-4308176224,Legal Advisor - Cape Town,,scraped,2026-07-09T10:45:30.016098,
3ba954bcf4d61599,https://cd.linkedin.com/jobs/view/senior-monitoring-evaluation-and-learning-officer-at-fhi-360-4437869605,"Senior Monitoring, Evaluation and Learning Officer",FHI 360,posted,2026-07-09T10:45:43.042457,111
0a14e17b69d107f0,https://cd.linkedin.com/jobs/view/vie-business-analyste-et-economiste-h-f-congo-at-totalenergies-4437829437,VIE - Business Analyste et Economiste (H/F) - Congo,,scraped,2026-07-09T10:45:45.862554,
0e88778ed9eb6e1d,https://cd.linkedin.com/jobs/view/senior-project-manager-transactional-at-unops-4434864147,Senior Project Manager (Transactional),,scraped,2026-07-09T10:45:52.357308,
b66cb6c2989f954c,https://cd.linkedin.com/jobs/view/senior-engineer-customer-application-engineering-at-ge-vernova-4438248494,Senior Engineer - Customer Application Engineering,GE Vernova,posted,2026-07-09T10:46:08.084363,113
8f2839d51657d747,https://cd.linkedin.com/jobs/view/senior-sales-manager-data-centers-power-stability-at-ge-vernova-4438242660,Senior Sales Manager Data Centers - Power Stability,GE Vernova,posted,2026-07-09T10:46:19.083212,115
0fa401c9ef525d73,https://cd.linkedin.com/jobs/view/secretaire-administrative-at-itm-tanzania-limited-4436860197,Secretaire administrative,,scraped,2026-07-09T10:46:23.694771,
006286436e5f1ee2,https://cd.linkedin.com/jobs/view/chef-de-projet-at-julisha-cd-4436416824,Chef de projet,,scraped,2026-07-09T10:46:29.623366,
2b1d715f5200b987,https://cd.linkedin.com/jobs/view/responsable-de-la-zone-sud-lubero-at-julisha-cd-4436416784,Responsable de la zone sud Lubero,,scraped,2026-07-09T10:46:35.926906,
a6f1590fcf548fbb,https://cd.linkedin.com/jobs/view/charg%C3%A9-des-op%C3%A9rations-at-julisha-cd-4438182929,Chargé des Opérations,,scraped,2026-07-09T10:46:42.393321,
740b7220ffb82ba1,https://cd.linkedin.com/jobs/view/environmental-social-and-governance-specialist-at-vodacom-4431929846,Environmental Social and Governance Specialist,,scraped,2026-07-09T10:46:48.670411,
db0c60e72061cdef,https://cd.linkedin.com/jobs/view/adjoint-e-aux-finances-sc6-tshikapa-dr-congo-at-julisha-cd-4438204042,Adjoint(e) aux Finances SC6 | Tshikapa | DR Congo,,scraped,2026-07-09T10:46:56.510825,
c88c868ab54ee2e6,https://cd.linkedin.com/jobs/view/coordinateur-trice-at-julisha-cd-4436428250,Coordinateur.trice,,scraped,2026-07-09T10:47:05.421768,
732c8dcf3f5d6e12,https://cd.linkedin.com/jobs/view/un-e-secr%C3%A9taire-caissier-caissi%C3%A8re-pour-bukavu-at-julisha-cd-4438188795,Un(e) Secrétaire /Caissier (Caissière) pour Bukavu,,scraped,2026-07-09T10:47:11.567862,
f635e3833d044912,https://cd.linkedin.com/jobs/view/recrutement-senior-assistant-conseil-2-postes-at-julisha-cd-4436419624,Recrutement Senior & Assistant Conseil (2 postes),,scraped,2026-07-09T10:47:19.835835,
f77e3de81fff98ef,https://cd.linkedin.com/jobs/view/charg%C3%A9-e-de-la-production-animale-piscicole-at-julisha-cd-4438182934,Chargé(e) de la production animale & piscicole,,scraped,2026-07-09T10:47:27.094101,
932e4538d180f02a,https://cd.linkedin.com/jobs/view/cdc-technical-assistance-platform-tap-drc-in-country-coordinator-icc-at-julisha-cd-4436421591,CDC/Technical Assistance Platform (TAP) DRC In-Country Coordinator (ICC),,scraped,2026-07-09T10:47:33.255719,
1fef49887d8f749a,https://cd.linkedin.com/jobs/view/un-e-r%C3%A9alisateur-trice-radio-at-julisha-cd-4436428317,Un(e) Réalisateur(trice) Radio,,scraped,2026-07-09T10:47:41.506663,
9b586aa9f3ebb5a2,https://cd.linkedin.com/jobs/view/professeurs-staff-acad-admin-et-techniques-at-julisha-cd-4436423529,"Professeurs & Staff Acad, Admin et Techniques",,scraped,2026-07-09T10:47:47.702895,
ac3ad32ff416f9ec,https://cd.linkedin.com/jobs/view/coordinateur-trice-des-programmes-rdc-at-julisha-cd-4438192416,Coordinateur/trice des Programmes - RDC,,scraped,2026-07-09T10:47:53.605294,
2bf205b0b39222cf,https://cd.linkedin.com/jobs/view/responsable-des-op%C3%A9rations-at-julisha-cd-4438190505,Responsable des opérations,,scraped,2026-07-09T10:48:00.255003,
1c4e20655e3676b7,https://cd.linkedin.com/jobs/view/charg%C3%A9-e-des-achats-et-de-la-logistique-at-julisha-cd-4438191508,Chargé(e) des achats et de la logistique,,scraped,2026-07-09T10:48:08.427238,
a8a7ab60d161a9d3,https://cd.linkedin.com/jobs/view/charg%C3%A9-e-de-logistique-pays-at-julisha-cd-4438188801,Chargé.e de Logistique Pays,,scraped,2026-07-09T10:48:14.805541,
d8dc526cd319396c,https://cd.linkedin.com/jobs/view/safety-advisor-at-julisha-cd-4438204048,Safety Advisor,,scraped,2026-07-09T10:48:21.052999,
a1eeb969bb324b02,https://cd.linkedin.com/jobs/view/coordinatrice-eur-des-finances-pays-at-julisha-cd-4438195390,Coordinatrice/eur des finances pays,,scraped,2026-07-09T10:48:27.432548,
184ec836a3fd9c9f,https://cd.linkedin.com/jobs/view/head-of-systems-and-operations-for-dr-congo-at-people-in-need-4433169270,Head of Systems and Operations for DR Congo,,scraped,2026-07-09T10:48:33.565551,
ccb9f3017245836e,https://cd.linkedin.com/jobs/view/finance-controller-evaluation-audit-at-julisha-cd-4436432205,Finance Controller - Evaluation & Audit,,scraped,2026-07-09T10:48:40.090434,
2058a4f495b94433,https://cd.linkedin.com/jobs/view/finance-controller-evaluation-audit-at-julisha-cd-4436433123,Finance Controller - Evaluation & Audit,,scraped,2026-07-09T10:48:46.196643,
777fc207413eb388,https://cd.linkedin.com/jobs/view/water-sanitation-project-manager-at-julisha-cd-4438187787,Water & Sanitation Project Manager,,scraped,2026-07-09T10:48:52.474012,
7cfc84d22b8c77cd,https://cd.linkedin.com/jobs/view/responsable-logistique-projet-beni-rdc-%E2%80%93-h-f-at-julisha-cd-4438198227,Responsable Logistique Projet BENI - RDC – H/F,,scraped,2026-07-09T10:48:58.752862,
d5bf6bbb2bdc7462,https://cd.linkedin.com/jobs/view/gestionnaire-financier-de-groupement-at-julisha-cd-4436430200,Gestionnaire Financier de Groupement,,scraped,2026-07-09T10:49:04.796020,
e73262a2310704e0,https://cd.linkedin.com/jobs/view/coordinateur-h-f-d-des-programmes-at-julisha-cd-4438200170,Coordinateur (h/f/d) des Programmes,,scraped,2026-07-09T10:49:10.961304,
730ce66c844532c2,https://cd.linkedin.com/jobs/view/b2b-wholesales-specialist-at-vodacom-4433101017,B2B Wholesales Specialist,,scraped,2026-07-09T10:49:17.628108,
2513c58da837a803,https://cd.linkedin.com/jobs/view/manager-des-finances-at-julisha-cd-4438196368,Manager des finances,,scraped,2026-07-09T10:49:24.022993,
c43c12e0038b76da,https://cd.linkedin.com/jobs/view/community-engagement-worker-at-reliefweb-4436469930,Community Engagement Worker,ReliefWeb,posted,2026-07-09T10:49:35.049019,37
e89fb7090920720b,https://cd.linkedin.com/jobs/view/nurse-ebola-experience-at-iqarus-4433950484,Nurse (Ebola Experience),,scraped,2026-07-09T10:49:37.440657,
0b9bfbb4003b6a24,https://cd.linkedin.com/jobs/view/sp%C3%A9cialiste-en-gestion-environnemental-pour-l%E2%80%99%C3%A9quipe-de-coordination-at-julisha-cd-4438186789,Spécialiste en Gestion Environnemental pour l’équipe de Coordination,,scraped,2026-07-09T10:49:45.409992,
4457261a0d20a0c3,https://cd.linkedin.com/jobs/view/chauffeur-m%C3%A9canique-at-julisha-cd-4436424474,Chauffeur Mécanique,,scraped,2026-07-09T10:49:51.919012,
2c7679fe77895bdc,https://cd.linkedin.com/jobs/view/gestionnaire-financier-de-groupement-at-julisha-cd-4438184878,Gestionnaire Financier de Groupement,,scraped,2026-07-09T10:49:57.909033,
fdf7962494664055,https://cd.linkedin.com/jobs/view/expert-e-en-suivi-evaluation-at-julisha-cd-4438187762,Expert(e) en Suivi-Evaluation,,scraped,2026-07-09T10:50:04.088624,
a9f6eb2d30d7804f,https://cd.linkedin.com/jobs/view/auditeurs-internes-at-julisha-cd-4438188787,Auditeurs Internes,,scraped,2026-07-09T10:50:12.418697,
67ab08ab9dab3090,https://cd.linkedin.com/jobs/view/coordinateur-trice-conformit%C3%A9-h-f-%E2%80%93-goma-at-julisha-cd-4438198232,Coordinateur.trice Conformité (H/F) – Goma,,scraped,2026-07-09T10:50:18.394268,
df61c00a00619f66,https://cd.linkedin.com/jobs/view/chauffeur-et-chauffeur-m%C3%A9canicien-at-julisha-cd-4438190491,Chauffeur et chauffeur-mécanicien,,scraped,2026-07-09T10:50:25.139214,
b923403d904582f8,https://cd.linkedin.com/jobs/view/auditeur-interne-at-julisha-cd-4438192385,Auditeur Interne,,scraped,2026-07-09T10:50:31.457496,
79b640599b76af90,https://cd.linkedin.com/jobs/view/coordinateur-du-projet-nutriscapes-at-julisha-cd-4436421608,Coordinateur du Projet Nutriscapes,,scraped,2026-07-09T10:50:37.680591,
19e585079c5c87bd,https://cd.linkedin.com/jobs/view/charg%C3%A9-de-programme-%E2%80%93-paludisme-et-maladies-tropicales-n%C3%A9glig%C3%A9es-at-julisha-cd-4436429245,Chargé de programme – Paludisme et maladies tropicales négligées,,scraped,2026-07-09T10:50:46.206803,
bcfeeeb3e89ca091,https://cd.linkedin.com/jobs/view/programm-accountant-at-julisha-cd-4438192429,PROGRAMM ACCOUNTANT,,scraped,2026-07-09T10:50:52.159611,
18b82de22cd33786,https://cd.linkedin.com/jobs/view/responsable-genre-et-inclusion-at-julisha-cd-4436421574,Responsable Genre et Inclusion,,scraped,2026-07-09T10:50:58.411371,
29a17e3a3f209e45,https://cd.linkedin.com/jobs/view/grant-accountant-national-office-at-julisha-cd-4436422587,Grant Accountant National Office,,scraped,2026-07-09T10:51:04.735624,
f63df65e5d1b7b8f,https://cd.linkedin.com/jobs/view/coordonnateur-qualit%C3%A9-et-d%C3%A9veloppement-des-programmes-rdc-at-julisha-cd-4436435065,Coordonnateur Qualité et Développement des Programmes - RDC,,scraped,2026-07-09T10:51:10.791374,
ccf410eb9ff412c3,https://cd.linkedin.com/jobs/view/charg%C3%A9-de-biomonitoring-et-sig-at-julisha-cd-4438200167,Chargé de biomonitoring et SIG,,scraped,2026-07-09T10:51:16.925815,
1d8e86104367340c,https://cd.linkedin.com/jobs/view/field-coordinator-at-julisha-cd-4438187742,Field Coordinator,,scraped,2026-07-09T10:51:23.345900,
968dc3d091798f20,https://cd.linkedin.com/jobs/view/cluster-coordination-officer-cccm-at-julisha-cd-4438190534,Cluster Coordination Officer (CCCM),,scraped,2026-07-09T10:51:29.302660,
02c50a198c083bc6,https://cd.linkedin.com/jobs/view/senior-programme-manager-f-m-d-at-julisha-cd-4436429228,Senior Programme Manager (f/m/d),,scraped,2026-07-09T10:51:35.358462,
1ea5cb938acebf3e,https://cd.linkedin.com/jobs/view/conseiller-e-en-int%C3%A9grit%C3%A9-at-julisha-cd-4436426335,Conseiller(e) en intégrité,,scraped,2026-07-09T10:51:41.560936,
27e4be92689dd99b,https://cd.linkedin.com/jobs/view/conseiller-pour-l-%C3%A9tude-sur-la-r%C3%A9mun%C3%A9ration-et-les-avantages-sociaux-pour-la-r%C3%A9p-at-julisha-cd-4436417824,Conseiller pour l'Étude sur la rémunération et les avantages sociaux pour la Rép...,,scraped,2026-07-09T10:51:47.836523,
1685993e53d74bbd,https://cd.linkedin.com/jobs/view/manager-sant%C3%A9-et-s%C3%A9curit%C3%A9-dans-la-mine-at-kamoto-copper-company-s-a-4434518412,Manager santé et sécurité dans la mine,,scraped,2026-07-09T10:51:53.844087,
34ceb191002cad1d,https://cd.linkedin.com/jobs/view/meal-officer-ipc-wash-at-reliefweb-4436490047,"MEAL Officer, IPC & WASH",ReliefWeb,posted,2026-07-09T10:52:07.053594,117
f95a2a84a4287736,https://cd.linkedin.com/jobs/view/key-account-representative-at-africell-rdc-4434530724,Key Account Representative,,scraped,2026-07-09T10:52:09.511852,
f8d6ce23754b9519,https://cd.linkedin.com/jobs/view/sp%C3%A9cialiste-en-suivi-%C3%A9valuation-apprentissage-et-gestion-des-syst%C3%A8mes-d-inform-at-julisha-cd-4436420531,"Spécialiste en Suivi, Évaluation, Apprentissage et Gestion des Systèmes d'Inform...",,scraped,2026-07-09T10:52:18.359953,
77d27ca60db16e86,https://cd.linkedin.com/jobs/view/epidemiologiste-f-h-at-julisha-cd-4438201148,Epidemiologiste (F/H),,scraped,2026-07-09T10:52:24.612667,
82e984bb56862f9e,https://cd.linkedin.com/jobs/view/d%C3%A9ployer-les-plans-de-gestion-conjoints-les-protocoles-et-les-cadres-pour-la-co-at-julisha-cd-4436426265,"Déployer les plans de gestion conjoints, les protocoles et les cadres pour la co...",,scraped,2026-07-09T10:52:31.004878,
d5feb9f42edd5ecb,https://cd.linkedin.com/jobs/view/coordinateur-rice-terrain-at-julisha-cd-4438179958,Coordinateur.rice Terrain,,scraped,2026-07-09T10:52:37.224045,
c2a5ded55ac648c0,https://cd.linkedin.com/jobs/view/charg%C3%A9-e-national-%C3%A0-la-communication-communaut%C3%A9-femmes-et-les-filles-ssa8-ben-at-julisha-cd-4436429269,Chargé.e national à la communication (Communauté/ femmes et les filles) SSA8 Ben...,,scraped,2026-07-09T10:52:43.563412,
8b0a12c5cfe4875a,https://cd.linkedin.com/jobs/view/deux-officier-i%C3%A8re-communication-des-risques-et-engagement-communautaire-crec-at-julisha-cd-4438190382,Deux Officier(ière) Communication des Risques et Engagement Communautaire (CREC),,scraped,2026-07-09T10:52:49.632895,
eb1fb85cfdd28776,https://cd.linkedin.com/jobs/view/responsable-sera-h-f-at-julisha-cd-4438196307,Responsable SERA (H/f),,scraped,2026-07-09T10:52:56.032414,
bd889752100abd3f,https://cd.linkedin.com/jobs/view/charg%C3%A9-e-des-m%C3%A9tiers-radiophoniques-at-julisha-cd-4436418783,CHARGÉ.E DES MÉTIERS RADIOPHONIQUES,,scraped,2026-07-09T10:53:02.526673,
ab05afdfe857986c,https://cd.linkedin.com/jobs/view/responsable-communications-et-collaboration-apprentissage-et-adaptation-pour-l-at-julisha-cd-4438183944,"Responsable Communications, et Collaboration, Apprentissage et Adaptation pour l...",,scraped,2026-07-09T10:53:09.019660,
b6de93dba3d59142,https://cd.linkedin.com/jobs/view/security-and-safety-coordinator-%E2%80%93-nationals-only-at-julisha-cd-4436429258,Security and Safety Coordinator – Nationals Only,,scraped,2026-07-09T10:53:15.216602,
d9e728db4c36418d,https://cd.linkedin.com/jobs/view/directeur-trice-humanitaire-at-julisha-cd-4438194335,Directeur/trice humanitaire,,scraped,2026-07-09T10:53:21.669737,
61f350cd0ff21f2b,https://cd.linkedin.com/jobs/view/directeur-de-l-apprentissage-et-de-l-analyse-de-sta-at-julisha-cd-4436428340,Directeur de l'apprentissage et de l'analyse de STA,,scraped,2026-07-09T10:53:27.829492,
6788acfb84d8b2ba,https://cd.linkedin.com/jobs/view/regional-political-economy-analysis-of-the-forest-sector-in-central-africa-at-julisha-cd-4436415930,Regional Political Economy Analysis of the Forest Sector in Central Africa,,scraped,2026-07-09T10:53:34.610672,
a365f84673fb4325,https://cd.linkedin.com/jobs/view/shr-emergency-communications-specialist-at-julisha-cd-4438192396,SHR Emergency communications specialist,,scraped,2026-07-09T10:53:40.701058,
b4a015141f0fa393,https://cd.linkedin.com/jobs/view/charg%C3%A9e-de-genre-francophone-en-rdc-at-julisha-cd-4436435102,Chargée de Genre Francophone en RDC,,scraped,2026-07-09T10:53:46.953626,
809620c8f6133e16,https://cd.linkedin.com/jobs/view/responsable-terrain-de-la-protection-en-rdc-at-julisha-cd-4436421607,Responsable terrain de la protection en RDC,,scraped,2026-07-09T10:53:53.140794,
37767d2da9fa08ef,https://cd.linkedin.com/jobs/view/emergency-director-at-julisha-cd-4438201109,Emergency Director,,scraped,2026-07-09T10:53:59.061041,
d440901cc1f41c7b,https://cd.linkedin.com/jobs/view/consortium-manager-projet-%C3%A9ducation-at-julisha-cd-4436411990,Consortium Manager (Projet Éducation),,scraped,2026-07-09T10:54:05.589065,
86b51011fb11edf5,https://cd.linkedin.com/jobs/view/chief-of-party-drc-sanitation-activity-at-julisha-cd-4438200122,"Chief of Party, DRC Sanitation Activity",,scraped,2026-07-09T10:54:11.603777,
47f9a518d7c7c187,https://cd.linkedin.com/jobs/view/conseiller-national-en-mati%C3%A8re-de-s%C3%BBret%C3%A9-et-de-s%C3%A9curit%C3%A9-int10163-at-julisha-cd-4436411995,Conseiller national en matière de sûreté et de sécurité (INT10163),,scraped,2026-07-09T10:54:19.546520,
52589f772e4a8586,https://cd.linkedin.com/jobs/view/conseiller-e-technique-mobilisation-des-recettes-du-secteur-minier-at-julisha-cd-4436423526,Conseiller(e) Technique Mobilisation des recettes du secteur minier,,scraped,2026-07-09T10:54:26.768478,
f223726783a96659,https://cd.linkedin.com/jobs/view/full-time-fundraising-consultancy-bi-and-car-at-julisha-cd-4438204034,"Full time Fundraising Consultancy, BI and CAR",,scraped,2026-07-09T10:54:34.862114,
315589bb0a0bffa6,https://cd.linkedin.com/jobs/view/senior-humanitarian-affairs-officer-deputy-head-of-office-p5-temporary-job-o-at-julisha-cd-4438188799,"SENIOR HUMANITARIAN AFFAIRS OFFICER / DEPUTY HEAD OF OFFICE, P5 (Temporary Job O...",,scraped,2026-07-09T10:54:41.094863,
2674a82ca39c2013,https://cd.linkedin.com/jobs/view/telco-cyber-security-specialist-at-vodacom-4432786656,Telco Cyber Security Specialist,,scraped,2026-07-09T10:54:49.181088,
403a55b2d79402e9,https://cd.linkedin.com/jobs/view/consultant-international-p2-%E2%80%93-expert-en-int%C3%A9gration-technique-et-coordination-locale-at-international-civil-aviation-organization-4438167083,"Consultant International (P2) – ""Expert en Intégration Technique et Coordination Locale",,scraped,2026-07-09T10:54:59.831658,
5840bd28d258ceaf,https://cd.linkedin.com/jobs/view/sp%C3%A9cialiste-principal-en-mobilisation-des-ressources-internes-at-julisha-cd-4438198234,Spécialiste Principal en Mobilisation des Ressources Internes,,scraped,2026-07-09T10:55:06.614248,
6fdfff4067f4eef3,https://cd.linkedin.com/jobs/view/manager-meal-monitoring-evaluation-accountability-and-learning-at-julisha-cd-4438185848,"Manager MEAL (Monitoring, Evaluation, Accountability and Learning)",,scraped,2026-07-09T10:55:12.789670,
2bc3d9ade9c59c1f,https://cd.linkedin.com/jobs/view/coordinateur%C2%B7trice-terrain-at-julisha-cd-4436431218,Coordinateur·trice Terrain,,scraped,2026-07-09T10:55:18.847499,
1078de1422fd4cb0,https://cd.linkedin.com/jobs/view/associate-field-translator-nob-at-julisha-cd-4438194352,"ASSOCIATE FIELD TRANSLATOR, NOB",,scraped,2026-07-09T10:55:27.100137,
5940021c68de6d59,https://cd.linkedin.com/jobs/view/responsable-terrain-de-la-protection-en-rdc-at-julisha-cd-4438194340,Responsable terrain de la protection en RDC,,scraped,2026-07-09T10:55:33.322529,
4dc6ef22c6b9da23,https://cd.linkedin.com/jobs/view/chef-du-d%C3%A9partement-procurement-%E2%80%93-experience-internationale-at-julisha-cd-4438202086,Chef du Département Procurement – Experience internationale,,scraped,2026-07-09T10:55:39.341155,
a16747698601c1be,https://cd.linkedin.com/jobs/view/experts-techniques-at-julisha-cd-4436428252,Experts Techniques,,scraped,2026-07-09T10:55:49.470356,
79fd43b635ee8ae2,https://cd.linkedin.com/jobs/view/chef-d-%C3%A9quipe-adjoint-pacs-rdc-at-julisha-cd-4436424444,Chef d'équipe adjoint - PACS - RDC,,scraped,2026-07-09T10:55:55.534324,
e152f107266d137a,https://cd.linkedin.com/jobs/view/expert-e-audit-institutionnel-genre-inclusion-sociale-at-julisha-cd-4438184872,Expert (e) Audit institutionnel Genre & Inclusion sociale,,scraped,2026-07-09T10:56:05.982651,
3ee9ecdddb2f5109,https://cd.linkedin.com/jobs/view/responsable-de-la-production-at-virunga-foundation-4436533421,Responsable de la production,,scraped,2026-07-09T10:56:14.152155,
62138e12690c12b7,https://cd.linkedin.com/jobs/view/psychologist-f-m-x-for-trauma-healing-in-conflict-transformation-at-community-at-julisha-cd-4438194355,Psychologist (f/m/x) for trauma healing in conflict transformation at community...,,scraped,2026-07-09T10:56:24.370034,
dc7094ac30cb8727,https://cd.linkedin.com/jobs/view/francophone-customer-support-representative-%E2%80%93-remote-at-talentpop-app-4434884344,Francophone Customer Support Representative – Remote,TalentPop App,posted,2026-07-09T10:56:36.602811,119
5e586cf1fd1b3442,https://cd.linkedin.com/jobs/view/francophone-customer-support-representative-%E2%80%93-remote-at-talentpop-app-4434872660,Francophone Customer Support Representative – Remote,TalentPop App,scraped,2026-07-09T10:56:40.674241,
e1a06fef530b4291,https://cd.linkedin.com/jobs/view/francophone-customer-support-representative-%E2%80%93-remote-at-talentpop-app-4434874623,Francophone Customer Support Representative – Remote,TalentPop App,scraped,2026-07-09T10:56:44.784758,
2f4a70f09e3efad2,https://cd.linkedin.com/jobs/view/francophone-customer-support-representative-%E2%80%93-remote-at-talentpop-app-4434874599,Francophone Customer Support Representative – Remote,TalentPop App,scraped,2026-07-09T10:56:48.847338,
aebc82f135c9c79f,https://cd.linkedin.com/jobs/view/sp%C3%A9cialiste-de-genre-egalit%C3%A9-et-inclusion-sociale-gesi-at-julisha-cd-4438203096,"Spécialiste de Genre, Egalité et Inclusion Sociale (GESI)",,scraped,2026-07-09T10:56:51.445054,
8b9c5af3ed49ccb9,https://cd.linkedin.com/jobs/view/senior-commercial-funding-officer-at-julisha-cd-4438191485,Senior Commercial Funding Officer,,scraped,2026-07-09T10:56:57.952117,
4f8e3251b3034b65,https://cd.linkedin.com/jobs/view/work-from-home-customer-support-%E2%80%93-french-speaking-at-talentpop-app-4434877630,Work-from-Home Customer Support – French Speaking,TalentPop App,posted,2026-07-09T10:57:06.711376,59
e80c9df7bca30b2b,https://cd.linkedin.com/jobs/view/work-from-home-customer-support-%E2%80%93-french-speaking-at-talentpop-app-4434877628,Work-from-Home Customer Support – French Speaking,TalentPop App,scraped,2026-07-09T10:57:10.842356,
93571c2890cd5391,https://cd.linkedin.com/jobs/view/work-from-home-customer-support-%E2%80%93-french-speaking-at-talentpop-app-4434879541,Work-from-Home Customer Support – French Speaking,TalentPop App,scraped,2026-07-09T10:57:15.150646,
ee67d16d6977acc1,https://cd.linkedin.com/jobs/view/responsable-technique-de-terrain-pour-l-action-contre-les-mines-at-julisha-cd-4436429206,Responsable technique de terrain pour l'action contre les mines,,scraped,2026-07-09T10:57:19.619673,
7759acd43543fc84,https://cd.linkedin.com/jobs/view/expert-on-large-scale-simulation-exercises-simex-at-julisha-cd-4438188782,Expert on Large-scale simulation exercises (SIMEX),,scraped,2026-07-09T10:57:25.746427,
7d71a2235d041ce0,https://cd.linkedin.com/jobs/view/rdc-directeur-trice-pays-h-f-goma-at-julisha-cd-4436418787,RDC - Directeur.trice Pays (H/F) - Goma,,scraped,2026-07-09T10:57:31.887740,
9920ef5db6df87df,https://cd.linkedin.com/jobs/view/expert-en-mobilisation-des-fonds-fundraising-at-julisha-cd-4438190532,Expert en mobilisation des fonds/Fundraising,,scraped,2026-07-09T10:57:40.063573,
def381ce5c5c928f,https://cd.linkedin.com/jobs/view/deputy-chief-of-party-at-julisha-cd-4438183926,Deputy Chief of Party,,scraped,2026-07-09T10:57:50.698466,
b2648c7dd7b59c7d,https://cd.linkedin.com/jobs/view/virtual-customer-support-agent-french-english-%E2%80%93-100%25-remote-at-talentpop-app-4434875585,Virtual Customer Support Agent (French/English) – 100% Remote,TalentPop App,scraped,2026-07-09T10:58:07.559192,
45e20c2db4c5e8be,https://cd.linkedin.com/jobs/view/virtual-customer-support-agent-french-english-%E2%80%93-100%25-remote-at-talentpop-app-4434890283,Virtual Customer Support Agent (French/English) – 100% Remote,TalentPop App,scraped,2026-07-09T10:58:11.629891,
fd4a751e9bda0eac,https://cd.linkedin.com/jobs/view/sp%C3%A9cialiste-bilingue-fran%C3%A7ais-anglais-du-support-client-%E2%80%94-voix-et-chat-at-talentpop-app-4434878581,Spécialiste Bilingue (Français/Anglais) du Support Client — Voix et Chat,TalentPop App,posted,2026-07-09T10:58:24.671748,121
5b4a757fc0131a69,https://cd.linkedin.com/jobs/view/coordinateur-ice-terrain-h-f-at-julisha-cd-4438197275,Coordinateur.ice Terrain (H/F),,scraped,2026-07-09T10:58:27.096114,
f352d2c417671dc1,https://cd.linkedin.com/jobs/view/french-speaking-customer-support-specialist-at-talentpop-app-4434887513,French-Speaking Customer Support Specialist,TalentPop App,posted,2026-07-09T10:58:35.564601,99
daf28081ac40a59f,https://cd.linkedin.com/jobs/view/institutional-capacity-building-specialist-sp%C3%A9cialiste-en-renforcement-des-capa-at-julisha-cd-4438192417,Institutional Capacity Building Specialist (Spécialiste en renforcement des capa...,,scraped,2026-07-09T10:58:40.238663,
040c6cc662b195e1,https://cd.linkedin.com/jobs/view/spec-billing-integrity-performance-at-vodacom-4431938721,Spec Billing Integrity & Performance,,scraped,2026-07-09T10:58:46.821665,
1dff7f182bd41fae,https://cd.linkedin.com/jobs/view/mtc-manager-at-the-church-of-jesus-christ-of-latter-day-saints-4435222429,MTC Manager,The Church of Jesus Christ of Latter-day Saints,posted,2026-07-09T10:59:05.543911,123
64992770efd7441b,https://cd.linkedin.com/jobs/view/cvm-specialist-high-value-at-vodacom-4430600722,CVM Specialist: High Value,,scraped,2026-07-09T10:59:08.155850,
2216c316170d5622,https://cd.linkedin.com/jobs/view/delegue-commercial-at-itm-tanzania-limited-4436861160,Delegue commercial,,scraped,2026-07-09T18:43:38.824656,
9a56b0aa1955677b,https://cd.linkedin.com/jobs/view/plusieurs-postes-2-at-julisha-cd-4436427259,Plusieurs Postes (2),,scraped,2026-07-09T18:43:47.624763,
6126983019d78130,https://cd.linkedin.com/jobs/view/plusieurs-postes-3-at-julisha-cd-4436429233,Plusieurs postes (3),,scraped,2026-07-09T18:43:53.961212,
1720a83499269596,https://cd.linkedin.com/jobs/view/plusieurs-postes-9-at-julisha-cd-4436426280,Plusieurs postes (9),,scraped,2026-07-09T18:44:00.493262,
b87b60421022458a,https://cd.linkedin.com/jobs/view/career-in-luke-at-tulanet-4436926005,Career in Luke,,scraped,2026-07-09T18:44:06.445957,
0ddfdb344c5fbea2,https://cd.linkedin.com/jobs/view/plusieurs-postes-3-at-julisha-cd-4436434027,Plusieurs postes (3),,scraped,2026-07-09T18:44:13.541043,
9fa629520f8ca085,https://cd.linkedin.com/jobs/view/plusieurs-postes-2-at-julisha-cd-4436433152,Plusieurs postes (2),,scraped,2026-07-09T18:44:19.802376,
0d300c336ff21641,https://cd.linkedin.com/jobs/view/plusieurs-postes-4-at-julisha-cd-4436423471,Plusieurs postes (4),,scraped,2026-07-09T18:44:26.232884,
c1e6206a5b94be2e,https://cd.linkedin.com/jobs/view/infectious-disease-surveillance-advisor-epidemic-preparedness-and-response-global-health-programs-at-path-4437168633,"Infectious Disease Surveillance Advisor, Epidemic Preparedness and Response, Global Health Programs",PATH,posted,2026-07-09T18:44:55.722660,125
9064f1d9fc4990ab,https://cd.linkedin.com/jobs/view/financial-accountant-at-sandvik-4433166871,Financial Accountant,,scraped,2026-07-09T18:44:58.445304,
6609d6af5eb94ef7,https://cd.linkedin.com/jobs/view/sales-manager-wholesale-food-distribution-drc-at-gtmb-international-fze-4435679530,Sales Manager (Wholesale Food Distribution (DRC)),,scraped,2026-07-09T18:45:06.211899,
0d6cb43a623ea2fe,https://cd.linkedin.com/jobs/view/regulatory-specialist-at-vodacom-4433184793,Regulatory Specialist,,scraped,2026-07-09T18:45:19.032466,
ae53dc06508b314d,https://cd.linkedin.com/jobs/view/responsable-d%E2%80%99exploitation-at-virunga-energies-4436081349,Responsable d’exploitation,,scraped,2026-07-09T18:45:28.704476,
9d17129767a29bac,https://cd.linkedin.com/jobs/view/card-sales-representative-kzn-at-totalenergies-4417337493,Card Sales Representative - KZN,,scraped,2026-07-09T18:45:36.924093,
35a0d4c329361e51,https://cd.linkedin.com/jobs/view/business-development-center-manager-at-ja-solar-4435409723,Business Development Center Manager,JA Solar,posted,2026-07-09T18:46:07.835478,127
7960232e33b8de24,https://cd.linkedin.com/jobs/view/responsable-du-d%C3%A9veloppement-agricole-at-virunga-foundation-4436090125,Responsable du développement agricole,,scraped,2026-07-09T18:46:10.224873,
989296c678799157,https://cd.linkedin.com/jobs/view/national-technical-specialist-open-to-internal-and-external-applicants-at-undp-careers-4436193579,National Technical Specialist [Open to internal and external applicants],UNDP Careers,posted,2026-07-09T18:46:26.595345,95
eaaf684e700e0853,https://cd.linkedin.com/jobs/view/marketing-director-drc-at-visa-4425481525,Marketing Director - DRC,Visa,posted,2026-07-09T18:46:43.872578,129
1004231c0c4c121c,https://cd.linkedin.com/jobs/view/physician-ebola-experience-at-iqarus-4433935800,Physician (Ebola Experience),,scraped,2026-07-09T18:46:48.274721,
ea311ecadb700960,https://cd.linkedin.com/jobs/view/digital-media-specialist-at-vodacom-4430683777,Digital Media Specialist,,scraped,2026-07-09T18:46:56.450765,
095354f7641de83e,https://cd.linkedin.com/jobs/view/assistant-e-a-la-gestion-des-installations-gl-4-at-julisha-cd-4438182922,"ASSISTANT(E) A LA GESTION DES INSTALLATIONS, GL-4",,scraped,2026-07-09T18:47:02.621092,
3cafd3c5c2ebd2a3,https://cd.linkedin.com/jobs/view/country-financial-controller-at-julisha-cd-4438196345,Country Financial Controller,,scraped,2026-07-09T18:47:09.040040,
6e7f7d15aeb668ac,https://cd.linkedin.com/jobs/view/procurement-and-logistics-officer-at-fhi-360-4438641874,Procurement and Logistics Officer,FHI 360,posted,2026-07-09T18:47:30.068854,131
6d1b859968676b08,https://cd.linkedin.com/jobs/view/gestionnaire-de-la-logistique-at-julisha-cd-4436427229,Gestionnaire de la logistique,,scraped,2026-07-09T18:47:32.383967,
69da06dd6bd7b3f9,https://cd.linkedin.com/jobs/view/comptable-at-julisha-cd-4438191505,Comptable,,scraped,2026-07-09T18:47:38.712248,
ef7ab8f6e53d59c1,https://cd.linkedin.com/jobs/view/logistic-inventory-specialist-at-julisha-cd-4438185844,Logistic / Inventory Specialist,,scraped,2026-07-09T18:47:45.277603,
3de7adf25bd918ad,https://cd.linkedin.com/jobs/view/assistante-finance-at-julisha-cd-4438195217,Assistante Finance,,scraped,2026-07-09T18:47:53.041865,
694e1ee6ef2df549,https://cd.linkedin.com/jobs/view/chauffeur-at-julisha-cd-4438188806,Chauffeur,,scraped,2026-07-09T18:47:59.087729,
75a3501d57d80030,https://cd.linkedin.com/jobs/view/safe-and-dignified-burial-officer-at-fhi-360-4438644818,Safe and Dignified Burial Officer,FHI 360,posted,2026-07-09T18:48:13.240266,133
cd4bc435d3a4c5b4,https://cd.linkedin.com/jobs/view/monitoring-and-evaluation-officer-at-fhi-360-4438660068,Monitoring and Evaluation Officer,FHI 360,posted,2026-07-09T18:48:34.117772,135
8779f361a4df5f61,https://cd.linkedin.com/jobs/view/logistics-assistant-at-fhi-360-4438656250,Logistics Assistant,FHI 360,posted,2026-07-09T18:48:45.873510,137
a2d11ab6271ad223,https://cd.linkedin.com/jobs/view/finance-associate-at-fhi-360-4438648678,Finance Associate,FHI 360,posted,2026-07-09T18:48:54.833839,57
ad677165d02a43e7,https://cd.linkedin.com/jobs/view/mining-health-safety-manager-at-glencore-4436233697,Mining Health & Safety Manager,,scraped,2026-07-09T18:48:57.394936,
aa1ce4f9cd8d7901,https://cd.linkedin.com/jobs/view/afrique-centrale-administrateur-r%C3%A9gional-at-julisha-cd-4438199207,Afrique Centrale - Administrateur Régional,,scraped,2026-07-09T18:49:07.986424,
eee6078d85c3fb47,https://cd.linkedin.com/jobs/view/responsable-des-financements-et-du-reporting-h-f-at-julisha-cd-4436432048,Responsable des Financements et du reporting (H/F),,scraped,2026-07-09T18:49:16.391673,
14725a35fb0a7c21,https://cd.linkedin.com/jobs/view/head-of-program-operations-at-julisha-cd-4436424459,Head of Program Operations,,scraped,2026-07-09T18:49:22.528413,
695561b284044e09,https://cd.linkedin.com/jobs/view/operations-manager-at-julisha-cd-4436416914,Operations Manager,,scraped,2026-07-09T18:49:28.847191,
c2a84604c82aacda,https://cd.linkedin.com/jobs/view/adjoint-au-coordinateur-financier-f-h-rdc-at-julisha-cd-4436416843,Adjoint au coordinateur financier (F/H) - RDC,,scraped,2026-07-09T18:49:35.305325,
9ccd3d306e80411e,https://cd.linkedin.com/jobs/view/logisticien-kal%C3%A9mie-f-h-at-julisha-cd-4438194329,Logisticien Kalémie (F/H),,scraped,2026-07-09T18:49:41.313553,
fb000567172e430c,https://cd.linkedin.com/jobs/view/consultant-contr%C3%B4leur-financier-at-julisha-cd-4438182974,Consultant Contrôleur Financier,,scraped,2026-07-09T18:49:50.537273,
484bfab569a40fe4,https://cd.linkedin.com/jobs/view/work-from-home-customer-support-%E2%80%93-french-speaking-at-talentpop-app-4434879416,Work-from-Home Customer Support – French Speaking,TalentPop App,posted,2026-07-09T18:50:04.446422,59
9d271a47172a2345,https://cd.linkedin.com/jobs/view/work-from-home-customer-support-%E2%80%93-french-speaking-at-talentpop-app-4434876608,Work-from-Home Customer Support – French Speaking,TalentPop App,scraped,2026-07-09T18:50:08.577840,
bf34bc265c596d1c,https://cd.linkedin.com/jobs/view/work-from-home-customer-support-%E2%80%93-french-speaking-at-talentpop-app-4434878510,Work-from-Home Customer Support – French Speaking,TalentPop App,scraped,2026-07-09T18:50:14.672702,
575a6263ad01651b,https://cd.linkedin.com/jobs/view/french-english-customer-support-associate-at-talentpop-app-4434877534,French-English Customer Support Associate,TalentPop App,posted,2026-07-09T18:50:35.381416,139
ce5730cacc7d6871,https://cd.linkedin.com/jobs/view/french-english-customer-support-associate-at-talentpop-app-4434870898,French-English Customer Support Associate,TalentPop App,scraped,2026-07-09T18:50:39.402374,
1380ad1ef4962cf2,https://cd.linkedin.com/jobs/view/sp%C3%A9cialiste-bilingue-fran%C3%A7ais-anglais-du-support-client-%E2%80%94-voix-et-chat-at-talentpop-app-4434876697,Spécialiste Bilingue (Français/Anglais) du Support Client — Voix et Chat,TalentPop App,posted,2026-07-09T18:50:52.401853,141
e57ff9aa31337c24,https://cd.linkedin.com/jobs/view/sp%C3%A9cialiste-bilingue-fran%C3%A7ais-anglais-du-support-client-%E2%80%94-voix-et-chat-at-talentpop-app-4434887383,Spécialiste Bilingue (Français/Anglais) du Support Client — Voix et Chat,TalentPop App,scraped,2026-07-09T18:50:58.667309,
45ec22d1917624f2,https://cd.linkedin.com/jobs/view/sp%C3%A9cialiste-bilingue-fran%C3%A7ais-anglais-du-support-client-%E2%80%94-voix-et-chat-at-talentpop-app-4434880514,Spécialiste Bilingue (Français/Anglais) du Support Client — Voix et Chat,TalentPop App,scraped,2026-07-09T18:51:02.788004,
851f8d89bdd9c908,https://cd.linkedin.com/jobs/view/remote-french-bilingual-customer-support-representative-at-talentpop-app-4434891151,Remote French Bilingual Customer Support Representative,TalentPop App,posted,2026-07-09T18:51:13.389859,143
11a5893009c16bc2,https://cd.linkedin.com/jobs/view/remote-french-bilingual-customer-support-representative-at-talentpop-app-4434880419,Remote French Bilingual Customer Support Representative,TalentPop App,scraped,2026-07-09T18:51:17.448084,
4ed0478189b10260,https://cd.linkedin.com/jobs/view/remote-french-bilingual-customer-support-representative-at-talentpop-app-4434879586,Remote French Bilingual Customer Support Representative,TalentPop App,scraped,2026-07-09T18:51:21.511869,
e12bef92085d7a4b,https://cd.linkedin.com/jobs/view/remote-french-bilingual-customer-support-representative-at-talentpop-app-4434873754,Remote French Bilingual Customer Support Representative,TalentPop App,scraped,2026-07-09T18:51:25.630204,
462bd44da20dcb7c,https://cd.linkedin.com/jobs/view/senior-wetland-ecologist-at-wsp-in-canada-4260173683,Senior Wetland Ecologist,WSP in Canada,posted,2026-07-09T18:51:42.017212,145
decd278887c9ca3c,https://cd.linkedin.com/jobs/view/conseiller-e-technique-gouvernance-mini%C3%A8re-at-julisha-cd-4436414990,Conseiller(e) Technique Gouvernance Minière,,scraped,2026-07-09T18:52:02.761253,
06fd31ee9ab92161,https://cd.linkedin.com/jobs/view/agent-de-projet-at-julisha-cd-4436435067,Agent de projet,,scraped,2026-07-09T18:52:09.810424,
1fe2936d060f657e,https://cd.linkedin.com/jobs/view/conseiller-e-technique-en-nutrition-at-julisha-cd-4436422559,Conseiller(e) technique en nutrition,,scraped,2026-07-09T18:52:16.090817,
bbb32e23b0f87112,https://cd.linkedin.com/jobs/view/supv-security-temple-at-a-igreja-de-jesus-cristo-dos-santos-dos-%C3%BAltimos-dias-4436463592,"Supv,Security,Temple",,scraped,2026-07-09T18:52:23.670213,
87a9fe498e44d040,https://cd.linkedin.com/jobs/view/program-assistant-at-fhi-360-4438646754,Program Assistant,FHI 360,posted,2026-07-09T18:52:39.393353,147
cb9b8cad8481fd21,https://cd.linkedin.com/jobs/view/responsable-meal-suivi-%C3%A9valuation-apprentissage-et-redevabilit%C3%A9-at-julisha-cd-4438187761,"Responsable MEAL (suivi, évaluation, apprentissage et redevabilité)",,scraped,2026-07-09T18:52:41.785779,
9b0a093cd1ad3de7,https://cd.linkedin.com/jobs/view/former-des-formateurs-et-des-conseillers-psychosociaux-f-h-x-pour-accompagner-at-julisha-cd-4436435106,Former des formateurs et des conseillers psychosociaux (f/h/x) pour accompagner...,,scraped,2026-07-09T18:52:47.907728,
bd5b2741b507bc2d,https://cd.linkedin.com/jobs/view/head-of-systems-and-operations-for-dr-congo-at-reliefweb-4436474652,Head of Systems and Operations for DR Congo,ReliefWeb,posted,2026-07-09T18:52:57.476187,51
7f89f15705fb3976,https://cd.linkedin.com/jobs/view/un%C2%B7e-responsable-de-departement-suivi-evaluation-redevabilite-apprentissage-at-julisha-cd-4436425443,UN·E RESPONSABLE DE DEPARTEMENT SUIVI EVALUATION REDEVABILITE APPRENTISSAGE,,scraped,2026-07-09T18:52:59.841368,
6406ee57dfb4d4e9,https://cd.linkedin.com/jobs/view/gestion-de-cas-communautaire-conseiller-de-programme-paludisme-at-julisha-cd-4436431216,"Gestion de cas communautaire - Conseiller de programme, paludisme",,scraped,2026-07-09T18:53:06.667794,
4361e52f873343f9,https://cd.linkedin.com/jobs/view/charge-de-programme-changement-social-et-comportemental-csc-at-julisha-cd-4436414992,"Charge de programme, changement social et comportemental (CSC)",,scraped,2026-07-09T18:53:12.909326,
f160d54dd600b701,https://cd.linkedin.com/jobs/view/protection-and-accountability-to-affected-population-officer-at-julisha-cd-4436431273,Protection and Accountability to Affected Population Officer,,scraped,2026-07-09T18:53:19.045802,
fa823a74525910ba,https://cd.linkedin.com/jobs/view/coordinateur%C2%B7trice-mhpss-at-julisha-cd-4436433198,Coordinateur·trice MHPSS,,scraped,2026-07-09T18:53:26.574769,
7e12e2f5c4999f4c,https://cd.linkedin.com/jobs/view/conseiller-e-technique-junior-bois-%C3%A9nergie-at-julisha-cd-4438187764,Conseiller(e) Technique Junior bois-énergie,,scraped,2026-07-09T18:53:32.687902,
46da9e048727fb69,https://cd.linkedin.com/jobs/view/point-focal-pour-le-suivi-l-%C3%A9valuation-la-responsabilit%C3%A9-et-l-apprentissage-m-at-julisha-cd-4436415906,"Point focal pour le suivi, l'évaluation, la responsabilité et l'apprentissage (M...",,scraped,2026-07-09T18:53:40.772840,
1f0ff7dc39133bb4,https://cd.linkedin.com/jobs/view/charg%C3%A9-e-d%E2%80%99%C3%A9valuation-unit%C3%A9-redevabilit%C3%A9-et-r%C3%A9silience-en-rdc-base-%C3%A0-goma-at-julisha-cd-4438188786,"Chargé.e d’évaluation (Unité redevabilité et résilience) en RDC, base à Goma",,scraped,2026-07-09T18:53:46.755164,
eeeeebf54526b7ac,https://cd.linkedin.com/jobs/view/grants-manager-h-f-at-julisha-cd-4438185871,Grants Manager (H/F),,scraped,2026-07-09T18:53:53.012419,
a20cbdfbc69a69ed,https://cd.linkedin.com/jobs/view/coordonnateur-du-projet-sap-sap-project-manager-at-julisha-cd-4438198225,Coordonnateur du Projet SAP / SAP Project Manager,,scraped,2026-07-09T18:53:59.155609,
b80b1f5c1c9526cd,https://cd.linkedin.com/jobs/view/responsable-log-admi-fin-h-f-goma-at-julisha-cd-4436432186,Responsable Log Admi-Fin (H/F) - Goma,,scraped,2026-07-09T18:54:05.164305,
fd2e185f539c817b,https://cd.linkedin.com/jobs/view/technical-director-drc-sanitation-activity-at-julisha-cd-4438198210,"Technical Director, DRC Sanitation Activity",,scraped,2026-07-09T18:54:11.432891,
561bd3ddd7f82afd,https://cd.linkedin.com/jobs/view/program-manager-risk-at-julisha-cd-4438186793,"Program Manager, Risk",,scraped,2026-07-09T18:54:19.468796,
fc04a5cccfd3bdd3,https://cd.linkedin.com/jobs/view/market-systems-advisor-at-julisha-cd-4438204041,Market Systems Advisor,,scraped,2026-07-09T18:54:25.836121,
7f6d390b644f2146,https://cd.linkedin.com/jobs/view/risk-communication-and-community-engagement-rcce-coordinator-at-save-the-children-colombia-oficial-4438195003,Risk Communication and Community Engagement (RCCE) Coordinator,,scraped,2026-07-09T18:54:32.721619,
573d774f9c8c6f99,https://cd.linkedin.com/jobs/view/grants-director-usaid-drc-peacebuilding-and-biodiversity-conservation-at-julisha-cd-4438190516,"Grants Director, USAID/DRC Peacebuilding and Biodiversity Conservation",,scraped,2026-07-09T18:54:40.532319,
19e336e8ae6e02ef,https://cd.linkedin.com/jobs/view/manager-of-programme-quality-at-julisha-cd-4436426319,Manager of Programme Quality,,scraped,2026-07-09T18:54:46.764178,
179574569257ed67,https://cd.linkedin.com/jobs/view/national-security-coordinator-at-julisha-cd-4438203074,National Security Coordinator,,scraped,2026-07-09T18:54:52.853437,
2b77f1584fa13347,https://cd.linkedin.com/jobs/view/sp%C3%A9cialiste-en-d%C3%A9veloppement-social-pour-l%E2%80%99%C3%A9quipe-de-coordination-at-julisha-cd-4438187755,Spécialiste en Développement Social pour l’équipe de Coordination,,scraped,2026-07-09T18:54:59.086016,
019666fec18eab44,https://cd.linkedin.com/jobs/view/psychologist-f-m-x-for-trauma-healing-at-julisha-cd-4438194344,Psychologist (f/m/x) for trauma healing,,scraped,2026-07-09T18:55:05.403104,
45ea311675fb0b14,https://cd.linkedin.com/jobs/view/le-coordinateur-terrain-nutrition-ct-at-julisha-cd-4436414957,Le Coordinateur terrain Nutrition (CT),,scraped,2026-07-09T18:55:11.489601,
d40c4ea1a24b99bf,https://cd.linkedin.com/jobs/view/logistics-officer-goma-field-only-at-catholic-relief-services-4436095615,Logistics Officer - Goma (Field Only),Catholic Relief Services,posted,2026-07-09T18:55:44.059240,149
dc17763ec21c7f1b,https://cd.linkedin.com/jobs/view/chef-cheffe-d-%C3%A9quipe-expert-e-en-%C3%A9nergie-at-ntu-international-a-s-4438608703,Chef / Cheffe d'Équipe - Expert(e) en Énergie,,scraped,2026-07-09T18:55:46.678245,
8b7de76fd811c4fc,https://cd.linkedin.com/jobs/view/comptables-at-julisha-cd-4438205024,Comptables,,scraped,2026-07-10T00:00:16.371538,
3755d916f6a4d7ba,https://cd.linkedin.com/jobs/view/chauffeurs-at-julisha-cd-4438203100,Chauffeurs,,scraped,2026-07-10T00:00:22.912090,
16dd369bbf18d6d8,https://cd.linkedin.com/jobs/view/coordinateur%C2%B7trice-logistique-at-julisha-cd-4438196331,Coordinateur·trice Logistique,,scraped,2026-07-10T00:00:29.470251,
237d80b725640a05,https://cd.linkedin.com/jobs/view/plusieurs-postes-3-at-julisha-cd-4438186791,Plusieurs postes (3),,scraped,2026-07-10T00:00:36.179850,
e2863376d7df71ea,https://cd.linkedin.com/jobs/view/chauffeurs-at-julisha-cd-4438185876,Chauffeurs,,scraped,2026-07-10T00:00:42.681118,
5af3f6444a8c0361,https://cd.linkedin.com/jobs/view/administrative-assistant-at-fhi-360-4438662026,Administrative Assistant,FHI 360,posted,2026-07-10T00:00:59.707221,151
c60a100489de4fd3,https://cd.linkedin.com/jobs/view/marine-crew-fpso-cargo-ballast-officer-cargo-ballast-operator-at-fam-energy-service-4436227521,Marine CREW FPSO - Cargo Ballast Officer - Cargo Ballast Operator,FAM Energy Service,posted,2026-07-10T00:01:25.401911,153
d5a978f9195868fb,https://cd.linkedin.com/jobs/view/lw249129-project-secretary-at-nhs-ayrshire-arran-4435907384,LW249129 - Project Secretary,,scraped,2026-07-10T00:01:28.028709,
686055856884c9e2,https://cd.linkedin.com/jobs/view/manager-de-l-environement-at-kamoto-copper-company-s-a-4434517426,Manager de l'environement,,scraped,2026-07-10T00:01:37.737636,
1fbc2e9b32f4694b,https://cd.linkedin.com/jobs/view/senior-exploration-geologist-district-geologist-%E2%80%93-africa-middle-east-exploration-at-barrick-mining-corporation-4437582439,Senior Exploration Geologist / District Geologist – Africa & Middle East Exploration,,scraped,2026-07-10T00:03:10.025945,
bccd72b17289870d,https://cd.linkedin.com/jobs/view/expert-e-secteur-de-l%E2%80%99%C3%A9nergie-au-b%C3%A9nin-at-ntu-international-a-s-4438652420,Expert(e) Secteur de l’Énergie au Bénin,,scraped,2026-07-10T00:03:16.683875,
1d7da324c5543831,https://cd.linkedin.com/jobs/view/senior-hvac-technician-at-22-degrees-s-a-l-lebanon-daikin-partner-4435685377,Senior HVAC Technician,,scraped,2026-07-10T00:04:31.790857,
ee15b49e6a5b9483,https://cd.linkedin.com/jobs/view/comptable-senior-bilingue-english-french-at-la-casa-africa-4433730797,Comptable Senior (Bilingue - English/French),,scraped,2026-07-10T00:04:44.375462,
ae1601164afc6c14,https://cd.linkedin.com/jobs/view/un-agent-de-collecte-des-donn%C3%A9es-enqu%C3%AAteur-at-julisha-cd-4438196337,Un Agent de collecte des données (Enquêteur),,scraped,2026-07-10T00:04:56.748993,
7ef5dd3f0c78ad00,https://cd.linkedin.com/jobs/view/coordinateur-logistique-at-julisha-cd-4438195350,Coordinateur Logistique,,scraped,2026-07-10T00:06:16.855185,
f54bb2be4fbb7b79,https://cd.linkedin.com/jobs/view/fa%C3%A7ade-engineer-at-wsp-in-canada-4436089101,Façade Engineer,WSP in Canada,posted,2026-07-10T00:06:49.522408,155
f0f02ccbab6a9232,https://cd.linkedin.com/jobs/view/responsable-caissier-i%C3%A8re-at-julisha-cd-4438191503,Responsable caissier(ière),,scraped,2026-07-10T00:07:15.855507,
0b23f4d394f17954,https://cd.linkedin.com/jobs/view/expert-e-en-qualification-professionnelle-at-julisha-cd-4438194322,Expert(e) en Qualification Professionnelle,,scraped,2026-07-10T00:07:21.920305,
523b8cc1611ec6ec,https://cd.linkedin.com/jobs/view/livelihood-specialist-at-julisha-cd-4438195357,Livelihood Specialist,,scraped,2026-07-10T00:07:27.981454,
51f3fbb77329d88d,https://cd.linkedin.com/jobs/view/coordinateur-trice-technique-s%C3%A9curit%C3%A9-alimentaire-et-moyens-d%E2%80%99existence-at-julisha-cd-4438200166,Coordinateur.trice Technique Sécurité alimentaire et Moyens d’existence,,scraped,2026-07-10T00:07:34.664810,
b91f97bd3e256d42,https://cd.linkedin.com/jobs/view/coordinateur-trice-technique-s%C3%A9curit%C3%A9-alimentaire-et-moyens-d%E2%80%99existence-at-julisha-cd-4438182923,Coordinateur.trice Technique Sécurité alimentaire et Moyens d’existence,,scraped,2026-07-10T00:08:44.640812,
d0993e4cf1f3b0b3,https://cd.linkedin.com/jobs/view/gestionnaire-de-base-at-julisha-cd-4438191363,Gestionnaire de base,,scraped,2026-07-10T00:09:54.314171,
e8e0556c7b089fbc,https://cd.linkedin.com/jobs/view/internal-control-officer-at-julisha-cd-4438205028,Internal control Officer,,scraped,2026-07-10T00:10:00.347471,
18be258a2e3bda62,https://cd.linkedin.com/jobs/view/un%C2%B7e-responsable-de-programmes-sante-mentale-et-soutien-psychosocial-at-julisha-cd-4438194373,UN·E RESPONSABLE DE PROGRAMMES SANTE MENTALE ET SOUTIEN PSYCHOSOCIAL,,scraped,2026-07-10T00:10:06.573003,
8ac754842edf3a9b,https://cd.linkedin.com/jobs/view/community-engagement-assistant-at-fhi-360-4438646747,Community Engagement Assistant,FHI 360,posted,2026-07-10T00:11:22.898401,157
f6287fa76006c848,https://cd.linkedin.com/jobs/view/officier-i%C3%A8re-suivi-evaluation-et-apprentissage-at-julisha-cd-4438198101,"Officier(ière) Suivi, Evaluation et Apprentissage",,scraped,2026-07-10T00:11:25.290537,
b5130498790aa77c,https://cd.linkedin.com/jobs/view/consulting-associate-at-julisha-cd-4438186800,Consulting Associate,,scraped,2026-07-10T00:11:31.612101,
a179c8ecb715d7f0,https://cd.linkedin.com/jobs/view/charg%C3%A9-e-de-d%C3%A9veloppement-de-projets-at-julisha-cd-4438201115,Chargé.e de Développement de Projets,,scraped,2026-07-10T00:12:41.407404,
cdd0ad6909aaa702,https://cd.linkedin.com/jobs/view/ing%C3%A9nieur-consultant-e-national-ale-at-julisha-cd-4438201113,Ingénieur Consultant(e) National(ale),,scraped,2026-07-10T00:12:47.754738,
eaa6a5fc8811e5dd,https://cd.linkedin.com/jobs/view/officier-i%C3%A8re-ipc-wash-at-julisha-cd-4438182781,Officier(ière) IPC Wash,,scraped,2026-07-10T00:12:53.928184,
4e907bfca668be46,https://cd.linkedin.com/jobs/view/un%C2%B7e-responsable-de-programme-sante-mentale-et-soutien-psychosocial-at-julisha-cd-4438205022,UN·E RESPONSABLE DE PROGRAMME SANTE MENTALE ET SOUTIEN PSYCHOSOCIAL,,scraped,2026-07-10T00:13:12.181839,
b9e4969bf091f0a5,https://cd.linkedin.com/jobs/view/coordinatrice-eur-des-finances-pays-rdc-at-julisha-cd-4438191516,Coordinatrice/eur des finances pays- RDC,,scraped,2026-07-10T00:13:18.465624,
cdba011013a0733a,https://cd.linkedin.com/jobs/view/monitoring-evaluation-officer-at-julisha-cd-4438187766,Monitoring & Evaluation Officer,,scraped,2026-07-10T00:14:29.323232,
36dc75ae3633a900,https://cd.linkedin.com/jobs/view/programme-director-at-julisha-cd-4438202087,Programme Director,,scraped,2026-07-10T00:14:40.756769,
b87f9b7e1c2001ea,https://cd.linkedin.com/jobs/view/consultant-e-national-ale-pour-le-suivi-du-projet-koica-at-julisha-cd-4438193356,Consultant(e) National(ale) pour le Suivi du Projet KOICA,,scraped,2026-07-10T00:15:51.099265,
5bc100a2661ed038,https://cd.linkedin.com/jobs/view/assistant-controller-at-wave-mobile-money-4428109321,Assistant Controller,,scraped,2026-07-10T00:15:57.802063,
5b14a22f48d16e61,https://cd.linkedin.com/jobs/view/technical-program-officer-pour-10-pays-at-julisha-cd-4438202088,Technical Program Officer pour 10 pays,,scraped,2026-07-10T00:16:04.413389,
23393f541996de0c,https://cd.linkedin.com/jobs/view/programme-associate-humanitarian-access-sc6-at-julisha-cd-4438201124,Programme Associate (Humanitarian Access) SC6,,scraped,2026-07-10T00:17:16.177289,
3b800886e1a94360,https://cd.linkedin.com/jobs/view/policies-officer-hr-at-julisha-cd-4438190533,Policies Officer (HR),,scraped,2026-07-10T00:17:22.620654,
bdfe2e4bab14cbd2,https://cd.linkedin.com/jobs/view/conseiller-technique-pour-le-programme-socio-%C3%A9conomique-pour-les-orphelins-et-en-at-julisha-cd-4438204066,Conseiller Technique pour le programme socio-économique pour les Orphelins et En...,,scraped,2026-07-10T00:17:29.590687,
fbe9a2fe5fa31d07,https://cd.linkedin.com/jobs/view/funding-reporting-manager-at-julisha-cd-4438180915,Funding & Reporting Manager,,scraped,2026-07-10T00:17:47.714035,
d20d714023a0d0eb,https://cd.linkedin.com/jobs/view/professional-civil-engineer-at-wsp-in-canada-4410808384,Professional Civil Engineer,WSP in Canada,posted,2026-07-10T00:19:08.657526,159
4e120733cb2f3467,https://cd.linkedin.com/jobs/view/annual-audit-in-dr-congo-at-julisha-cd-4438189652,Annual Audit in DR Congo,,scraped,2026-07-10T00:19:11.277488,
88d657c46c9ab425,https://cd.linkedin.com/jobs/view/analyste-senior-cash-et-ana-at-julisha-cd-4438194218,Analyste Senior - Cash et ANA,,scraped,2026-07-10T00:19:23.706093,
ae0b9e3a5861589d,https://cd.linkedin.com/jobs/view/information-management-digital-system-technical-officer-dr-congo-goma-bn-at-norwegian-refugee-council-4436759301,Information Management / Digital System Technical Officer DR Congo Goma BN,,scraped,2026-07-10T00:19:32.339709,
29f3f80d99948da9,https://cd.linkedin.com/jobs/view/french-bilingual-customer-service-specialist-at-talentpop-app-4434884476,French Bilingual Customer Service Specialist,TalentPop App,posted,2026-07-10T00:20:55.370746,161
7cdaa1df248b3f3a,https://cd.linkedin.com/jobs/view/french-bilingual-customer-service-specialist-at-talentpop-app-4434871756,French Bilingual Customer Service Specialist,TalentPop App,scraped,2026-07-10T00:20:59.404518,
cbb1cdc43d4ce3e9,https://cd.linkedin.com/jobs/view/french-bilingual-customer-service-specialist-at-talentpop-app-4434872681,French Bilingual Customer Service Specialist,TalentPop App,scraped,2026-07-10T00:21:03.335930,
36ccc70426cec509,https://cd.linkedin.com/jobs/view/senior-evaluations-assessments-advisor-at-julisha-cd-4438202110,Senior Evaluations & Assessments Advisor,,scraped,2026-07-10T00:21:07.901137,
f110918ea11238bd,https://cd.linkedin.com/jobs/view/safe-dignified-burial-assistant-at-fhi-360-4438657173,Safe Dignified Burial Assistant,FHI 360,posted,2026-07-10T00:21:28.443948,163
ba6a74500d05438e,https://cd.linkedin.com/jobs/view/head-of-logistics-infrastructure-kbnp-at-wildlife-conservation-society-4429500926,"Head of Logistics & infrastructure, KBNP",Wildlife Conservation Society,posted,2026-07-10T00:21:46.138863,165
dfc7e90bd961d931,https://cd.linkedin.com/jobs/view/volontaire-s%C3%A9curit%C3%A9-pays-at-julisha-cd-4438195358,Volontaire Sécurité Pays,,scraped,2026-07-10T00:21:48.676842,
f6c4e7a31a1a5733,https://cd.linkedin.com/jobs/view/senior-industrial-engineer-at-wsp-in-canada-4410803459,Senior Industrial Engineer,WSP in Canada,posted,2026-07-10T00:24:12.938983,167
110bfdfcfa36d46f,https://cd.linkedin.com/jobs/view/digital-sales-support-representative-at-talentpop-app-4434887297,Digital Sales & Support Representative,TalentPop App,posted,2026-07-10T00:24:25.071880,169
97a2b8976e7c4c76,https://cd.linkedin.com/jobs/view/virtual-customer-support-agent-french-english-%E2%80%93-100%25-remote-at-talentpop-app-4435674341,Virtual Customer Support Agent (French/English) – 100% Remote,TalentPop App,posted,2026-07-10T00:24:31.801626,101
990899370859ec61,https://cd.linkedin.com/jobs/view/echte-hand-werks-arbeit%21-dr-kongo-%E2%80%A2-handwerk-bauwesen-at-coworkers-4433717254,Echte Hand(werks)arbeit! - DR Kongo • Handwerk / Bauwesen,,scraped,2026-07-10T00:24:34.144555,
4679853088718693,https://cd.linkedin.com/jobs/view/lead-project-control-specialist-at-wsp-in-canada-4417140626,Lead Project Control Specialist,WSP in Canada,posted,2026-07-10T00:24:52.852086,171
d67a8d91b5563da2,https://cd.linkedin.com/jobs/view/geotechnical-resident-engineer-at-wsp-in-canada-4386889213,Geotechnical Resident Engineer,WSP in Canada,posted,2026-07-10T00:26:10.650706,173
77978baf367cb6a8,https://cd.linkedin.com/jobs/view/digitalisierung-f%C3%B6rdern-dr-kongo-%E2%80%A2-informationstechnologie-at-coworkers-4433724092,Digitalisierung fördern - DR Kongo • Informationstechnologie,,scraped,2026-07-10T00:26:13.039717,
bfffddfef92c70ed,https://cd.linkedin.com/jobs/view/welder-at-groupe-ponticelli-fr%C3%A8res-4428166034,Welder,,scraped,2026-07-10T00:26:21.421808,
cd887e19933492a5,https://cd.linkedin.com/jobs/view/kabobo-luama-landscape-director-democratic-republic-of-congo-drc-at-wildlife-conservation-society-4418122418,Kabobo-Luama Landscape Director; Democratic Republic of Congo (DRC),Wildlife Conservation Society,posted,2026-07-10T00:27:41.674857,175
3fd3297b90a51f0e,https://cd.linkedin.com/jobs/view/thermal-expert-transformers-m-f-d-at-ge-vernova-4438249349,Thermal Expert Transformers (m/f/d),GE Vernova,posted,2026-07-10T00:27:51.693219,177
589b37225a6c3e83,https://cd.linkedin.com/jobs/view/sprzedawca-at-galeria-odyseja-4439024589,SPRZEDAWCA,Galeria Odyseja,posted,2026-07-10T11:32:28.453858,179
ec55c75cd3e985ee,https://cd.linkedin.com/jobs/view/sprzedawca-%E2%80%93-1-2-etatu-at-galeria-odyseja-4439033322,Sprzedawca – 1/2 etatu,Galeria Odyseja,posted,2026-07-10T11:32:41.946677,181
3d1b4062b0fde691,https://cd.linkedin.com/jobs/view/sprzedawca-at-galeria-odyseja-4439021759,Sprzedawca,Galeria Odyseja,scraped,2026-07-10T11:32:45.786202,
84d055e5752d0e56,https://cd.linkedin.com/jobs/view/un%C2%B7e-responsable-de-departement-finance-at-julisha-cd-4438195352,UN·E RESPONSABLE DE DEPARTEMENT FINANCE,,scraped,2026-07-10T11:32:56.401668,
dfa1d269f26340e7,https://cd.linkedin.com/jobs/view/pracownik-dzia%C5%82u-obs%C5%82ugi-klienta-at-galeria-odyseja-4439032325,PRACOWNIK DZIAŁU OBSŁUGI KLIENTA,Galeria Odyseja,posted,2026-07-10T11:33:13.684895,183
ea3d8633d6811318,https://cd.linkedin.com/jobs/view/administrative-assistant-at-balanced-bookkeeping-of-nc-4439003040,Administrative Assistant,Balanced Bookkeeping of NC,posted,2026-07-10T11:33:43.642323,151
313cf7af0c318bda,https://cd.linkedin.com/jobs/view/project-manager-drc-at-rode-kruis-vlaanderen-4436350177,Project Manager DRC,,scraped,2026-07-10T11:33:46.242422,
1155563b2a07b24e,https://cd.linkedin.com/jobs/view/senior-parking-lot-logistics-officer-at-forsage-holdings-4437386507,Senior Parking Lot Logistics Officer,,scraped,2026-07-10T11:33:57.425534,
49de242fe04f2a8b,https://cd.linkedin.com/jobs/view/project-manager-at-avsi-foundation-4433185807,Project Manager,,scraped,2026-07-10T11:34:04.069033,
6f2b7264bf87f9df,https://cd.linkedin.com/jobs/view/collections-analyst-dominican-republic-cca-at-td-synnex-multi-country-area-english-4425362096,Collections Analyst (Dominican Republic) - CCA,TD SYNNEX Multi-Country Area (English),posted,2026-07-10T11:34:19.418072,185
1da3d3274e71d9c0,https://cd.linkedin.com/jobs/view/procurement-officer-buying-at-save-the-children-colombia-oficial-4438191134,Procurement Officer Buying,,scraped,2026-07-10T11:34:40.027664,
b27bb28faea15ea0,https://cd.linkedin.com/jobs/view/charg%C3%A9-de-suivi-evaluation-redevabilit%C3%A9-apprentissage-sera-at-youth-portal-of-drc-4437971813,Chargé de Suivi-Evaluation-Redevabilité-Apprentissage (SERA),,scraped,2026-07-10T11:34:48.453899,
a9a8ec8191e3d82c,https://cd.linkedin.com/jobs/view/chief-of-staff-drc-country-manager-at-burn-4437446802,Chief of Staff -  DRC Country Manager,,scraped,2026-07-10T11:34:55.364425,
d54f561c549594ba,https://cd.linkedin.com/jobs/view/procurement-assistant-2406267-at-youth-portal-of-drc-4437965928,Procurement Assistant (2406267),,scraped,2026-07-10T11:35:04.407499,
4ae165373786d7b1,https://cd.linkedin.com/jobs/view/assistant-e-en-passation-des-march%C3%A9s-at-julisha-cd-4438190496,Assistant(e) en Passation des Marchés,,scraped,2026-07-10T11:35:38.855028,
029db21106693779,https://cd.linkedin.com/jobs/view/french-customer-support-specialist-bilingual-fr-en-non-voice-blended-remote-at-talentpop-app-4434883344,French Customer Support Specialist (Bilingual FR/EN | Non-Voice/Blended | Remote),TalentPop App,posted,2026-07-10T11:35:48.844070,97
aabb71f4ca791a98,https://cd.linkedin.com/jobs/view/digital-sales-support-representative-at-talentpop-app-4434887343,Digital Sales & Support Representative,TalentPop App,posted,2026-07-10T11:35:56.715377,169
dc9481d1fb487aa8,https://cd.linkedin.com/jobs/view/digital-sales-support-representative-at-talentpop-app-4434874568,Digital Sales & Support Representative,TalentPop App,scraped,2026-07-10T11:36:00.728779,
23ac4d349fea3e9e,https://cd.linkedin.com/jobs/view/senior-specialist-data-science-and-predicti-at-vodacom-4437709525,Senior Specialist Data Science and Predicti,,scraped,2026-07-10T11:36:03.326725,
110b2c0bef23f6ea,https://cd.linkedin.com/jobs/view/sp%C3%A9cialiste-principal-en-gestion-des-finances-at-julisha-cd-4438185879,Spécialiste principal en Gestion des Finances,,scraped,2026-07-10T11:36:23.221445,
ade596c27fc3c159,https://cd.linkedin.com/jobs/view/afrique-centrale-administrateur-r%C3%A9gional-at-julisha-cd-4439050395,Afrique Centrale - Administrateur Régional,,scraped,2026-07-10T11:36:31.717167,
bed2519cddc00125,https://cd.linkedin.com/jobs/view/afrique-centrale-administrateur-r%C3%A9gional-at-julisha-cd-4439048447,Afrique Centrale - Administrateur Régional,,scraped,2026-07-10T11:36:38.205115,
7f00bda29a350a3a,https://cd.linkedin.com/jobs/view/%C3%A9valuation-de-l-inspection-mini%C3%A8re-et-proposition-de-plan-de-renforcement-des-ca-at-julisha-cd-4438186836,Évaluation de l'inspection minière et proposition de plan de renforcement des ca...,,scraped,2026-07-10T11:36:44.630677,
4967870dbb3d188c,https://cd.linkedin.com/jobs/view/coordinateur-logistique-adjoint-%E2%80%93-kinshasa-at-julisha-cd-4439044800,Coordinateur Logistique Adjoint – Kinshasa,,scraped,2026-07-10T11:36:55.074763,
a0525b08d1b52f1c,https://cd.linkedin.com/jobs/view/french-speaking-customer-support-specialist-at-talentpop-app-4434882391,French-Speaking Customer Support Specialist,TalentPop App,posted,2026-07-10T11:37:06.660278,99
6476fda0f97abeba,https://cd.linkedin.com/jobs/view/french-speaking-customer-support-specialist-at-talentpop-app-4434886506,French-Speaking Customer Support Specialist,TalentPop App,scraped,2026-07-10T11:37:10.946662,
201b0a06c210db9f,https://cd.linkedin.com/jobs/view/comptable-senior-at-itm-tanzania-limited-4436841928,Comptable senior,,scraped,2026-07-10T11:37:17.504318,
afaf52625680a7f6,https://cd.linkedin.com/jobs/view/data-management-information-assistant-at-save-the-children-colombia-oficial-4438190182,Data Management & Information Assistant,,scraped,2026-07-10T11:37:25.556951,
1a0023b525d6ef43,https://cd.linkedin.com/jobs/view/conseiller-en-apprentissage-strat%C3%A9gique-at-julisha-cd-4439046608,Conseiller en apprentissage stratégique,,scraped,2026-07-10T11:37:41.582823,
ef883972b5575252,https://cd.linkedin.com/jobs/view/kierownik-salonu-sprzeda%C5%BCy-stolarki-otworowej-at-galeria-odyseja-4439035225,Kierownik salonu sprzedaży stolarki otworowej,Galeria Odyseja,posted,2026-07-10T11:37:58.303105,187
fd7d4016942825b3,https://cd.linkedin.com/jobs/view/infectious-disease-expert-at-reliefweb-4438891801,Infectious Disease Expert,ReliefWeb,posted,2026-07-10T11:38:12.678207,189
30f472fbb7780464,https://cd.linkedin.com/jobs/view/coordinateur-trice-conformit%C3%A9-h-f-%E2%80%93-goma-at-julisha-cd-4439041877,Coordinateur.trice Conformité (H/F) – Goma,,scraped,2026-07-10T11:38:15.041184,
5c095747eef941eb,https://cd.linkedin.com/jobs/view/coordinateur-trice-conformit%C3%A9-h-f-%E2%80%93-goma-at-julisha-cd-4439048429,Coordinateur.trice Conformité (H/F) – Goma,,scraped,2026-07-10T11:38:21.135420,
95ad4ea5ad149fc5,https://cd.linkedin.com/jobs/view/head-of-operations-and-maintenance-renewables-cape-town-at-totalenergies-4438680050,Head of Operations and Maintenance (Renewables) - Cape Town,,scraped,2026-07-10T11:38:27.605220,
6710327e6e8262bf,https://cd.linkedin.com/jobs/view/kierownik-dzia%C5%82u-at-galeria-odyseja-4439022763,Kierownik Działu,Galeria Odyseja,posted,2026-07-10T11:38:50.192937,191
17b10349852d93a0,https://cd.linkedin.com/jobs/view/humanitarian-affairs-officer-p4-at-julisha-cd-4439059070,"HUMANITARIAN AFFAIRS OFFICER, P4",,scraped,2026-07-10T11:38:54.598499,
cd969d0a377a5b3e,https://cd.linkedin.com/jobs/view/ebola-health-coordinator-at-reliefweb-4438899323,Ebola Health Coordinator,ReliefWeb,posted,2026-07-10T11:39:12.107775,193
8c77de3e492ea0af,https://cd.linkedin.com/jobs/view/responsable-comptable-at-julisha-cd-4439046586,Responsable comptable,,scraped,2026-07-10T11:39:16.425723,
5f2e6f85b4f9f9d7,https://cd.linkedin.com/jobs/view/coordinateur-rice-de-zone-adjoint-e-%E2%80%93-gbadolite-at-julisha-cd-4439052257,Coordinateur.rice de Zone Adjoint.e – Gbadolite,,scraped,2026-07-10T11:39:22.652942,
7566df0bae0c8336,https://cd.linkedin.com/jobs/view/grants-and-compliance-manager-at-julisha-cd-4438196355,Grants and Compliance Manager,,scraped,2026-07-10T11:39:28.733560,
9ad1608f75031dcb,https://cd.linkedin.com/jobs/view/head-of-programs-goma-at-julisha-cd-4439061061,Head of Programs - Goma,,scraped,2026-07-10T11:39:34.826757,
3eba67e09db29fff,https://cd.linkedin.com/jobs/view/chauffeur-at-julisha-cd-4439049411,Chauffeur,,scraped,2026-07-10T11:39:41.416711,
f0fb9ecd52de73f0,https://cd.linkedin.com/jobs/view/consultants-to-facilitate-mel-courses-for-usaid-drc-mission-staff-and-partners-at-julisha-cd-4438185857,Consultants to facilitate MEL courses for USAID DRC Mission staff and partners,,scraped,2026-07-10T11:39:47.889914,
83a448aed4ae3780,https://cd.linkedin.com/jobs/view/rdc-charg%C3%A9-e-des-programmes-at-julisha-cd-4439055200,RDC - Chargé(e) des Programmes,,scraped,2026-07-10T11:39:54.199838,
0eb92c9283e0eddf,https://cd.linkedin.com/jobs/view/un-assistant-comptable-qui-sera-bas%C3%A9-%C3%A0-kinshasa-at-julisha-cd-4439060076,Un Assistant Comptable qui sera basé à Kinshasa,,scraped,2026-07-10T11:40:00.514908,
bb8520ab9002d250,https://cd.linkedin.com/jobs/view/un-assistant-comptable-qui-sera-bas%C3%A9-%C3%A0-kinshasa-at-julisha-cd-4439060060,Un Assistant Comptable qui sera basé à Kinshasa,,scraped,2026-07-10T11:40:07.129237,
e7d4d670c0acbc08,https://cd.linkedin.com/jobs/view/quantity-surveyor-kiswishi-city-lubumbashi-drc-at-tatu-city-4439020692,"Quantity Surveyor- Kiswishi City- Lubumbashi, DRC",Tatu City,posted,2026-07-10T11:40:37.155098,195
185695dafea0d004,https://cd.linkedin.com/jobs/view/ipc-nurse-at-international-rescue-committee-4434759375,IPC Nurse,International Rescue Committee,posted,2026-07-10T11:40:47.488152,197
c5b1e8460d371854,https://cd.linkedin.com/jobs/view/technical-advisor-epidemiologist-asia-at-reliefweb-4439002080,"Technical Advisor, Epidemiologist - Asia",ReliefWeb,posted,2026-07-10T11:41:01.881388,199
a353f1883ba43a7b,https://cd.linkedin.com/jobs/view/regional-analyst-great-lakes-at-julisha-cd-4438191501,Regional Analyst - Great Lakes,,scraped,2026-07-10T11:41:04.192953,
16d5e05352885ab7,https://cd.linkedin.com/jobs/view/final-evaluation-consultant-education-project-at-julisha-cd-4438189692,Final Evaluation Consultant (Education Project,,scraped,2026-07-10T11:41:10.612356,
0435492a74c5fe2d,https://cd.linkedin.com/jobs/view/impact-research-specialist-usaid-drc-ccf-assessment-local-at-julisha-cd-4439061028,"Impact, Research Specialist, USAID/DRC CCF Assessment, Local",,scraped,2026-07-10T11:41:17.052208,
86534383c2c96151,https://cd.linkedin.com/jobs/view/regional-analyst-great-lakes-at-julisha-cd-4439057147,Regional Analyst - Great Lakes,,scraped,2026-07-10T11:41:23.445879,
2d4d45c537168315,https://cd.linkedin.com/jobs/view/rdc-%E2%80%93-coordinateur-trice-conformit%C3%A9-h-f-%E2%80%93-goma-at-julisha-cd-4439038994,RDC – Coordinateur.trice Conformité (H/F) – Goma,,scraped,2026-07-10T11:41:29.743463,
fc6c54c3def258ba,https://cd.linkedin.com/jobs/view/ing%C3%A9nieur-en-structure-civile-at-julisha-cd-4439061018,Ingénieur en structure civile,,scraped,2026-07-10T11:41:38.102425,
c3f19510803f4b84,https://cd.linkedin.com/jobs/view/d%C3%A9veloppement-commercial-at-ja-solar-4437970551,Développement commercial,JA Solar,posted,2026-07-10T11:41:58.742534,201
71df96d22c82c537,https://cd.linkedin.com/jobs/view/coordo-terrain-adjoint-programmes-h-f-%E2%80%93ituri-at-julisha-cd-4439050372,COORDO TERRAIN ADJOINT PROGRAMMES (H/F)–ITURI,,scraped,2026-07-10T11:42:07.127564,
bb7f9f75733afa9e,https://cd.linkedin.com/jobs/view/research-manager-usaid-drc-ccf-assessment-local-at-julisha-cd-4439056179,"Research Manager, USAID/DRC CCF Assessment, Local",,scraped,2026-07-10T11:42:15.615153,
ee0f2aa52a23f2fc,https://cd.linkedin.com/jobs/view/r%C3%A9presentant-e-pays-rdc-at-julisha-cd-4438205060,Répresentant.e Pays RDC,,scraped,2026-07-10T11:42:25.747073,
9334a55ab14e3f7e,https://cd.linkedin.com/jobs/view/compliance-and-internal-controls-manager-at-reliefweb-4438893766,Compliance and Internal Controls Manager,ReliefWeb,posted,2026-07-10T11:42:39.804718,203
000023e24c8aa583,https://cd.linkedin.com/jobs/view/safety-advisor-mobile-at-julisha-cd-4439041888,Safety Advisor - Mobile,,scraped,2026-07-10T11:42:42.402341,
3b81709455775697,https://cd.linkedin.com/jobs/view/judicial-reform-expert-expert-en-r%C3%A9formes-judiciaires-at-julisha-cd-4438205025,Judicial Reform Expert (Expert en réformes judiciaires),,scraped,2026-07-10T11:42:52.981713,
b4ea589b42c69ecf,https://cd.linkedin.com/jobs/view/ipcl-focal-point-equateur-at-julisha-cd-4438194336,IPCL Focal Point Equateur,,scraped,2026-07-10T11:42:59.274830,
d2b159cb64cd8ea3,https://cd.linkedin.com/jobs/view/data-analyst-for-a-forthcoming-opportunity-in-drc-at-julisha-cd-4439045673,Data Analyst for a forthcoming opportunity in DRC,,scraped,2026-07-10T11:43:13.659335,
92055e6500e7113d,https://cd.linkedin.com/jobs/view/technical-advisor-ii-psychosocial-support-to-sexual-violence-survivors-drc-eto-at-julisha-cd-4439053304,"Technical Advisor II, Psychosocial Support to Sexual Violence Survivors, DRC ETO...",,scraped,2026-07-10T11:43:20.197675,
a4c375405df7f825,https://cd.linkedin.com/jobs/view/coaching-and-mentorship-consultant-short-term-technical-assistance-at-julisha-cd-4438196342,Coaching and Mentorship Consultant (Short-term technical assistance),,scraped,2026-07-10T11:43:26.594940,
9135eadc3aa6bd12,https://cd.linkedin.com/jobs/view/chef-fe-de-base-uvira-at-julisha-cd-4438187782,Chef.fe de base - Uvira,,scraped,2026-07-10T11:43:32.856095,
bde5871be67b0e3f,https://cd.linkedin.com/jobs/view/senior-learning-advisor-usaid-drc-jeunesse-enseignement-technique-pour-opportun-at-julisha-cd-4439062038,"Senior Learning Advisor, USAID/DRC Jeunesse Enseignement Technique pour Opportun...",,scraped,2026-07-10T11:43:39.168865,
e0840b3de0a50d29,https://cd.linkedin.com/jobs/view/roving-education-in-emergency-coordinator-gestionnaire-itin%C3%A9rant-education-en-at-julisha-cd-4439062020,"Roving Education in Emergency Coordinator / Gestionnaire Itinérant, Education en...",,scraped,2026-07-10T11:43:47.456037,
3590125cc495f9a8,https://cd.linkedin.com/jobs/view/senior-triple-nexus-adviser-nations-unies-at-youth-portal-of-drc-4437977359,Senior Triple Nexus Adviser (Nations Unies),,scraped,2026-07-10T11:44:01.786365,
3984a23a508aa786,https://cd.linkedin.com/jobs/view/virtual-customer-support-agent-french-english-%E2%80%93-100%25-remote-at-talentpop-app-4435686098,Virtual Customer Support Agent (French/English) – 100% Remote,TalentPop App,posted,2026-07-10T11:44:11.665160,101
25f1a256090d2e43,https://cd.linkedin.com/jobs/view/french-bilingual-customer-service-specialist-at-talentpop-app-4434881492,French Bilingual Customer Service Specialist,TalentPop App,posted,2026-07-10T11:44:21.196799,161
c97cb2e34bff7236,https://cd.linkedin.com/jobs/view/chief-of-party-i-drc-etoile-activity-at-julisha-cd-4439043891,"Chief of Party I, DRC ETOILE Activity",,scraped,2026-07-10T11:44:25.505251,
3f7f24ef02946daa,https://cd.linkedin.com/jobs/view/senior-electrical-engineer-at-wsp-in-canada-4410499453,Senior Electrical Engineer,WSP in Canada,posted,2026-07-10T11:44:47.343832,205
a9b93ff55abd4994,https://cd.linkedin.com/jobs/view/security-officer-ft-no-b-kinshasa-dr-congo-at-world-food-programme-4439057038,"Security Officer, FT NO-B, Kinshasa, DR Congo",,scraped,2026-07-10T11:44:49.915315,
2f666c21b08ac66f,https://cd.linkedin.com/jobs/view/transferable-skills-101-definition-examples-and-how-to-build-yours-in-2026-at-sbs-office-of-career-and-professional-development-umass-amherst-4439061164,"Transferable Skills 101: Definition, Examples, and How to Build Yours in 2026","SBS Office of Career and Professional Development, UMass Amherst",posted,2026-07-10T18:10:50.193353,207
2642ff375f48ee34,https://cd.linkedin.com/jobs/view/procurement-officer-at-youth-portal-of-drc-4437985029,Procurement Officer,,scraped,2026-07-10T18:10:54.833639,
ca04f76f6a497f30,https://cd.linkedin.com/jobs/view/fleet-asset-officer-bunia-at-youth-portal-of-drc-4437975427,Fleet & Asset Officer (Bunia),,scraped,2026-07-10T18:11:04.122647,
d7d0a5abc1c7f314,https://cd.linkedin.com/jobs/view/administration-logistics-assistant-at-youth-portal-of-drc-4437971770,Administration & Logistics Assistant,,scraped,2026-07-10T18:11:22.776734,
a4969ed0bed129de,https://cd.linkedin.com/jobs/view/country-director-for-dr-congo-at-people-in-need-4435965176,Country Director for DR Congo,,scraped,2026-07-10T18:11:29.660592,
d7dfa77a20f48a2a,https://cd.linkedin.com/jobs/view/finance-officer-noa-at-julisha-cd-4438182912,Finance Officer - NOA,,scraped,2026-07-10T18:11:36.408879,
31a13649732feafd,https://cd.linkedin.com/jobs/view/chef-de-projet-drc-at-reliefweb-4439001149,Chef de Projet - DRC,ReliefWeb,posted,2026-07-10T18:12:01.984081,209
ca768fb64bd931ff,https://cd.linkedin.com/jobs/view/country-director-for-dr-congo-at-reliefweb-4439000519,Country Director for DR Congo,ReliefWeb,posted,2026-07-10T18:12:14.588284,211
6a992fd656cc60f1,https://cd.linkedin.com/jobs/view/coordinateur-wash-%E2%80%93-urgences-at-julisha-cd-4438185858,Coordinateur WASH – Urgences,,scraped,2026-07-10T18:12:18.970619,
92ea30e95bf5c39e,https://cd.linkedin.com/jobs/view/english-teacher-at-julisha-cd-4438186840,English Teacher,,scraped,2026-07-10T18:12:31.612548,
b11c19ca81da2251,https://cd.linkedin.com/jobs/view/asystent-sprzeda%C5%BCy-%E2%80%93-doradca-klienta-at-galeria-odyseja-4439040092,Asystent sprzedaży – Doradca klienta,Galeria Odyseja,posted,2026-07-10T18:12:47.996226,213
814b03de39dda278,https://cd.linkedin.com/jobs/view/responsable-de-d%C3%A9partement-logistique-at-julisha-cd-4438179957,Responsable de département logistique,,scraped,2026-07-10T18:12:50.599650,
baa90190f092e6cc,https://cd.linkedin.com/jobs/view/assistant-e-charge-e-de-la-gestion-du-materiel-gl5-at-julisha-cd-4439062107,"ASSISTANT(E) CHARGE (E) DE LA GESTION DU MATERIEL, GL5",,scraped,2026-07-10T18:12:56.925713,
cfd6e87cac6a6189,https://cd.linkedin.com/jobs/view/conseiller-e-junior-at-julisha-cd-4438178999,Conseiller(e) junior,,scraped,2026-07-10T18:13:05.339735,
26d2289c4f914a70,https://cd.linkedin.com/jobs/view/magazynier-at-galeria-odyseja-4439019941,MAGAZYNIER,Galeria Odyseja,posted,2026-07-10T18:13:23.557238,215
d205aafc4afd3bb7,https://cd.linkedin.com/jobs/view/comptable-at-julisha-cd-4438194348,Comptable,,scraped,2026-07-10T18:13:26.271654,
cf9f0875b9d2f90e,https://cd.linkedin.com/jobs/view/assistant-project-manager-at-reliefweb-4439329303,Assistant Project Manager,ReliefWeb,posted,2026-07-10T18:13:47.133043,217
4cbb6a265145e09a,https://cd.linkedin.com/jobs/view/staff-international-%C3%A0-100%25-%E2%80%93-pour-12-mois-at-julisha-cd-4439050479,Staff international - à 100% – pour 12 mois,,scraped,2026-07-10T18:13:51.747476,
3f4eec93d8e96927,https://cd.linkedin.com/jobs/view/path-recrute-un-logistic-officer-path-at-julisha-cd-4439061246,PATH : recrute un Logistic Officer/ PATH,,scraped,2026-07-10T18:13:58.028405,
cb1471b67d80af7c,https://cd.linkedin.com/jobs/view/assistant-contr%C3%B4leur-financier-pays-acfc-at-julisha-cd-4439042956,Assistant Contrôleur Financier Pays (ACFC),,scraped,2026-07-10T18:14:04.454515,
1cc272d82264c70f,https://cd.linkedin.com/jobs/view/adjoint%C2%B7e-chef-de-mission-aux-programmes-at-julisha-cd-4438188794,Adjoint·e Chef de Mission aux Programmes,,scraped,2026-07-10T18:14:10.835651,
d2161ce522c51aa1,https://cd.linkedin.com/jobs/view/coordinaci%C3%B3n-sanitaria-de-emergencia-bukavu-rdc-at-reliefweb-4438889860,Coordinación Sanitaria de Emergencia. Bukavu. RDC,ReliefWeb,posted,2026-07-10T18:14:30.707275,219
1aaa5a5a7eba17c1,https://cd.linkedin.com/jobs/view/assistant-suivi-evaluation-at-julisha-cd-4439059061,Assistant Suivi - Evaluation,,scraped,2026-07-10T18:14:35.331718,
7929bf284f8655f1,https://cd.linkedin.com/jobs/view/un-ing%C3%A9nieur-en-environnement-at-julisha-cd-4438197247,Un Ingénieur en Environnement,,scraped,2026-07-10T18:14:41.880789,
5a5f699e9ef810d0,https://cd.linkedin.com/jobs/view/expert-e-en-suivi-et-%C3%A9valuation-at-julisha-cd-4438204024,Expert(e) en suivi et évaluation,,scraped,2026-07-10T18:14:48.574537,
2568303a085d0bd4,https://cd.linkedin.com/jobs/view/coordinateur-trice-urgence-emergency-coordinator-at-julisha-cd-4439054253,Coordinateur(trice) Urgence (Emergency Coordinator),,scraped,2026-07-10T18:15:00.661610,
de5877a76c1c8708,https://cd.linkedin.com/jobs/view/head-of-operations-dr-congo-goma-at-julisha-cd-4439062068,Head of Operations DR Congo Goma,,scraped,2026-07-10T18:15:10.880585,
e277ce6a5848c4a7,https://cd.linkedin.com/jobs/view/finance-and-administrative-assistant-at-julisha-cd-4438186811,Finance and Administrative Assistant,,scraped,2026-07-10T18:15:19.039473,
ebc9f5ab8c110acf,https://cd.linkedin.com/jobs/view/responsable-logistique-nord-kirvu-goma-h-f-at-julisha-cd-4439054252,Responsable Logistique - Nord Kirvu Goma H/F,,scraped,2026-07-10T18:15:25.540087,
8330bb0dc82c894d,https://cd.linkedin.com/jobs/view/afrique-centrale-coordinateur-r%C3%A9gional-at-julisha-cd-4439045749,Afrique Centrale - Coordinateur Régional,,scraped,2026-07-10T18:15:38.259004,
315e760e7230f550,https://cd.linkedin.com/jobs/view/agent-de-support-client%C3%A8le-international-h-f-at-talentpop-app-4434870949,Agent de Support Clientèle International (H/F),TalentPop App,posted,2026-07-10T18:16:21.825406,221
1d424b8a17a6d0af,https://cd.linkedin.com/jobs/view/senior-substation-design-engineer-at-wsp-in-canada-4419024101,Senior Substation Design Engineer,WSP in Canada,posted,2026-07-10T18:17:22.455598,223
2d18ea767456cdf1,https://cd.linkedin.com/jobs/view/juriste-sp%C3%A9cialis%C3%A9-en-cadre-l%C3%A9gal-et-r%C3%A9glementaire-du-secteur-de-l%E2%80%99%C3%A9nergie-et-des-ppp-at-ntu-international-a-s-4439066965,Juriste spécialisé en cadre légal et réglementaire du secteur de l’énergie et des PPP,,scraped,2026-07-10T18:17:25.023035,
08911f6690d44948,https://cd.linkedin.com/jobs/view/democratic-republic-of-congo-country-finance-volunteer-%E2%80%93-kinshasa-at-acted-4439070875,Democratic Republic of Congo : Country Finance Volunteer – Kinshasa,,scraped,2026-07-10T18:17:32.423325,
ee12adc2179e6c84,https://cd.linkedin.com/jobs/view/bilingual-customer-support-specialist-french-english-100%25-remote-at-talentpop-app-4434891328,Bilingual Customer Support Specialist (French/English) - 100% Remote,TalentPop App,posted,2026-07-10T18:17:48.291182,79
87be6293dd7cf805,https://cd.linkedin.com/jobs/view/full-stack-engineer-developer-at-wsp-in-canada-4408665441,Full Stack (Engineer) Developer,WSP in Canada,posted,2026-07-10T18:18:25.165832,225
3e1ff136b24b350b,https://cd.linkedin.com/jobs/view/senior-spec-core-network-project-design-at-vodacom-4431948052,SENIOR SPEC Core Network Project & Design,,scraped,2026-07-10T18:18:27.865514,
ef6ca9e87ed52b44,https://cd.linkedin.com/jobs/view/auditeur-exp%C3%A9riment%C3%A9-f-h-at-deloitte-4368996798,Auditeur Expérimenté F/H,Deloitte,posted,2026-07-10T18:18:57.851785,227
8684dfde93eb5a08,https://cd.linkedin.com/jobs/view/responsable-logistique-rdc-h-f-at-julisha-cd-4439064046,Responsable Logistique-RDC H/F,,scraped,2026-07-10T18:19:22.487041,
5f43b6666b11b980,https://cd.linkedin.com/jobs/view/save-the-children-recrute-un-sp%C3%A9cialiste-de-gestion-de-cas-goma-nord-kivu-at-julisha-cd-4439066032,Save the Children : recrute un Spécialiste de gestion de CAS/ Goma/Nord-Kivu,,scraped,2026-07-10T18:19:28.570464,
fe394515d9e3d764,https://cd.linkedin.com/jobs/view/welcome-services-travel-assistant-at-youth-portal-of-drc-4437969812,Welcome Services / Travel Assistant,,scraped,2026-07-10T23:45:28.000663,
8d755071971d3c43,https://cd.linkedin.com/jobs/view/meal-officer-rcce-redevabilit%C3%A9-protection-at-international-rescue-committee-4435896633,"MEAL Officer RCCE , Redevabilité & Protection",International Rescue Committee,posted,2026-07-10T23:45:50.590448,229
0a1c0d17dbad5e4a,https://cd.linkedin.com/jobs/view/gender-and-ethnic-minority-officer-at-iucn-world-commission-on-environmental-law-4439049434,Gender and Ethnic Minority Officer,,scraped,2026-07-10T23:45:55.213634,
e5fa4af522316718,https://cd.linkedin.com/jobs/view/assistant-restoration-technician-at-madison-property-restoration-4439087696,Assistant Restoration Technician,Madison Property Restoration,posted,2026-07-10T23:46:15.367531,231
9adbf0a7e2e2549a,https://cd.linkedin.com/jobs/view/personal-assistant-at-learning-skills-4436624620,Personal Assistant,,scraped,2026-07-10T23:46:17.932200,
0f09cbcb367ff2cc,https://cd.linkedin.com/jobs/view/coordinateur-d%E2%80%99appui-aux-sites-temporaire-at-julisha-cd-4438183946,Coordinateur d’Appui aux Sites Temporaire,,scraped,2026-07-10T23:46:50.265799,
0f6a8373a2f69c30,https://cd.linkedin.com/jobs/view/project-manager-%E2%80%93-haut-katanga-lualaba-at-standingovation-eco-4439000799,Project Manager – (Haut-Katanga & Lualaba),StandingOvation.eco,posted,2026-07-10T23:47:10.089371,233
68e95c4e490c1ec8,https://cd.linkedin.com/jobs/view/responsable-du-d%C3%A9douanement-at-julisha-cd-4438202121,Responsable du dédouanement,,scraped,2026-07-10T23:47:28.684410,
8b0ff06966dbf5e8,https://cd.linkedin.com/jobs/view/project-manager-at-julisha-cd-4438184880,Project Manager,,scraped,2026-07-10T23:47:34.844765,
f4d228c14a184532,https://cd.linkedin.com/jobs/view/webdesigner-at-julisha-cd-4438189672,Webdesigner,,scraped,2026-07-10T23:47:59.325373,
23e824d7ff2107dc,https://cd.linkedin.com/jobs/view/magasinier-magasini%C3%A8re-g5-kalemie-rd-congo-827260-at-julisha-cd-4439044968,Magasinier/Magasinière G5 | Kalemie | RD Congo (827260),,scraped,2026-07-10T23:48:21.590879,
00b80c9a2b99a1d4,https://cd.linkedin.com/jobs/view/chauffeur-m%C3%A9canicien-at-youth-portal-of-drc-4437976402,chauffeur mécanicien,,scraped,2026-07-10T23:48:27.958610,
abd459df1fa33a17,https://cd.linkedin.com/jobs/view/gestionnaire-du-financement-et-du-rapportage-at-julisha-cd-4438199088,Gestionnaire du financement et du rapportage,,scraped,2026-07-10T23:48:36.883857,
50381b7b5cc4be33,https://cd.linkedin.com/jobs/view/assistant-e-au-programme-%E2%80%93-alimentation-scolaire-at-youth-portal-of-drc-4437977293,Assistant(e) au programme – Alimentation Scolaire,,scraped,2026-07-10T23:48:59.338502,
0e1a6fac5c165e54,https://cd.linkedin.com/jobs/view/french-speaking-customer-support-specialist-at-talentpop-app-4434870847,French-Speaking Customer Support Specialist,TalentPop App,posted,2026-07-10T23:49:31.412425,99
90d023933dea474f,https://cd.linkedin.com/jobs/view/consultant-en-g%C3%A9nie-civil-at-julisha-cd-4438188812,Consultant en génie civil,,scraped,2026-07-10T23:49:38.013315,
200ed44745fa7d6d,https://cd.linkedin.com/jobs/view/coordinateur-trice-grant-h-f-at-julisha-cd-4439049384,COORDINATEUR/TRICE GRANT(H/F),,scraped,2026-07-10T23:49:46.148516,
9968b81c6fe9ec32,https://cd.linkedin.com/jobs/view/programme-officer-at-julisha-cd-4439055253,PROGRAMME OFFICER,,scraped,2026-07-10T23:50:00.578810,
29af92dc35cb31d0,https://cd.linkedin.com/jobs/view/people-culture-officer-at-fhi-360-4438125655,People & Culture Officer,FHI 360,posted,2026-07-10T23:50:14.530623,235
2de689cf2aea8425,https://cd.linkedin.com/jobs/view/reporting-officer-at-julisha-cd-4438193350,Reporting Officer,,scraped,2026-07-10T23:50:17.077401,
813bb4487c01558d,https://cd.linkedin.com/jobs/view/charg%C3%A9-e-de-logistique-zone-%E2%80%93-bukavu-at-julisha-cd-4439057233,Chargé.e de Logistique Zone – Bukavu,,scraped,2026-07-10T23:50:23.337644,
4f3d009d0f787f5c,https://cd.linkedin.com/jobs/view/consultant-national-expert-wash-at-julisha-cd-4439060085,Consultant National (Expert WASH),,scraped,2026-07-10T23:50:31.384684,
e89bb3d63149e90a,https://cd.linkedin.com/jobs/view/chef-comptable-at-julisha-cd-4439038993,Chef Comptable,,scraped,2026-07-10T23:50:37.953528,
90dd78da5748e163,https://cd.linkedin.com/jobs/view/coordinateur-trice-de-zone-%E2%80%93-bukavu-at-julisha-cd-4439047675,Coordinateur.trice de Zone – Bukavu,,scraped,2026-07-10T23:50:52.289294,
3ff2da49c19d3c56,https://cd.linkedin.com/jobs/view/coordinateur-trice-projet-urgence-rrm-goma-rdc-h-f-at-julisha-cd-4439042942,Coordinateur.trice Projet Urgence RRM - GOMA - RDC - H/F,,scraped,2026-07-10T23:51:00.602464,
18f2b40035ea3117,https://cd.linkedin.com/jobs/view/social-media-content-video-creator-m-w-d-at-mediatouch-gmbh-4438108812,Social Media Content & Video Creator (m/w/d),,scraped,2026-07-10T23:51:10.961224,
8b35900a18791e8d,https://cd.linkedin.com/jobs/view/msi-recrute-un-responsable-des-op%C3%A9rations-et-subventions-kinshasa-at-julisha-cd-4439051529,MSI: recrute un Responsable des Opérations et Subventions/Kinshasa,,scraped,2026-07-10T23:51:17.488738,
332dde37c3557d3d,https://cd.linkedin.com/jobs/view/coordinateur-de-projet-dans-autonomisation-les-communaut%C3%A9s-autour-des-sites-mini-at-julisha-cd-4439052249,Coordinateur de Projet dans autonomisation les communautés autour des sites mini...,,scraped,2026-07-10T23:51:29.974179,
06ba878e4de4a915,https://cd.linkedin.com/jobs/view/directeur-pays-at-julisha-cd-4438197125,Directeur pays,,scraped,2026-07-10T23:51:36.198500,
fdd290c8eee37da3,https://cd.linkedin.com/jobs/view/administrateur%C2%B7trice-kibua-at-julisha-cd-4439061141,Administrateur·trice - Kibua,,scraped,2026-07-10T23:51:42.401942,
e09a90e150d95cbd,https://cd.linkedin.com/jobs/view/administrateur%C2%B7trice-kibua-at-julisha-cd-4439062019,Administrateur·trice - Kibua,,scraped,2026-07-10T23:51:48.801607,
c49549b71642306b,https://cd.linkedin.com/jobs/view/grants-financial-manager-at-reliefweb-4439006082,Grants Financial Manager,ReliefWeb,posted,2026-07-10T23:52:06.306449,237
3764a7611d8b1066,https://cd.linkedin.com/jobs/view/isabella-polodori-at-ballet-britain-4438363166,Isabella Polodori,Ballet Britain,posted,2026-07-10T23:52:16.112303,239
8d26fff1532296b4,https://cd.linkedin.com/jobs/view/un%C2%B7e-coordinateur%C2%B7ice-terrain-bases-mobile-at-julisha-cd-4438203068,UN·E COORDINATEUR·ICE TERRAIN - BASES MOBILE,,scraped,2026-07-10T23:52:18.477919,
9301dd29bd32eef4,https://cd.linkedin.com/jobs/view/chef-de-mission-democratic-republic-of-congo-at-reliefweb-4439320557,Chef de Mission - Democratic Republic of Congo,ReliefWeb,posted,2026-07-10T23:52:31.034233,241
e789d58f72990d81,https://cd.linkedin.com/jobs/view/telecom-transition-mobile-implementation-officer-%E2%80%93-kinshasa-at-julisha-cd-4439046662,Telecom Transition Mobile Implementation Officer – Kinshasa,,scraped,2026-07-10T23:52:33.715582,
cf24f7f4f02e30f9,https://cd.linkedin.com/jobs/view/logisticien%C2%B7ne-kibua-rdc-at-julisha-cd-4439058280,Logisticien·ne - Kibua - RDC,,scraped,2026-07-10T23:52:40.162023,
430e403207894fdd,https://cd.linkedin.com/jobs/view/coordinateur%C2%B7trice-terrain-at-julisha-cd-4439053278,Coordinateur·trice Terrain,,scraped,2026-07-10T23:52:54.553626,
1796a50bab4c7fa4,https://cd.linkedin.com/jobs/view/expert-en-politique-et-recherche-en-travail-decent-et-protection-sociale-at-julisha-cd-4439062174,EXPERT EN POLITIQUE ET RECHERCHE EN TRAVAIL DECENT ET PROTECTION SOCIALE,,scraped,2026-07-10T23:53:01.142744,
540d47da6988f1c0,https://cd.linkedin.com/jobs/view/coordo-terrain-adjoint-programmes-h-f-%E2%80%93ituri-at-julisha-cd-4439062135,COORDO TERRAIN ADJOINT PROGRAMMES (H/F)–ITURI,,scraped,2026-07-10T23:53:07.459949,
6ff992fc3dfce9cc,https://cd.linkedin.com/jobs/view/safeguarding-advisor-at-julisha-cd-4439043822,SAFEGUARDING ADVISOR,,scraped,2026-07-10T23:53:13.684295,
a06f7f1e9236ae3d,https://cd.linkedin.com/jobs/view/technical-advisor-ii-disabilities-advisor-drc-etoile-activity-at-julisha-cd-4439054288,"Technical Advisor II, Disabilities Advisor, DRC ETOILE Activity",,scraped,2026-07-10T23:53:20.080072,
1cb7fade5ee8e513,https://cd.linkedin.com/jobs/view/technicien-ne-de-laboratoire-chef-at-julisha-cd-4439058232,Technicien(ne) de Laboratoire Chef,,scraped,2026-07-10T23:53:26.461168,
ac15d9653d65dbc2,https://cd.linkedin.com/jobs/view/management-systems-international-msi-conseiller-en-suivi-evaluation-et-ap-at-julisha-cd-4439045830,"Management Systems International (MSI) : Conseiller en Suivi, Evaluation et Ap...",,scraped,2026-07-10T23:53:33.044214,
b926a48807aff250,https://cd.linkedin.com/jobs/view/public-health-evaluation-phe-associate-director-at-julisha-cd-4438183975,Public Health Evaluation (PHE) Associate Director,,scraped,2026-07-10T23:53:39.494030,
b203f4b55222ad25,https://cd.linkedin.com/jobs/view/head-of-policy-and-practice-peace-economies-at-julisha-cd-4438196335,Head of Policy and Practice - Peace Economies,,scraped,2026-07-10T23:53:46.134060,
03b2556ec21e2eaa,https://cd.linkedin.com/jobs/view/un-e-expert-e-education-de-base-pour-kinshasa-avec-d%C3%A9placements-fr%C3%A9quents-dan-at-julisha-cd-4439047557,"Un(e) Expert(e) Education de Base pour Kinshasa, avec déplacements fréquents dan...",,scraped,2026-07-10T23:53:52.618279,
0cfdcc7d28596c2b,https://cd.linkedin.com/jobs/view/manager-charging-and-recharge-systems-at-vodacom-4432793171,Manager Charging and Recharge Systems,,scraped,2026-07-10T23:53:59.173450,
aae17635756ead07,https://cd.linkedin.com/jobs/view/deputy-emergency-programs-director-at-julisha-cd-4439043949,Deputy Emergency Programs Director,,scraped,2026-07-10T23:54:05.872239,
eaaec4db84f070ad,https://cd.linkedin.com/jobs/view/consultant-pour-l-elaboration-du-plan-d%E2%80%99action-de-r%C3%A9installation-at-julisha-cd-4439047593,Consultant pour l'Elaboration du plan d’action de réinstallation -,,scraped,2026-07-10T23:54:14.248416,
996331783b328bd5,https://cd.linkedin.com/jobs/view/technology-assurance-specialist-at-vodacom-4431926916,Technology Assurance Specialist,,scraped,2026-07-10T23:54:20.527271,
7d83595a251d4227,https://cd.linkedin.com/jobs/view/formateurs-sp%C3%A9cialis%C3%A9s-en-sant%C3%A9-publique-en-gestion-et-analyse-des-donn%C3%A9es-at-data-decision-4433914969,"Formateurs spécialisés en santé publique, en gestion et analyse des données",,scraped,2026-07-10T23:54:48.896005,
dd6b52fdc7b078d1,https://cd.linkedin.com/jobs/view/conseiller-rss-et-dialogues-communautaires-at-julisha-cd-4439050463,Conseiller RSS et Dialogues Communautaires,,scraped,2026-07-10T23:54:59.598946,
8bcd73e62f628610,https://cd.linkedin.com/jobs/view/volontaire-transparence-et-conformit%C3%A9-%E2%80%93-kinshasa-at-julisha-cd-4439053341,Volontaire Transparence et Conformité – Kinshasa,,scraped,2026-07-10T23:55:08.010876,
84f19bc442099e99,https://cd.linkedin.com/jobs/view/occupational-therapist-assistant-at-fox-rehabilitation-4439343497,Occupational Therapist Assistant,FOX Rehabilitation,posted,2026-07-10T23:55:24.409564,243
8a4b7d848d4f4583,https://cd.linkedin.com/jobs/view/warehouse-operator-kibali-site-at-youth-portal-of-drc-4437969859,Warehouse Operator (Kibali Site),,scraped,2026-07-11T07:27:51.258518,
1bf85d40bfbcef4e,https://cd.linkedin.com/jobs/view/magasinier-bas%C3%A9-%C3%A0-bunia-at-youth-portal-of-drc-4437978207,Magasinier basé à Bunia,,scraped,2026-07-11T07:27:57.799357,
1758b3bf23d85c6d,https://cd.linkedin.com/jobs/view/coordonnateur-du-pasa-nk-pasa-nk-at-julisha-cd-4439394337,Coordonnateur du PASA-NK/ PASA-NK,,scraped,2026-07-11T07:28:07.018302,
215eeca500f6653b,https://cd.linkedin.com/jobs/view/duty-officer-station-officer-at-julisha-cd-4439047604,Duty Officer / Station Officer,,scraped,2026-07-11T07:28:13.554321,
89386df33edd584e,https://cd.linkedin.com/jobs/view/un%C2%B7e-adjoint%C2%B7e-responsable-de-departement-logistique-achat-action-contre-la-fai-at-julisha-cd-4439397278,UN·E ADJOINT·E RESPONSABLE DE DEPARTEMENT LOGISTIQUE ACHAT/ Action Contre la Fai...,,scraped,2026-07-11T07:28:28.120548,
fd1f54a67245a349,https://cd.linkedin.com/jobs/view/accountant-hr-travel-and-other-expenses-at-afrik-interim-hr-services-sarl-4438344114,"Accountant HR, Travel and Other expenses",,scraped,2026-07-11T07:28:36.458422,
1ae790664d1c02c1,https://cd.linkedin.com/jobs/view/senior-draughtsman-at-wsp-in-canada-4410805434,Senior Draughtsman,WSP in Canada,posted,2026-07-11T07:29:07.689178,245
b1b086500004f672,https://cd.linkedin.com/jobs/view/social-media-manager-m-w-d-at-mediatouch-gmbh-4438107836,Social Media Manager (m/w/d),,scraped,2026-07-11T07:29:10.050023,
738db7199467d83b,https://cd.linkedin.com/jobs/view/democratic-republic-of-the-congo-business-projet-development-manager-%E2%80%93-kinshasa-at-acted-4439086330,Democratic Republic of the Congo : Business & Projet Development Manager – Kinshasa,,scraped,2026-07-11T07:29:29.224611,
03bd8c95967aa008,https://cd.linkedin.com/jobs/view/assistants-suivi-et-evaluation-icap-at-julisha-cd-4439507005,Assistants Suivi et Evaluation / ICAP,,scraped,2026-07-11T07:29:35.820470,
116b957ccb81aea5,https://cd.linkedin.com/jobs/view/coordinateur%C2%B7trice-logistique-at-julisha-cd-4439064006,Coordinateur·trice Logistique,,scraped,2026-07-11T07:29:42.316001,
98656f34adb52c6b,https://cd.linkedin.com/jobs/view/lw249129-project-secretary-at-nhs-scotland-4437966739,LW249129 - Project Secretary,,scraped,2026-07-11T07:29:48.628818,
f775d06d3d741cf1,https://cd.linkedin.com/jobs/view/drc-sp%C3%A9cialiste-de-la-s%C3%A9curit%C3%A9-alimentaire-at-julisha-cd-4438191500,DRC Spécialiste de la Sécurité Alimentaire,,scraped,2026-07-11T07:29:57.575394,
653691a5e3c1f5b2,https://cd.linkedin.com/jobs/view/un-e-assistant-administratif-ve-logistique-pour-kisangani-at-julisha-cd-4438196336,Un(e) Assistant administratif(ve) logistique pour Kisangani,,scraped,2026-07-11T07:30:19.650437,
2a34e31a87251d2f,https://cd.linkedin.com/jobs/view/un%C2%B7e-directeur%C2%B7ice-pays-adjoint%C2%B7e-programmes-at-julisha-cd-4438192402,UN·E DIRECTEUR·ICE PAYS ADJOINT·E - PROGRAMMES,,scraped,2026-07-11T07:30:31.982450,
2f92142f0c065d25,https://cd.linkedin.com/jobs/view/project-officer-iita-kalambo-at-julisha-cd-4439505193,Project Officer/IITA Kalambo,,scraped,2026-07-11T07:30:40.231350,
dc367766c24be7aa,https://cd.linkedin.com/jobs/view/global-process-engineer-engine-testing-and-balancing-at-ge-vernova-4438238823,Global Process Engineer - Engine Testing and Balancing,GE Vernova,posted,2026-07-11T07:31:07.628632,247
ad6f46a5c3e1c1bf,https://cd.linkedin.com/jobs/view/procurement-and-logistic-manager-at-fhi-360-4438126653,Procurement and Logistic Manager,FHI 360,posted,2026-07-11T07:31:28.869186,249
b0417137292e0092,https://cd.linkedin.com/jobs/view/french-english-customer-support-associate-at-talentpop-app-4434869848,French-English Customer Support Associate,TalentPop App,posted,2026-07-11T07:32:08.613850,139
568effaa451f9934,https://cd.linkedin.com/jobs/view/french-english-customer-support-associate-at-talentpop-app-4434879369,French-English Customer Support Associate,TalentPop App,scraped,2026-07-11T07:32:14.750589,
b1a14ba0f6b204fd,https://cd.linkedin.com/jobs/view/regional-leader-east-asia-eas-at-reliefweb-4438890781,"Regional Leader, East Asia (EAS)",ReliefWeb,posted,2026-07-11T07:32:27.048528,251
457e7223a2bb872d,https://cd.linkedin.com/jobs/view/monusco-logisticien-ne-no-b-at-julisha-cd-4439049523,"MONUSCO : LOGISTICIEN (NE), NO-B",,scraped,2026-07-11T07:32:31.391176,
7dcdad7db5b2c9ae,https://cd.linkedin.com/jobs/view/responsable-finances-administrattion-logistiques-at-julisha-cd-4439058357,"Responsable Finances, Administrattion & Logistiques",,scraped,2026-07-11T07:32:37.993881,
659849b4584b93e0,https://cd.linkedin.com/jobs/view/expert-e-en-formation-et-insertion-professionnelle-projet-kin-emploi-at-julisha-cd-4439050508,Expert.e en formation et insertion professionnelle (Projet Kin-Emploi),,scraped,2026-07-11T07:32:54.420117,
8dde901be8e02c64,https://cd.linkedin.com/jobs/view/responsable-apprentissage-et-developpement-at-julisha-cd-4439048403,RESPONSABLE APPRENTISSAGE ET DEVELOPPEMENT,,scraped,2026-07-11T07:33:13.048413,
c8cef343c636a331,https://cd.linkedin.com/jobs/view/responsable-relation-bailleurs-h-f-rdc-at-reliefweb-4438889870,Responsable Relation Bailleurs - H/F - RDC,ReliefWeb,posted,2026-07-11T07:33:32.401165,253
6521fbf131bcd10e,https://cd.linkedin.com/jobs/view/medical-coordinator-at-julisha-cd-4439055332,Medical Coordinator,,scraped,2026-07-11T07:33:34.988238,
214189fcb869cf20,https://cd.linkedin.com/jobs/view/ebola-health-project-manager-at-reliefweb-4439328321,Ebola Health Project Manager,ReliefWeb,posted,2026-07-11T07:33:49.775454,255
2ae23f4e5e6746d1,https://cd.linkedin.com/jobs/view/finance-and-administrative-assistant-villagereach-at-julisha-cd-4439505162,Finance and Administrative Assistant/VillageReach,,scraped,2026-07-11T07:33:52.522319,
3d5e0306ac19fbe1,https://cd.linkedin.com/jobs/view/project-finance-officer-at-julisha-cd-4439042841,Project Finance Officer,,scraped,2026-07-11T07:34:00.934375,
a84f4a9e7d3c982b,https://cd.linkedin.com/jobs/view/program-manager-ii-nutrition-and-wash-crs-at-julisha-cd-4439393532,Program Manager II-Nutrition and WASH/CRS,,scraped,2026-07-11T07:34:07.247088,
05f8929ef72c3750,https://cd.linkedin.com/jobs/view/msi-rdcongo-senior-manager-logistique-et-approvisionnement-at-julisha-cd-4439393487,MSI RDCongo/Senior Manager logistique et approvisionnement,,scraped,2026-07-11T07:34:13.779984,
7478c5f50afea695,https://cd.linkedin.com/jobs/view/professeur-e-du-second-degr%C3%A9-en-%C3%A9ducation-physique-et-sportive-eps-at-youth-portal-of-drc-4437986006,Professeur(e) du second degré en Éducation Physique et Sportive (EPS),,scraped,2026-07-11T07:34:20.118620,
39ec084e6f0606eb,https://cd.linkedin.com/jobs/view/team-leader-for-a-forthcoming-opportunity-in-drc-at-julisha-cd-4439042843,Team Leader for a forthcoming opportunity in DRC,,scraped,2026-07-11T07:34:26.598456,
bf4464abc646c650,https://cd.linkedin.com/jobs/view/consultant-national-expert-en-genre-vbg-peas-gvp-at-julisha-cd-4439061050,Consultant national expert en genre VBG PEAS (GVP),,scraped,2026-07-11T07:34:32.727184,
32a32e83e1b0ba15,https://cd.linkedin.com/jobs/view/technicien-en-charge-de-la-production-de-la-mouche-soldat-noire-at-julisha-cd-4439060090,Technicien en charge de la production de la mouche soldat noire,,scraped,2026-07-11T07:34:39.146424,
0d16cf4b2521a783,https://cd.linkedin.com/jobs/view/coordinateur-rice-de-zone-%E2%80%93-kal%C3%A9mie-at-julisha-cd-4439056291,Coordinateur.rice de Zone – Kalémie,,scraped,2026-07-11T07:34:47.290825,
4dae0a4c25f07724,https://cd.linkedin.com/jobs/view/gestionnaire-des-subventions-at-julisha-cd-4439059050,Gestionnaire des subventions,,scraped,2026-07-11T07:34:53.396052,
7d2fdaccdeffda3a,https://cd.linkedin.com/jobs/view/cuso-international-at-julisha-cd-4439399231,Cuso International/,,scraped,2026-07-11T07:35:03.829423,
d62e37de7de5613d,https://cd.linkedin.com/jobs/view/coordinateur-des-programmes-rdc-ad-intermin-100%25-at-julisha-cd-4439055363,"Coordinateur des Programmes RDC, ad Intermin, 100%",,scraped,2026-07-11T07:35:10.036992,
bfc8fe35944ab767,https://cd.linkedin.com/jobs/view/coordinateur-trice-general-e-rdc-f-h-x-at-julisha-cd-4439043879,Coordinateur/trice General/e RDC (f/h/x),,scraped,2026-07-11T07:35:18.065285,
99f5358f66dfd446,https://cd.linkedin.com/jobs/view/rdc%E2%80%93gestionnaire-approvisionnement-h-f-%E2%80%93ituri-at-julisha-cd-4439045713,RDC–Gestionnaire Approvisionnement (H/F)–Ituri,,scraped,2026-07-11T07:35:24.496392,
80ce9bc69196b0d5,https://cd.linkedin.com/jobs/view/head-teller-chef-caisse-at-youth-portal-of-drc-4437984042,Head Teller( Chef Caisse),,scraped,2026-07-11T07:35:33.040378,
4ed32bb4d925b325,https://cd.linkedin.com/jobs/view/manager-grants-administration-and-reporting-at-julisha-cd-4439059083,"MANAGER, GRANTS ADMINISTRATION AND REPORTING",,scraped,2026-07-11T07:35:40.155255,
f504bd5aa5219c91,https://cd.linkedin.com/jobs/view/agent-rh-site-lubumbashi-at-julisha-cd-4439042855,Agent RH - Site Lubumbashi,,scraped,2026-07-11T07:35:46.531427,
dcc2f1ce8b6fcb9b,https://cd.linkedin.com/jobs/view/logisticien%C2%B7ne-administrateur%C2%B7trice-masisi-rdc-at-julisha-cd-4439046736,Logisticien·ne-Administrateur·trice - Masisi - RDC,,scraped,2026-07-11T07:35:52.846490,
f0924f7c604e208d,https://cd.linkedin.com/jobs/view/consultant-e-superviseur-coordonnateur-logistique-rbs-consulting-at-julisha-cd-4439397244,Consultant(e) Superviseur Coordonnateur Logistique/ / RBS Consulting,,scraped,2026-07-11T07:35:59.376526,
9517d7fd02949624,https://cd.linkedin.com/jobs/view/gestionnaire-de-projet-respect-at-julisha-cd-4439058202,Gestionnaire de Projet (RESPECT),,scraped,2026-07-11T07:36:05.816914,
43bbe8005ae26bbb,https://cd.linkedin.com/jobs/view/project-management-support-associate-unops-at-julisha-cd-4439386905,Project Management Support - Associate/ UNOPS,,scraped,2026-07-11T07:36:11.914652,
062ef71244eeae3f,https://cd.linkedin.com/jobs/view/commodity-manager-and-logistics-manager-adra-international-at-julisha-cd-4439506172,Commodity Manager and Logistics Manager/ADRA International,,scraped,2026-07-11T07:36:20.123472,
c5d875d5f6cd9253,https://cd.linkedin.com/jobs/view/responsable-communications-et-collaboration-apprentissage-et-adaptation-pour-l-at-julisha-cd-4438192405,"Responsable Communications, et Collaboration, Apprentissage et Adaptation pour l...",,scraped,2026-07-11T07:36:26.566268,
4f13adbfd35b5a30,https://cd.linkedin.com/jobs/view/macon-ne-gl4-at-julisha-cd-4439051355,"MACON (NE), GL4",,scraped,2026-07-11T07:36:32.710824,
f70970f93a767eed,https://cd.linkedin.com/jobs/view/charg%C3%A9-e-de-s%C3%A9curit%C3%A9-zone-%E2%80%93-bukavu-at-julisha-cd-4439047660,Chargé.e de sécurité zone – Bukavu,,scraped,2026-07-11T07:36:38.835011,
38b37f58b3da0132,https://cd.linkedin.com/jobs/view/edc-recrute-des-agents-d-entretien-bureau-3-at-julisha-cd-4439388610,EDC : recrute des Agents d'entretien bureau/3,,scraped,2026-07-11T07:36:45.344797,
7e45311ab5c3f79c,https://cd.linkedin.com/jobs/view/awards-management-system-officer-at-julisha-cd-4439058139,Awards Management System Officer,,scraped,2026-07-11T07:36:51.750929,
368fd640c77a3cdb,https://cd.linkedin.com/jobs/view/plusieurs-postes-7-puruk-at-julisha-cd-4439384929,Plusieurs postes (7)/ PURUK,,scraped,2026-07-11T07:36:58.074438,
0675e9d05e807909,https://cd.linkedin.com/jobs/view/coordinateur-trice-des-ressources-humaines-f-h-x-rdc-at-julisha-cd-4439054370,"Coordinateur/trice des Ressources Humaines (f/h/x), RDC",,scraped,2026-07-11T07:37:06.203092,
3f62d0679e4118fd,https://cd.linkedin.com/jobs/view/acted-recrute-un-une-coordinateur-trice-de-zone-%E2%80%93-bukavu-at-julisha-cd-4439068006,ACTED : recrute un.une Coordinateur.trice de Zone – Bukavu,,scraped,2026-07-11T07:37:12.360733,
2b78267444091e7a,https://cd.linkedin.com/jobs/view/emergency-communications-specialist-shr-at-julisha-cd-4438190506,Emergency Communications Specialist - SHR,,scraped,2026-07-11T07:37:18.587441,
e80d3d61159c2926,https://cd.linkedin.com/jobs/view/actionaid-rdc-recrute-un-superviseur-technique-des-agr-at-julisha-cd-4439389685,ActionAid RDC : Recrute un Superviseur technique des AGR,,scraped,2026-07-11T07:37:27.102322,
6d03d8b8022c587c,https://cd.linkedin.com/jobs/view/digital-health-team-lead-at-julisha-cd-4439056316,Digital Health - Team Lead,,scraped,2026-07-11T07:37:39.990505,
7bc1146d8c97c618,https://cd.linkedin.com/jobs/view/rdc-%E2%80%93-coordinateur-trice-conformit%C3%A9-h-f-%E2%80%93-goma-at-julisha-cd-4439052370,RDC – Coordinateur.trice Conformité (H/F) – Goma,,scraped,2026-07-11T07:37:48.071803,
dcdfd98d7e2d5ca4,https://cd.linkedin.com/jobs/view/communication-and-media-manager-save-the-children-at-julisha-cd-4439390462,Communication and Media Manager/ Save the Children,,scraped,2026-07-11T07:37:56.084333,
c8918934dccf941b,https://cd.linkedin.com/jobs/view/expert-chercheur-pour-une-recherche-approfondie-sur-le-programme-msda-afin-de-co-at-julisha-cd-4438183971,Expert Chercheur pour une recherche approfondie sur le programme MSDA afin de co...,,scraped,2026-07-11T07:38:02.417880,
75fdec8d10a16d91,https://cd.linkedin.com/jobs/view/s%C3%A9lection-d%E2%80%99un-fournisseur-pour-achat-48-laptops-at-julisha-cd-4439053439,Sélection d’un Fournisseur pour achat 48 Laptops,,scraped,2026-07-11T07:38:08.740434,
081952b62fdc67d8,https://cd.linkedin.com/jobs/view/formations-en-logiciel-conception-et-gestion-des-outils-de-collecte-des-donn%C3%A9es-at-julisha-cd-4439506210,Formations en Logiciel Conception et Gestion des outils de Collecte des Données,,scraped,2026-07-11T07:38:14.829024,
5a485252ebb512d3,https://cd.linkedin.com/jobs/view/un-high-commissioner-for-refugees-unhcr-shelter-cluster-coordination-officer-at-julisha-cd-4439500229,"UN High Commissioner for Refugees/ UNHCR : Shelter Cluster Coordination Officer,...",,scraped,2026-07-11T07:38:20.866969,
975b6c0a08069072,https://cd.linkedin.com/jobs/view/chef-de-projet-suivi-de-protection-nord-kivu-sud-kivu-intersos-at-julisha-cd-4439396310,"Chef de Projet - Suivi de Protection Nord Kivu, Sud Kivu / INTERSOS",,scraped,2026-07-11T07:38:28.887280,
b9707a380dcf2601,https://cd.linkedin.com/jobs/view/acted-recrute-un-responsable-de-projets-cccm-%E2%80%93-bukavu-at-julisha-cd-4439504011,ACTED: Recrute un Responsable de Projets CCCM – Bukavu,,scraped,2026-07-11T07:38:35.055874,
9cb7681d40405eef,https://cd.linkedin.com/jobs/view/logisticien%C2%B7ne-kibua-rdc-at-julisha-cd-4439052304,Logisticien·ne - Kibua - RDC,,scraped,2026-07-11T07:38:43.382028,
22163458dae96a2e,https://cd.linkedin.com/jobs/view/responsable-finance-pays-%E2%80%93-kinshasa-at-julisha-cd-4439039984,Responsable Finance Pays – Kinshasa,,scraped,2026-07-11T07:38:51.816774,
d18d7cda44055d29,https://cd.linkedin.com/jobs/view/safer-consortium-director-goma-drc-mercy-corps-at-julisha-cd-4439385979,"SAFER Consortium Director - Goma, DRC/ Mercy Corps",,scraped,2026-07-11T07:39:10.003311,
4d8c32717095dca7,https://cd.linkedin.com/jobs/view/gender-and-ethnic-minority-officer-at-iucn-eastern-and-southern-africa-4439028027,Gender and Ethnic Minority Officer,,scraped,2026-07-11T07:39:20.324175,
7b20a6830cab6066,https://cd.linkedin.com/jobs/view/directeur-trice-hse-at-worksafe-france-4435984052,Directeur(trice) HSE,,scraped,2026-07-11T07:39:26.908508,
c3989acc51367d78,https://cd.linkedin.com/jobs/view/strategic-programs-pm-at-vodacom-4431927845,Strategic Programs PM,,scraped,2026-07-11T07:39:38.156435,
d1929b101e9b982a,https://cd.linkedin.com/jobs/view/team-leader-alerte-internationale-at-julisha-cd-4439399332,Team Leader/Alerte Internationale,,scraped,2026-07-11T07:39:45.627410,
b23248365f62f8a2,https://cd.linkedin.com/jobs/view/chief-information-security-officer-ciso-at-bnp-paribas-4439330010,Chief Information Security Officer (CISO),BNP Paribas,posted,2026-07-11T07:40:05.376761,257
45bf1067ffde816e,https://cd.linkedin.com/jobs/view/r%C3%A9publique-d%C3%A9mocratique-du-congo-coordinateur-rice-de-zone-%E2%80%93-kal%C3%A9mie-at-julisha-cd-4439043967,République Démocratique du Congo : Coordinateur.rice de Zone – Kalémie,,scraped,2026-07-11T07:40:07.685595,
915c7f73a9d9b94d,https://cd.linkedin.com/jobs/view/conseiller-en-suivi-evaluation-et-apprentissage-activit%C3%A9-de-l%E2%80%99usaid-promotion-at-julisha-cd-4439055175,"Conseiller en Suivi, Evaluation et Apprentissage, Activité de l’USAID Promotion...",,scraped,2026-07-11T07:40:14.012214,
21bc8a1232dde63c,https://cd.linkedin.com/jobs/view/path-recrute-un-finance-associate-kisantu-kongo-central-at-julisha-cd-4439047735,PATH: recrute un Finance Associate/ Kisantu (Kongo Central),,scraped,2026-07-11T07:40:20.292489,
8492d4e4b034244a,https://cd.linkedin.com/jobs/view/program-manager-ii-%E2%80%93-nutrition-and-wash-crs-catholic-relief-services-at-julisha-cd-4439396400,Program Manager II – Nutrition and WASH/CRS ( Catholic Relief Services),,scraped,2026-07-11T07:40:28.894559,
b96a201ef812f7c8,https://cd.linkedin.com/jobs/view/meal-officer-ipc-wash-at-international-rescue-committee-4435884891,"MEAL Officer, IPC & WASH",International Rescue Committee,posted,2026-07-11T07:40:41.602800,117
ce609290f3ebf230,https://cd.linkedin.com/jobs/view/strategic-information-advisor-icap-at-julisha-cd-4439399330,Strategic Information Advisor/ICAP,,scraped,2026-07-11T07:40:44.181269,
c90ca6dffb94870c,https://cd.linkedin.com/jobs/view/community-case-management-program-advisor-malaria-at-julisha-cd-4438194307,Community Case Management - Program Advisor - Malaria,,scraped,2026-07-11T07:40:50.535515,
cf8e548ad8ae434e,https://cd.linkedin.com/jobs/view/giz-recrute-un-une-expert-e-en-comptabilit%C3%A9-sud-kivu-uvira-at-julisha-cd-4439390409,GIZ: Recrute un. Une Expert(e) en comptabilité/Sud-Kivu /Uvira,,scraped,2026-07-11T07:40:56.679872,
9b180e808d15723e,https://cd.linkedin.com/jobs/view/acted-recrute-un-responsable-de-projet-soci%C3%A9t%C3%A9-civile-%E2%80%93-bukavu-at-julisha-cd-4439385805,Acted : Recrute un Responsable de Projet Société Civile – Bukavu,,scraped,2026-07-11T07:41:07.190034,
4e96b4363a4d8c2e,https://cd.linkedin.com/jobs/view/un-conseiller-en-mati%C3%A8re-de-collaboration-d-apprentissage-%E2%80%A6-abt-associates-ab-at-julisha-cd-4439504183,"un Conseiller en matière de collaboration, d'apprentissage …/ Abt Associates (Ab...",,scraped,2026-07-11T07:41:17.528535,
d32131fb1db66c1a,https://cd.linkedin.com/jobs/view/conseiller-sp%C3%A9cialiste-de-s%C3%A9curit%C3%A9-alimentaire-r%C3%A9siliente-abt-associates-abt-at-julisha-cd-4439504119,Conseiller spécialiste de sécurité alimentaire résiliente/Abt Associates (Abt),,scraped,2026-07-11T07:41:27.581476,
2f4fcccd590d06c7,https://cd.linkedin.com/jobs/view/sustainable-cocoa-advisor-okapi-wildlife-reserve-at-julisha-cd-4439053383,Sustainable Cocoa Advisor (Okapi Wildlife Reserve),,scraped,2026-07-11T07:41:33.963857,
b251d004fb108877,https://cd.linkedin.com/jobs/view/wildlife-conservation-society-site-manager-tchivanga-sud-kivu-at-julisha-cd-4439048584,Wildlife Conservation Society : Site Manager/Tchivanga/ Sud-kivu,,scraped,2026-07-11T07:41:50.268921,
834380a6b5de40e2,https://cd.linkedin.com/jobs/view/malaria-and-campaign-digitization-technical-advisor-at-julisha-cd-4439062108,"Malaria and Campaign Digitization, Technical Advisor",,scraped,2026-07-11T07:41:58.741616,
ca0645f663a8a827,https://cd.linkedin.com/jobs/view/acted-un-une-charg%C3%A9e-de-d%C3%A9veloppement-de-projet-%E2%80%93-kalemie-tanganyika-at-julisha-cd-4439399120,ACTED : un. une Chargée de Développement de Projet – Kalemie/ Tanganyika,,scraped,2026-07-11T07:42:05.019754,
53011b9c877893ac,https://cd.linkedin.com/jobs/view/fire-risk-engineer-at-glencore-4437363807,Fire Risk Engineer,,scraped,2026-07-11T07:42:19.563290,
9a1dd073fa856839,https://cd.linkedin.com/jobs/view/giz-conseiller-%C3%A8re-technique-senior-%C2%AB-bonne-gouvernance-et-restauration-des-pay-at-julisha-cd-4439388748,GIZ/Conseiller(ère) Technique Senior « Bonne Gouvernance et Restauration des Pay...,,scraped,2026-07-11T07:42:31.856788,
6587091b5384f5fc,https://cd.linkedin.com/jobs/view/fsrdc-consultant-e-individuel-le-comptable-pour-le-compte-de-la-convention-de-at-julisha-cd-4439391450,FSRDC: Consultant(e) individuel(le) comptable pour le compte de la convention de...,,scraped,2026-07-11T07:42:42.242186,
92725b4ce2bf4169,https://cd.linkedin.com/jobs/view/coordinateur-trice-des-urgences-danish-refugee-council-at-julisha-cd-4439505250,Coordinateur(trice) des Urgences/Danish Refugee Council,,scraped,2026-07-11T07:42:48.385825,
f38db38b1699d2b2,https://cd.linkedin.com/jobs/view/conseiller-rss-dialogues-communautaires-at-julisha-cd-4439057312,Conseiller RSS & Dialogues Communautaires,,scraped,2026-07-11T07:42:58.672531,
aa3ba985fcb11040,https://cd.linkedin.com/jobs/view/un-r%C3%A9f%C3%A9rent-en-entrepreneuriat-culturel-et-en-animation-socio-culturelle-at-julisha-cd-4439051337,UN Référent en entrepreneuriat culturel et en animation socio-culturelle,,scraped,2026-07-11T07:43:07.080268,
1804331f7e827760,https://cd.linkedin.com/jobs/view/volontaire-transparence-et-conformit%C3%A9-pays-at-julisha-cd-4439058150,Volontaire Transparence et Conformité Pays,,scraped,2026-07-11T07:43:15.444333,
5006b7159daefdd4,https://cd.linkedin.com/jobs/view/corporate-audit-manager-at-finca-impact-finance-4375148136,Corporate Audit Manager,FINCA Impact Finance,posted,2026-07-11T07:43:29.614709,259
23b6463fdb9d893c,https://cd.linkedin.com/jobs/view/alessandra-allen-at-ballet-britain-4438365073,Alessandra Allen,Ballet Britain,failed|wp_post_failed,2026-07-11T11:47:05.717482,
1738607f6afd54c7,https://cd.linkedin.com/jobs/view/lydia-beesley-at-ballet-britain-4438355354,Lydia Beesley,Ballet Britain,failed|wp_post_failed,2026-07-11T11:47:21.961361,
b715633216ef4ccb,https://cd.linkedin.com/jobs/view/charg%C3%A9-des-op%C3%A9rations-wash-at-julisha-cd-4439052256,Chargé des opérations (WASH),,scraped,2026-07-11T11:48:18.317376,
8e67df2db7bb8a70,https://cd.linkedin.com/jobs/view/international-digital-education-consultant-gpetech4ed-office-based-with-travel-at-unicef-chad-4436624307,International Digital Education Consultant (GPETech4Ed - office based with travel),Unicef CHAD,posted,2026-07-11T11:50:00.360092,261
b1cb1dcc7b96b583,https://cd.linkedin.com/jobs/view/eloise-campion-at-ballet-britain-4438345912,Eloise Campion,Ballet Britain,posted,2026-07-11T11:50:54.143587,263
55378833a129ce5d,https://cd.linkedin.com/jobs/view/kate-stephens-at-ballet-britain-4438361204,Kate Stephens,Ballet Britain,posted,2026-07-11T11:51:28.596879,265
06e9a56530ffbc70,https://cd.linkedin.com/jobs/view/community-engagement-officer-at-fhi-360-4438640888,Community Engagement Officer,FHI 360,posted,2026-07-11T11:51:43.259271,267
cf111e7b0ef67c82,https://cd.linkedin.com/jobs/view/country-director-democratic-republic-of-congo-at-julisha-cd-4439049480,"Country Director, Democratic Republic of Congo",,scraped,2026-07-11T11:51:53.845762,
fcd73bb44be9c44c,https://cd.linkedin.com/jobs/view/logistics-manager-at-reliefweb-4438890787,Logistics Manager,ReliefWeb,posted,2026-07-11T11:52:30.643461,269
df4211920252304e,https://cd.linkedin.com/jobs/view/responsable-administratif-et-financier-f-h-x-rdc-at-julisha-cd-4438188825,"Responsable Administratif et Financier (f/h/x), RDC",,scraped,2026-07-11T11:52:37.201633,
d4b13e82d2e7129f,https://cd.linkedin.com/jobs/view/regional-plant-specialist-at-afrik-interim-hr-services-sarl-4438340292,Regional Plant Specialist,,scraped,2026-07-11T11:52:47.727825,
49f6002016307af0,https://cd.linkedin.com/jobs/view/path-recrute-un-provincial-coordinator-at-julisha-cd-4439045841,PATH: recrute un Provincial Coordinator,,scraped,2026-07-11T11:52:56.677872,
4c70c024cdba7e1c,https://cd.linkedin.com/jobs/view/responsable-de-projets-multisectoriels-at-julisha-cd-4438199210,Responsable de Projets Multisectoriels,,scraped,2026-07-11T11:53:07.408288,
cfe15508d8880ef6,https://cd.linkedin.com/jobs/view/senior-chemical-engineer-at-wsp-in-canada-4410465335,Senior Chemical Engineer,WSP in Canada,posted,2026-07-11T11:54:18.003705,271
327bc4e91b0ed947,https://cd.linkedin.com/jobs/view/coordinateur-coordinatrice-de-protection-at-julisha-cd-4438198226,Coordinateur/Coordinatrice de Protection,,scraped,2026-07-11T11:54:42.637981,
23b4015a7476c533,https://cd.linkedin.com/jobs/view/commodity-manager-food-for-the-hungry-at-julisha-cd-4439396396,Commodity Manager/Food for the Hungry,,scraped,2026-07-11T11:54:49.052795,
87b188b01d659779,https://cd.linkedin.com/jobs/view/coordinateur-trice-logistique-rdc-m%C3%A9decins-du-monde-belgique-at-julisha-cd-4439398159,Coordinateur.trice Logistique - RDC/Médecins du Monde - Belgique,,scraped,2026-07-11T11:54:55.747711,
46cdb15b77d6b81b,https://cd.linkedin.com/jobs/view/un%C2%B7e-directeur-rice-pays-at-julisha-cd-4439059173,UN·E DIRECTEUR.RICE PAYS,,scraped,2026-07-11T11:55:04.353295,
abbd2518a6d77582,https://cd.linkedin.com/jobs/view/directeur-principal-relations-ext%C3%A9rieures-givedirectly-gd-at-julisha-cd-4439504038,Directeur principal - Relations extérieures/ GiveDirectly (GD),,scraped,2026-07-11T11:55:10.911087,
ad7560827a53483a,https://cd.linkedin.com/jobs/view/rdc-%E2%80%93-coordinateur-trice-conformit%C3%A9-h-f-%E2%80%93-goma-at-julisha-cd-4439060208,RDC – Coordinateur.trice Conformité (H/F) – Goma,,scraped,2026-07-11T11:55:16.916333,
a98707c325b2db45,https://cd.linkedin.com/jobs/view/chef-de-programme-danchurchaid-at-julisha-cd-4439392699,Chef de Programme/ DanChurchAid,,scraped,2026-07-11T11:55:22.857428,
83cfa0ea437d8f52,https://cd.linkedin.com/jobs/view/responsable-suivi-et-evaluation-meal-%E2%80%93-kinshasa-at-julisha-cd-4439042857,Responsable Suivi et Evaluation (MEAL) – Kinshasa,,scraped,2026-07-11T11:55:29.363864,
3bb7308db141c96c,https://cd.linkedin.com/jobs/view/socha-recrute-un-consultant-pour-les-services-de-relecture-et-d-%C3%A9dition-de-rap-at-julisha-cd-4439501127,SoCha : recrute un Consultant pour les Services de relecture et d'édition de rap...,,scraped,2026-07-11T11:55:35.787566,
07b2a9bb715b7ced,https://cd.linkedin.com/jobs/view/wash-project-manager-at-reliefweb-4439328320,WASH Project Manager,ReliefWeb,posted,2026-07-11T11:55:51.856752,273
1c01fbc606973204,https://cd.linkedin.com/jobs/view/administrateur-projets-coopi-at-julisha-cd-4439505238,Administrateur Projets/COOPI,,scraped,2026-07-11T11:55:54.235599,
c7bb6f2178e981b5,https://cd.linkedin.com/jobs/view/un%C2%B7e-coordinateur%C2%B7rice-terrain-at-julisha-cd-4439064034,UN·E COORDINATEUR·RICE TERRAIN,,scraped,2026-07-11T11:56:08.659682,
6ad39464bffca6c9,https://cd.linkedin.com/jobs/view/sodeico-sarl-national-programme-officer-at-julisha-cd-4439398264,SODEICO SARL /National Programme Officer,,scraped,2026-07-11T11:56:17.058417,
e4b5bf9f38c4a51a,https://cd.linkedin.com/jobs/view/charg%C3%A9-de-financements-f-h-r%C3%A9publique-d%C3%A9mocratique-du-congo-at-julisha-cd-4439046665,Chargé de financements (F/H) - République Démocratique du Congo,,scraped,2026-07-11T11:56:23.636271,
075e7985baa63335,https://cd.linkedin.com/jobs/view/charg%C3%A9-e-national-e-du-programme-op%C3%A9rations-planification-noa-kinshasa-wo-at-julisha-cd-4439384980,Chargé.e National.e du Programme (Opérations & Planification) NOA | Kinshasa/ Wo...,,scraped,2026-07-11T11:56:29.899734,
13c53e53a30b964e,https://cd.linkedin.com/jobs/view/sales-operations-management-analyst-at-afrik-interim-hr-services-sarl-4438333476,Sales Operations Management Analyst,,scraped,2026-07-11T11:56:36.243367,
3c480017682ceea8,https://cd.linkedin.com/jobs/view/plc-programoz%C3%B3-at-nct-zrt-4437996645,PLC Programozó,,scraped,2026-07-11T11:56:44.937800,
ef187371879fcb0c,https://cd.linkedin.com/jobs/view/conseiller-%C3%A8re-technique-gestion-durable-des-for%C3%AAts-giz-at-julisha-cd-4439507006,Conseiller(ère) technique gestion durable des forêts/ GIZ,,scraped,2026-07-11T11:56:55.298298,
27c5e40fe4fe2e66,https://cd.linkedin.com/jobs/view/acted-recrute-un-une-charg%C3%A9-e-de-logistique-zone-%E2%80%93-bukavu-at-julisha-cd-4439391373,Acted : recrute un.une Chargé.e de Logistique Zone – Bukavu,,scraped,2026-07-11T11:57:01.548511,
893ca17570e061b7,https://cd.linkedin.com/jobs/view/country-director-irc-at-julisha-cd-4439503341,Country Director/ IRC,,scraped,2026-07-11T11:57:09.747944,
d15e00b23ae3246a,https://cd.linkedin.com/jobs/view/coordinateur-trice-de-zone-%E2%80%93-bukavu-acted-at-julisha-cd-4439510062,Coordinateur.trice de Zone – Bukavu/Acted,,scraped,2026-07-11T11:57:17.864467,
ccee9a9994f79cb0,https://cd.linkedin.com/jobs/view/community-engagement-manager-at-julisha-cd-4439054408,Community Engagement Manager,,scraped,2026-07-11T11:57:25.858948,
36ef7eaf034265ce,https://cd.linkedin.com/jobs/view/charg%C3%A9-e-de-l%E2%80%99%C3%A9ducation-agricole-at-julisha-cd-4438183950,Chargé(e) de l’éducation agricole,,scraped,2026-07-11T11:57:32.162431,
3ccb9b6bc35dcf03,https://cd.linkedin.com/jobs/view/gestionnaire-financier-de-groupement-at-julisha-cd-4439387871,Gestionnaire Financier de Groupement,,scraped,2026-07-11T11:57:40.533166,
9286d36e9caa040d,https://cd.linkedin.com/jobs/view/coordinateur-trice-meal-rdc-bukavu-at-julisha-cd-4439054283,"Coordinateur/trice MEAL, RDC, Bukavu",,scraped,2026-07-11T11:57:47.107782,
1456ddb1f1cab7b5,https://cd.linkedin.com/jobs/view/safer-consortium-director-at-julisha-cd-4438190494,SAFER Consortium Director,,scraped,2026-07-11T11:58:05.312310,
6b5257115a74f7a2,https://cd.linkedin.com/jobs/view/sp%C3%A9cialiste-en-evaluation-suivi-et-apprentissage-pour-l%E2%80%99activit%C3%A9-de-soutien-au-at-julisha-cd-4439041950,"Spécialiste en Evaluation, Suivi, et Apprentissage pour l’Activité de Soutien au...",,scraped,2026-07-11T11:58:12.041938,
4f71517be34012cf,https://cd.linkedin.com/jobs/view/field-operations-officer-camp-coordination-and-camp-management-cccm-at-julisha-cd-4439052435,Field Operations Officer (Camp Coordination and Camp Management (CCCM)),,scraped,2026-07-11T11:58:20.520083,
9c9093890be1a181,https://cd.linkedin.com/jobs/view/un%C2%B7e-responsable-terrain-multisectoriel-mobile-action-contre-la-faim-at-julisha-cd-4439396443,UN·E RESPONSABLE TERRAIN MULTISECTORIEL MOBILE/Action Contre la Faim,,scraped,2026-07-11T11:58:26.710810,
2e4aeafb74719f23,https://cd.linkedin.com/jobs/view/business-development-specialist-save-the-children-at-julisha-cd-4439397296,Business Development Specialist/ Save the Children,,scraped,2026-07-11T11:58:41.012410,
e00c7a4158aa499f,https://cd.linkedin.com/jobs/view/offre-d-emploi-comptable-senior-pwc-at-julisha-cd-4439397268,OFFRE D'EMPLOI/ Comptable Senior/PwC,,scraped,2026-07-11T11:58:51.723104,
6468e2788988363e,https://cd.linkedin.com/jobs/view/assistant-e-aux-achats-%C3%A0-kananga-sc5-word-food-programme-pam-at-julisha-cd-4439388737,Assistant(e) aux achats à Kananga SC5 / WORD FOOD PROGRAMME/ PAM,,scraped,2026-07-11T11:59:06.009175,
9eb6f7fb89a6d0b2,https://cd.linkedin.com/jobs/view/administrateur-trice-base-ituri-at-julisha-cd-4439501313,ADMINISTRATEUR.TRICE BASE - ITURI/,,scraped,2026-07-11T11:59:14.617852,
5a974ab1675eaf77,https://cd.linkedin.com/jobs/view/monitoring-and-evaluation-lead-adra-international-at-julisha-cd-4439394483,Monitoring and Evaluation Lead/ADRA International,,scraped,2026-07-11T11:59:21.185740,
9e967e271382ffa7,https://cd.linkedin.com/jobs/view/program-manager-human-rights-house-at-julisha-cd-4439056237,Program Manager - Human Rights House,,scraped,2026-07-11T11:59:27.886406,
3c3d0a7572adfce0,https://cd.linkedin.com/jobs/view/commodity-manager-usaid-drc-resilience-food-security-activity-rfsa-save-the-at-julisha-cd-4439502216,"Commodity Manager, USAID/DRC Resilience Food Security Activity (RFSA)// Save the...",,scraped,2026-07-11T11:59:36.304341,
dc91a657fab409dd,https://cd.linkedin.com/jobs/view/save-the-children-recrute-un-sp%C3%A9cialiste-des-march%C3%A9s-publics-et-de-la-logisti-at-julisha-cd-4439380991,Save the Children : Recrute un Spécialiste des Marchés Publics et de la Logisti...,,scraped,2026-07-11T11:59:42.899978,
ebda7088f6392ff7,https://cd.linkedin.com/jobs/view/intersos-recrute-un-chef-de-programmes-nutrition-sud-kivu-bukavu-at-julisha-cd-4439384860,INTERSOS : Recrute un Chef de Programmes Nutrition/ Sud-Kivu/ Bukavu,,scraped,2026-07-11T11:59:49.117260,
eeac39c25051df78,https://cd.linkedin.com/jobs/view/chef-de-l%E2%80%99hygi%C3%A8ne-hospitali%C3%A8re-at-julisha-cd-4439050371,Chef de l’hygiène hospitalière,,scraped,2026-07-11T11:59:59.699888,
cb5e2797df6c3ffa,https://cd.linkedin.com/jobs/view/call-for-expressions-of-interest-for-to-develop-a-protected-area-management-plan-at-julisha-cd-4438198230,Call for expressions of interest for to develop a Protected Area Management Plan...,,scraped,2026-07-11T12:00:06.542823,
d4b6525566f2555c,https://cd.linkedin.com/jobs/view/development-outreach-communications-doc-officer-at-julisha-cd-4438189664,Development Outreach & Communications (DOC) Officer,,scraped,2026-07-11T12:00:13.060753,
d8dca0e235171bf6,https://cd.linkedin.com/jobs/view/director-of-program-controls-sustainable-water-sanitation-systems-activity-at-julisha-cd-4439059213,"Director of Program Controls, Sustainable Water & Sanitation Systems Activity -...",,scraped,2026-07-11T12:00:21.207031,
90e0f1647b02f274,https://cd.linkedin.com/jobs/view/coordinateur%C2%B7trice-terrain-rdc-bas%C3%A9-%C3%A0-rdc-goma-at-julisha-cd-4439048561,Coordinateur·trice Terrain - RDC- basé à RDC-Goma,,scraped,2026-07-11T12:00:27.474820,
873bd225223e07a3,https://cd.linkedin.com/jobs/view/coordinateur-terrain-adjoint-aux-programmes-h-f-%E2%80%93-ituri-at-julisha-cd-4439039976,COORDINATEUR TERRAIN ADJOINT AUX PROGRAMMES (H/F) – ITURI,,scraped,2026-07-11T12:00:33.989399,
353cec9093474b49,https://cd.linkedin.com/jobs/view/senior-advisor-i-sanitation-market-systems-drc-sanitation-activity-at-julisha-cd-4438182906,"Senior Advisor I, Sanitation Market Systems, DRC Sanitation Activity",,scraped,2026-07-11T12:00:42.277256,
ade418866623e889,https://cd.linkedin.com/jobs/view/acted-responsable-de-projet-rrm-%E2%80%93-bukavu-at-julisha-cd-4439503040,ACTED: Responsable de Projet RRM – Bukavu,,scraped,2026-07-11T12:00:58.256067,
b954633e20dbad61,https://cd.linkedin.com/jobs/view/conseillers-techniques-en-ccsc-en-nutrition-et-planification-familiale-at-julisha-cd-4438188810,Conseillers Techniques en CCSC en Nutrition et Planification Familiale,,scraped,2026-07-11T12:01:04.796379,
18dac603f863475e,https://cd.linkedin.com/jobs/view/monitoring-evaluation-learning-officer-mel-officer-at-julisha-cd-4439397277,"Monitoring, Evaluation & Learning Officer (MEL Officer)/",,scraped,2026-07-11T12:01:12.136529,
dafaf88d87b6107e,https://cd.linkedin.com/jobs/view/responsable-de-projet-soci%C3%A9t%C3%A9-civile-acted-at-julisha-cd-4439390522,Responsable de Projet Société Civile /ACTED,,scraped,2026-07-11T12:01:22.180656,
4e601d6f129fea2f,https://cd.linkedin.com/jobs/view/project-specialist-hss-and-quality-of-services-at-julisha-cd-4439056178,Project Specialist HSS and Quality of Services,,scraped,2026-07-11T12:01:30.319799,
9a1a9714e2f2f2db,https://cd.linkedin.com/jobs/view/programme-policy-officer-emergency-coordinator-p4-programme-alimentaire-mondi-at-julisha-cd-4439396403,"Programme Policy Officer (Emergency Coordinator), P4/Programme Alimentaire Mondi...",,scraped,2026-07-11T12:01:37.013593,
27fc775c24496ceb,https://cd.linkedin.com/jobs/view/responsable-de-projet-soci%C3%A9t%C3%A9-civile-%E2%80%93-bukavu-at-julisha-cd-4439064033,Responsable de Projet Société Civile – Bukavu,,scraped,2026-07-11T12:01:43.399048,
47e9635b361da3e6,https://cd.linkedin.com/jobs/view/responsable-de-projet-soci%C3%A9t%C3%A9-civile-%E2%80%93-bukavu-at-julisha-cd-4439057267,Responsable de Projet Société Civile – Bukavu,,scraped,2026-07-11T12:01:49.444829,
4debc7cfe4747b15,https://cd.linkedin.com/jobs/view/technical-assistance-consultant-at-palladium-make-it-possible-4343030756,Technical Assistance Consultant,Palladium: Make It Possible,posted,2026-07-11T12:02:33.335556,275
cf67bd1845ce70d6,https://cd.linkedin.com/jobs/view/it-technicien-information-charg%C3%A9-de-formation-des-enseignants-action-aid-rdc-at-julisha-cd-4439389756,IT - Technicien Information chargé de formation des enseignants/ Action Aid RDC,,scraped,2026-07-11T12:02:35.869382,
8c2e6100055d8cf7,https://cd.linkedin.com/jobs/view/specialist-sp%C3%A9cialiste-en-renforcement-des-capacit%C3%A9s-institutionnelles-at-julisha-cd-4439060065,Specialist (Spécialiste en renforcement des capacités institutionnelles),,scraped,2026-07-11T12:02:52.177457,
32a5ddea78258b8d,https://cd.linkedin.com/jobs/view/gender-equality-and-social-inclusion-specialist-world-vision-at-julisha-cd-4439508162,Gender Equality and Social Inclusion Specialist/ World-Vision,,scraped,2026-07-11T12:02:58.820548,
37713e5a28b814f4,https://cd.linkedin.com/jobs/view/sp%C3%A9cialiste-inclusion-h-f-rdc-at-julisha-cd-4439051457,Spécialiste Inclusion H/F - RDC,,scraped,2026-07-11T12:03:05.282691,
fa2173bb0e7843e6,https://cd.linkedin.com/jobs/view/responsable-de-projet-soci%C3%A9t%C3%A9-civile-%E2%80%93-bukavu-acted-at-julisha-cd-4439395384,Responsable de Projet Société Civile – Bukavu/ ACTED,,scraped,2026-07-11T12:03:31.602194,
1c5091a3ca1f0894,https://cd.linkedin.com/jobs/view/medical-manager-ebola-treatment-center-ect-at-reliefweb-4439335177,"Medical Manager, Ebola Treatment Center (ECT)",ReliefWeb,posted,2026-07-11T12:03:56.113851,277
ec472059828cea47,https://cd.linkedin.com/jobs/view/country-lead-drc-women-s-integrated-sexual-health-wish-dividend-policy-systems-programme-at-palladium-make-it-possible-4439306776,"Country Lead, DRC - Women's Integrated Sexual Health (WISH) Dividend, Policy & Systems Programme",Palladium: Make It Possible,posted,2026-07-11T12:04:27.182746,279
3d4f4860646600cc,https://cd.linkedin.com/jobs/view/management-sciences-for-health-recrute-un-senior-technical-advisor-dhis2-fran-at-julisha-cd-4439503117,"Management Sciences for Health: Recrute un Senior Technical Advisor, DHIS2 (Fran...",,scraped,2026-07-11T12:04:31.769934,
94a6a7e9a33e2462,https://cd.linkedin.com/jobs/view/expert-secteur-socio-culturel-et-entreprenariat-culturel-h-f-at-julisha-cd-4439060106,Expert secteur socio-culturel et entreprenariat culturel (H/F),,scraped,2026-07-11T12:04:40.038075,
24b6b504a7fd39f6,https://cd.linkedin.com/jobs/view/afrique-centrale-administrateur-r%C3%A9gional-at-julisha-cd-4438184911,Afrique Centrale - Administrateur Régional,,scraped,2026-07-11T15:37:46.267337,
1cc7fed58bce5bd4,https://cd.linkedin.com/jobs/view/assistant-e-au-controle-des-mouvements-gl3-at-julisha-cd-4439043894,"ASSISTANT(E) AU CONTROLE DES MOUVEMENTS, GL3",,scraped,2026-07-11T15:37:57.038508,
1f89b8808b8c36ec,https://cd.linkedin.com/jobs/view/auto-electrician-at-boart-longyear-4380789164,Auto Electrician,Boart Longyear,posted,2026-07-11T15:38:41.834559,281
8da179bc18a33963,https://cd.linkedin.com/jobs/view/engen-drc-s-a-recrute-un-comptable-clients-account-receivable-at-julisha-cd-4439390437,Engen DRC S.A : Recrute un Comptable Clients (Account Receivable),,scraped,2026-07-11T15:39:02.439255,
0e01fe238d6bb06e,https://cd.linkedin.com/jobs/view/head-of-programmes-in-drc-at-julisha-cd-4439043896,Head of Programmes in DRC,,scraped,2026-07-11T15:39:16.750642,
4c392ab81e5754fe,https://cd.linkedin.com/jobs/view/parj2-recrute-plusieurs-postes-3-kinshasa-at-julisha-cd-4439501068,PARJ2: recrute Plusieurs postes (3) / Kinshasa,,scraped,2026-07-11T15:39:23.282305,
c3c8e756347f8e4f,https://cd.linkedin.com/jobs/view/virunga-national-park-recrute-un-responsable-adjoint-%C3%A0-l%E2%80%99exploitation-at-julisha-cd-4439385895,Virunga National Park : Recrute un Responsable adjoint à l’exploitation,,scraped,2026-07-11T15:39:29.673561,
4baa653e06ef7ba9,https://cd.linkedin.com/jobs/view/ufar-united-front-against-riverblindness-recrute-un-comptable-at-julisha-cd-4439389614,UFAR ( United Front Against Riverblindness ) : recrute un Comptable,,scraped,2026-07-11T15:39:36.132286,
8e2ef6d40db17855,https://cd.linkedin.com/jobs/view/electrical-standards-and-compliance-engineer-cape-town-at-totalenergies-4439099820,Electrical Standards and Compliance Engineer - Cape Town,,scraped,2026-07-11T15:40:02.598790,
041b3d1bc0097f1d,https://cd.linkedin.com/jobs/view/french-customer-support-specialist-bilingual-fr-en-non-voice-blended-remote-at-talentpop-app-4434874573,French Customer Support Specialist (Bilingual FR/EN | Non-Voice/Blended | Remote),TalentPop App,posted,2026-07-11T15:40:22.990708,97
b7eff116fe02fa26,https://cd.linkedin.com/jobs/view/french-customer-support-specialist-bilingual-fr-en-non-voice-blended-remote-at-talentpop-app-4434874743,French Customer Support Specialist (Bilingual FR/EN | Non-Voice/Blended | Remote),TalentPop App,scraped,2026-07-11T15:40:29.578645,
a44b58c821720530,https://cd.linkedin.com/jobs/view/save-the-children-recrute-un-head-of-meal-at-julisha-cd-4439396251,Save the Children ; recrute un Head of MEAL,,scraped,2026-07-11T15:40:40.185978,
0ca58c07b6512331,https://cd.linkedin.com/jobs/view/technico-commerciaux-kit4africa-at-julisha-cd-4439501144,Technico-Commerciaux/ KIT4AFRICA,,scraped,2026-07-11T15:40:46.873963,
449b74553c5902a1,https://cd.linkedin.com/jobs/view/rtsl-conseilleur-en-charge-du-suivi-et-de-l-evaluation-equip%C3%A9-d-acc%C3%A9l%C3%A9ration-at-julisha-cd-4439384882,"RTSL: Conseilleur en charge du Suivi et de l'Evaluation, Equipé d'Accélération",,scraped,2026-07-11T15:41:01.231930,
467b75315964163c,https://cd.linkedin.com/jobs/view/responsable-des-ressources-humaines-at-julisha-cd-4438186842,Responsable des ressources humaines,,scraped,2026-07-11T15:41:07.843940,
ad211a7fe5c51d7c,https://cd.linkedin.com/jobs/view/french-speaking-customer-support-specialist-at-talentpop-app-4434880574,French-Speaking Customer Support Specialist,TalentPop App,posted,2026-07-11T15:41:26.917505,99
3b628edd401f6b67,https://cd.linkedin.com/jobs/view/virtual-customer-support-agent-french-english-%E2%80%93-100%25-remote-at-talentpop-app-4435684174,Virtual Customer Support Agent (French/English) – 100% Remote,TalentPop App,posted,2026-07-11T15:41:59.589342,101
4c765f22b710f55d,https://cd.linkedin.com/jobs/view/crisis-response-protection-coordinator-drc-fhi360-at-julisha-cd-4439504009,Crisis Response Protection Coordinator - DRC/fhi360,,scraped,2026-07-11T15:42:03.964616,
e4fbf95f08e92dce,https://cd.linkedin.com/jobs/view/conseiller-en-am%C3%A9lioration-de-la-qualit%C3%A9-des-donn%C3%A9es-at-julisha-cd-4438189656,Conseiller en Amélioration de la Qualité des Données,,scraped,2026-07-11T15:42:10.503349,
9419a25d93d1b335,https://cd.linkedin.com/jobs/view/officier-des-op%C3%A9rations-abris-nfi-at-julisha-cd-4439039981,Officier des Opérations (Abris/NFI),,scraped,2026-07-11T15:42:16.931394,
c67ca6c5e5bac8e6,https://cd.linkedin.com/jobs/view/coopi-cooperazione-internazionale-recrute-un-responsable-m-e-administratif-at-julisha-cd-4439502083,COOPI - Cooperazione Internazionale : Recrute un Responsable M&E Administratif,,scraped,2026-07-11T15:42:33.401540,
39117a720efb748c,https://cd.linkedin.com/jobs/view/gender-youth-social-inclusion-advisor-adra-international-at-julisha-cd-4439508110,"Gender, Youth & Social Inclusion Advisor/ADRA International",,scraped,2026-07-11T15:42:47.548839,
672c302a32268c8b,https://cd.linkedin.com/jobs/view/contr%C3%B4leur-financier-unite-de-coordination-et-de-management-des-projets-du-min-at-julisha-cd-4439382970,Contrôleur financier : UNITE DE COORDINATION ET DE MANAGEMENT DES PROJETS DU MIN...,,scraped,2026-07-11T15:42:53.870773,
ba18869c1afb7dfc,https://cd.linkedin.com/jobs/view/head-of-programme-of-humanitarian-programme-dan-church-aid-at-julisha-cd-4439397298,Head of Programme of humanitarian programme/ Dan Church Aid,,scraped,2026-07-11T15:43:00.169198,
f651e0325a59ce39,https://cd.linkedin.com/jobs/view/action-contre-la-faim-france-recrute-un%C2%B7e-area-coordinator-ituri-at-julisha-cd-4439062186,Action Contre la Faim France: recrute UN·E AREA COORDINATOR - ITURI,,scraped,2026-07-11T15:43:06.374743,
9608a3d093e9fb6f,https://cd.linkedin.com/jobs/view/un%C2%B7e-responsable-programme-nutrition-et-sante-at-julisha-cd-4438185862,UN·E RESPONSABLE PROGRAMME NUTRITION ET SANTE,,scraped,2026-07-11T19:57:48.239878,
c38a3124fff38a99,https://cd.linkedin.com/jobs/view/un%C2%B7e-coordinateur%C2%B7rice-qualite-et-developpement-des-programmes-action-contre-l-at-julisha-cd-4439394299,UN·E COORDINATEUR·RICE QUALITE ET DEVELOPPEMENT DES PROGRAMMES / Action Contre l...,,scraped,2026-07-11T19:58:17.020052,
a53b0916521f2b5e,https://cd.linkedin.com/jobs/view/coordinateur-trice-financier-%C3%A8re-drc-100%25-at-julisha-cd-4439044994,"Coordinateur/-trice financier/-ère, DRC, 100%",,scraped,2026-07-11T19:58:25.623803,
4d3632384b85017f,https://cd.linkedin.com/jobs/view/wash-experts-at-julisha-cd-4439052347,WASH Experts,,scraped,2026-07-11T19:58:36.183991,
76d26080ff7044a7,https://cd.linkedin.com/jobs/view/regional-sales-manager-b2b-and-b2b2c-%E2%80%93-cape-town-at-totalenergies-4390874175,Regional Sales Manager B2B and B2B2C – Cape Town,,scraped,2026-07-11T19:59:00.779131,
4468badbf78e581b,https://cd.linkedin.com/jobs/view/unfpa-recrute-pour-8-postes-at-julisha-cd-4439042880,UNFPA RECRUTE POUR 8 POSTES,,scraped,2026-07-11T19:59:15.433911,
5e9dc434fc1431a0,https://cd.linkedin.com/jobs/view/charg%C3%A9-e-de-passation-des-march%C3%A9s-du-projet-step-ii-antenne-d%E2%80%99ituri-fond-social-at-julisha-cd-4439510005,Chargé(e) de passation des marchés du projet STEP II/Antenne d’Ituri/Fond Social,,scraped,2026-07-11T19:59:21.512483,
2ff9511b0d92779b,https://cd.linkedin.com/jobs/view/comptable-at-julisha-cd-4439057204,Comptable,,scraped,2026-07-11T19:59:37.634114,
5cc510972598dea2,https://cd.linkedin.com/jobs/view/coordinateur-technique-urgence-%E2%80%93-goma-at-julisha-cd-4439064029,Coordinateur Technique Urgence – Goma,,scraped,2026-07-11T20:00:03.864436,
4865c4f6301e0fe3,https://cd.linkedin.com/jobs/view/responsable-projet-urgence-multi-sectoriel-at-julisha-cd-4438201147,Responsable Projet Urgence Multi-sectoriel,,scraped,2026-07-11T20:00:13.839782,
0eb04e1729eb8ec0,https://cd.linkedin.com/jobs/view/officier-de-recherche-et-d-%C3%A9valuation-francophone-afrique-de-l-ouest-et-du-ce-at-julisha-cd-4439050355,"Officier de recherche et d'évaluation (Francophone), Afrique de l'Ouest et du Ce...",,scraped,2026-07-11T20:00:24.132270,
2a40c162056a2b92,https://cd.linkedin.com/jobs/view/gestionnaire-de-programme-at-julisha-cd-4438205047,Gestionnaire de programme,,scraped,2026-07-11T20:00:30.440140,
1929ffcd8eaecba0,https://cd.linkedin.com/jobs/view/virtual-customer-support-agent-french-english-%E2%80%93-100%25-remote-at-talentpop-app-4435667596,Virtual Customer Support Agent (French/English) – 100% Remote,TalentPop App,posted,2026-07-11T20:00:47.208953,101
653954f83de07740,https://cd.linkedin.com/jobs/view/assistant-assistante-aux-ressources-humaines-sc5-bunia-rdc-world-food-pr-at-julisha-cd-4439504104,Assistant/ Assistante aux ressources humaines SC5 | Bunia | RDC / World Food Pr...,,scraped,2026-07-11T20:01:03.817945,
84ef7213b2c24c05,https://cd.linkedin.com/jobs/view/charg%C3%A9-e-de-logistique-zone-%E2%80%93-bukavu-at-julisha-cd-4439058302,Chargé.e de Logistique Zone – Bukavu,,scraped,2026-07-11T20:01:10.211105,
b5f66d85bad6f753,https://cd.linkedin.com/jobs/view/charg%C3%A9-e-de-logistique-zone-%E2%80%93-bukavu-at-julisha-cd-4439055323,Chargé.e de Logistique Zone – Bukavu,,scraped,2026-07-11T20:01:18.259159,
dace19d33127739a,https://cd.linkedin.com/jobs/view/premi%C3%A8re-urgence-internationale-recrute-un-une-logisticien%C2%B7ne-rdc-goma-at-julisha-cd-4439388656,Première Urgence Internationale : Recrute un.une Logisticien·ne - RDC-Goma,,scraped,2026-07-11T20:01:26.543537,
7ab611aa938328b4,https://cd.linkedin.com/jobs/view/program-evaluation-officer-at-julisha-cd-4438197301,Program Evaluation Officer,,scraped,2026-07-11T20:01:32.653556,
a42f0b610a453673,https://cd.linkedin.com/jobs/view/deputy-logistics-manager-at-julisha-cd-4439054293,Deputy Logistics Manager,,scraped,2026-07-11T20:01:38.732852,
933024f4d5cfa0e2,https://cd.linkedin.com/jobs/view/rapid-response-project-manager-nrc-at-julisha-cd-4439398357,Rapid Response Project Manager/NRC,,scraped,2026-07-11T20:01:50.985146,
ef5a8835f9ae000c,https://cd.linkedin.com/jobs/view/gestionnaire-de-projets-aide-internationale-%C3%A0-uvira-at-julisha-cd-4439053241,Gestionnaire de projets - Aide internationale à Uvira,,scraped,2026-07-11T20:01:59.017176,
129b922c503e7023,https://cd.linkedin.com/jobs/view/usaid-voucher-examiner-usaid-drc-at-julisha-cd-4439396306,USAID Voucher Examiner/ USAID / DRC,,scraped,2026-07-11T20:02:07.224791,
cea87e5b0fb4494f,https://cd.linkedin.com/jobs/view/programme-coordinator-shelter-and-non-food-items-at-julisha-cd-4438189697,Programme Coordinator (Shelter and Non-Food Items),,scraped,2026-07-11T20:02:13.728751,
3ae2e4beebb2e77a,https://cd.linkedin.com/jobs/view/coordinateur-rice-urgence-h-f-at-julisha-cd-4438205009,Coordinateur.rice Urgence (H/F),,scraped,2026-07-11T20:02:21.971553,
fac4ecbd718e6695,https://cd.linkedin.com/jobs/view/democratic-republic-of-the-congo-country-finance-officer-%E2%80%93-kinshasa-at-acted-4439083413,Democratic Republic of the Congo : Country Finance Officer – Kinshasa,,scraped,2026-07-11T20:02:30.329285,
4b2015517376eb2d,https://cd.linkedin.com/jobs/view/un%C2%B7e-adjoint%C2%B7e-directeur%C2%B7rice-pays-programmes-action-contre-la-faim-france-at-julisha-cd-4439389824,UN·E ADJOINT·E DIRECTEUR·RICE PAYS PROGRAMMES/Action Contre la Faim France,,scraped,2026-07-11T20:02:36.823074,
5a2429cf245b81da,https://cd.linkedin.com/jobs/view/wash-project-manager-dr-congo-bunia-at-reliefweb-4439008038,WASH Project Manager DR Congo Bunia,ReliefWeb,posted,2026-07-11T20:02:53.744286,283
f0ac3ebe898c0eba,https://cd.linkedin.com/jobs/view/programme-coordinator-drc-concern-at-julisha-cd-4439398371,Programme Coordinator - DRC/ Concern,,scraped,2026-07-11T20:03:10.047369,
171702bf2f0a4839,https://cd.linkedin.com/jobs/view/responsable-suivi-evaluation-redevabilit%C3%A9-et-apprentissage-meal-adjoint-ac-at-julisha-cd-4439501188,"Responsable Suivi, Evaluation, Redevabilité et Apprentissage (MEAL) Adjoint / AC...",,scraped,2026-07-11T20:03:16.305834,
41f941d407da1354,https://cd.linkedin.com/jobs/view/pricewaterhousecoopers-rdc-it-assistant-at-julisha-cd-4439391482,PricewaterhouseCoopers RDC/ IT assistant,,scraped,2026-07-11T20:03:22.566996,
162e305dc4d696af,https://cd.linkedin.com/jobs/view/coordinateur%C2%B7trice-administratif-financier-rdc-kinshasa-premi%C3%A8re-urgence-in-at-julisha-cd-4439503147,Coordinateur·trice Administratif & Financier - RDC-Kinshasa/ Première Urgence In...,,scraped,2026-07-11T20:03:28.752730,
241e2319231d81a3,https://cd.linkedin.com/jobs/view/coordinateur-trice-des-finances-pays-rca-at-julisha-cd-4439063022,Coordinateur/trice des Finances Pays - RCA,,scraped,2026-07-11T20:03:36.733762,
b4d8e6c705244f9c,https://cd.linkedin.com/jobs/view/consultant-r%C3%A9alisation-d%E2%80%99une-analyse-situationnelle-sur-le-volontariat-at-julisha-cd-4439052480,Consultant - Réalisation d’une analyse situationnelle sur le volontariat,,scraped,2026-07-11T20:03:47.120013,
482768cf25169547,https://cd.linkedin.com/jobs/view/plusieurs-postes-7-at-julisha-cd-4438194349,Plusieurs postes (7),,scraped,2026-07-11T20:54:21.476106,
89a36e1a57aa6697,https://cd.linkedin.com/jobs/view/project-manager-at-julisha-cd-4438189663,Project Manager,,scraped,2026-07-11T20:54:35.949112,
8ed3ed0ec342a2ad,https://cd.linkedin.com/jobs/view/formations-en-suivi-et-evaluation-des-projets-julisha-en-partenariat-avec-achad-at-julisha-cd-4439505251,Formations En Suivi et Evaluation des projets/JULISHA en partenariat avec ACHAD/...,,scraped,2026-07-11T20:56:20.351917,
1d0ba41231e220ad,https://cd.linkedin.com/jobs/view/project-assistant-ma%C3%AF-ndombe-villagereach-at-julisha-cd-4439391458,"Project Assistant, Maï Ndombe / VillageReach",,scraped,2026-07-11T20:57:02.517353,
c378636ce65e456c,https://cd.linkedin.com/jobs/view/rdc-administrateur-logisticien-at-julisha-cd-4439041980,RDC - Administrateur/Logisticien,,scraped,2026-07-11T20:57:10.759289,
54002aa0093063b8,https://cd.linkedin.com/jobs/view/adjoint-e-coordinateur-trice-logistique-f-h-x-rdc-at-julisha-cd-4439038996,"Adjoint.e Coordinateur/trice Logistique (f/h/x), RDC",,scraped,2026-07-11T20:57:18.856311,
9f3f1e60930462bc,https://cd.linkedin.com/jobs/view/adjoint-au-coordinateur-financier-f-h-at-julisha-cd-4438185870,Adjoint au coordinateur financier (F/H),,scraped,2026-07-11T20:57:25.249808,
167cd08d79da3006,https://cd.linkedin.com/jobs/view/path-recrute-un-project-administrator-kongo-central-kisantu-at-julisha-cd-4439056375,PATH: recrute un Project Administrator/ kongo-central/kisantu,,scraped,2026-07-11T20:57:33.567295,
590f9f1441e3b58d,https://cd.linkedin.com/jobs/view/coordinateur%C2%B7trice-administratif-financier-rdc-kinshasa-premi%C3%A8re-urgence-in-at-julisha-cd-4439398249,Coordinateur·trice Administratif & Financier - RDC-Kinshasa/ Première Urgence In...,,scraped,2026-07-11T20:57:41.916264,
b445ff20f1df8955,https://cd.linkedin.com/jobs/view/coordinateur-trice-de-zone-%E2%80%93-bukavu-at-julisha-cd-4439058272,Coordinateur.trice de Zone – Bukavu,,scraped,2026-07-11T20:58:06.171842,
49dc60d3f5239546,https://cd.linkedin.com/jobs/view/stagiaire-biomonitoring-at-julisha-cd-4439044866,Stagiaire Biomonitoring,,scraped,2026-07-11T20:58:13.046869,
a7648315612d66b6,https://cd.linkedin.com/jobs/view/assistant-de-projet-search-for-common-ground-sfcg-at-julisha-cd-4439395470,Assistant de projet/Search for Common Ground (SFCG),,scraped,2026-07-11T20:58:19.335259,
1d60489e0b9c5ca1,https://cd.linkedin.com/jobs/view/tetra-tech-recrute-un-consultant-en-communications-pour-l%E2%80%99activit%C3%A9-fabs-at-julisha-cd-4439395309,Tetra Tech : Recrute un Consultant en communications pour l’activité FABS,,scraped,2026-07-11T20:58:25.607059,
44626f4d6925d3c1,https://cd.linkedin.com/jobs/view/acheteur-euse-servtec-rdc-at-julisha-cd-4439506043,Acheteur (euse)/ SERVTEC RDC,,scraped,2026-07-11T20:58:32.039893,
0cbf020a422d52d3,https://cd.linkedin.com/jobs/view/chef-de-programme-people-in-need-at-julisha-cd-4439392692,Chef de Programme /People in Need,,scraped,2026-07-11T20:58:40.603784,
537a1c6624d5df50,https://cd.linkedin.com/jobs/view/rdc-chef-de-projet-protection-at-julisha-cd-4438185873,RDC - Chef de Projet Protection,,scraped,2026-07-11T20:58:51.191439,
e36c1669aa3d8557,https://cd.linkedin.com/jobs/view/gender-youth-and-social-inclusion-advisor-food-for-the-hungry-at-julisha-cd-4439387926,"Gender, Youth, and Social Inclusion Advisor/Food for the Hungry",,scraped,2026-07-11T21:00:09.571593,
1476092da5153158,https://cd.linkedin.com/jobs/view/transparence-et-conformit%C3%A9-pays-at-julisha-cd-4438202099,Transparence et Conformité Pays,,scraped,2026-07-11T21:00:17.695444,
96fdd2b6d73d19e4,https://cd.linkedin.com/jobs/view/world-food-programme-wfp-recrute-un-medical-officer-noc-at-julisha-cd-4439051528,World Food Programme ( WFP) : recrute un Medical Officer NOC,,scraped,2026-07-11T21:00:24.191808,
662811d51c87cff5,https://cd.linkedin.com/jobs/view/socha-%C2%AB-social-change-%C2%BB-recrute-un-sp%C3%A9cialiste-de-la-gestion-et-production-at-julisha-cd-4439381968,SoCha( « Social Change » : RECRUTE UN Spécialiste de la Gestion et production...,,scraped,2026-07-11T21:00:32.489998,
2de2a6c9670a9b84,https://cd.linkedin.com/jobs/view/catalyze-edufinance-drc-assessment-at-julisha-cd-4439058167,Catalyze EduFinance DRC Assessment,,scraped,2026-07-11T21:00:41.092415,
221377f5ebc5d44d,https://cd.linkedin.com/jobs/view/community-engagement-officer-sc8-at-julisha-cd-4439053240,Community Engagement Officer SC8,,scraped,2026-07-11T21:00:49.931386,
d323413397f695c1,https://cd.linkedin.com/jobs/view/r%C3%A9publique-d%C3%A9mocratique-du-congo-charg%C3%A9-meal-et-d%C3%A9veloppement-de-projets-consortium-%E2%80%93-goma-at-reliefweb-4438885960,République Démocratique du Congo : Chargé MEAL et Développement de Projets Consortium – Goma,ReliefWeb,posted,2026-07-11T21:01:18.802128,285
c49d3a37336d33f7,https://cd.linkedin.com/jobs/view/rdc-%E2%80%93-coordinateur-trice-conformit%C3%A9-h-f-%E2%80%93-goma-at-julisha-cd-4439041986,RDC – Coordinateur.trice Conformité (H/F) – Goma,,scraped,2026-07-11T21:01:25.137625,
64ec73b5272ba469,https://cd.linkedin.com/jobs/view/intitul%C3%A9-du-poste-consultants-nationaux-junior-en-communication-rb-services-at-julisha-cd-4439385947,Intitulé du poste : CONSULTANTS NATIONAUX JUNIOR EN COMMUNICATION/ RB Services...,,scraped,2026-07-11T21:01:31.578331,
582c7f040b635b40,https://cd.linkedin.com/jobs/view/emergency-programs-director-goma-drc-at-julisha-cd-4439063114,"Emergency Programs Director - Goma, DRC",,scraped,2026-07-11T21:01:37.659293,
19ac06e2c9c8e1c6,https://cd.linkedin.com/jobs/view/diagnostics-applications-specialist-at-julisha-cd-4439060061,Diagnostics Applications Specialist,,scraped,2026-07-11T21:01:48.689271,
56d981357dd5bab4,https://cd.linkedin.com/jobs/view/responsable-de-projet-rrm-%E2%80%93-bukavu-at-julisha-cd-4439042941,Responsable de Projet RRM – Bukavu,,scraped,2026-07-11T21:01:55.018991,
8728a3759d1009f1,https://cd.linkedin.com/jobs/view/rdc-reporting-and-communication-officer-h-f-goma-at-julisha-cd-4439054346,RDC-REPORTING AND COMMUNICATION OFFICER(H/F)-GOMA,,scraped,2026-07-11T21:02:01.092318,
81100b586685e248,https://cd.linkedin.com/jobs/view/international-alert-recrute-un-director-global-peacebuilding-unit-kisantu-k-at-julisha-cd-4439047734,"International Alert : recrute un Director, Global Peacebuilding Unit/ Kisantu/ k...",,scraped,2026-07-11T21:02:07.285557,
3edf6606b916e5fe,https://cd.linkedin.com/jobs/view/acted-recrute-responsable-de-projet-rrm-%E2%80%93-bukavu-at-julisha-cd-4439501117,ACTED : Recrute Responsable de Projet RRM – Bukavu,,scraped,2026-07-11T21:02:13.731720,
33d0f80ced0d661b,https://cd.linkedin.com/jobs/view/coordonnateur-provincial-agcal-rdc-at-julisha-cd-4439508144,Coordonnateur Provincial/AGCAL - RDC,,scraped,2026-07-11T21:02:19.752243,
dcf8fe82de64dd2c,https://cd.linkedin.com/jobs/view/director-of-programs-at-julisha-cd-4439056322,Director of Programs,,scraped,2026-07-11T21:02:25.957476,
7a51bf201aed2614,https://cd.linkedin.com/jobs/view/ucm-recrute-comptable-a-kinshasa-at-julisha-cd-4439382973,UCM : recrute Comptable A kinshasa,,scraped,2026-07-11T21:02:34.269682,
50562ca6af7b5c22,https://cd.linkedin.com/jobs/view/dr-congo-intersos-recrute-coordinateur-trice-des-programmes-at-julisha-cd-4439396250,DR Congo INTERSOS : Recrute Coordinateur/trice des Programmes,,scraped,2026-07-11T21:02:40.656408,
0bf2c034bb00778f,https://cd.linkedin.com/jobs/view/operational-information-management-reports-consultant-at-julisha-cd-4439044940,Operational Information Management & Reports Consultant,,scraped,2026-07-11T21:02:47.020272,
4ed32fbab857d557,https://cd.linkedin.com/jobs/view/monitoring-evaluation-learning-specialist-m-e-abt-associates-abt-at-julisha-cd-4439387815,"Monitoring, Evaluation & Learning Specialist (M&E)/ Abt Associates (Abt)",,scraped,2026-07-11T21:02:53.460332,
9101f92227f25fcc,https://cd.linkedin.com/jobs/view/program-development-officer-samaritan-s-purse-at-julisha-cd-4439389743,Program Development Officer// Samaritan's Purse,,scraped,2026-07-11T21:03:03.623297,
097e86fcb2e91c76,https://cd.linkedin.com/jobs/view/grants-officer-kinshasa-rdc-at-julisha-cd-4439050480,Grants Officer - Kinshasa - RDC,,scraped,2026-07-11T21:03:33.864164,
e98189ce756e4a51,https://cd.linkedin.com/jobs/view/grants-manager-kinshasa-rdc-at-julisha-cd-4439057238,Grants Manager - Kinshasa - RDC,,scraped,2026-07-11T21:03:40.300316,
9dbeaf4d556c59d1,https://cd.linkedin.com/jobs/view/si-jeunesse-savait-ong-un-e-directeur-trice-ex%C3%A9cutif-ve-adjoint-e-pour-k-at-julisha-cd-4439049427,SI Jeunesse Savait (ONG) : Un(e) Directeur(trice) Exécutif(ve) adjoint(e) pour K...,,scraped,2026-07-11T21:03:46.768315,
e4ce96e671fb19a3,https://cd.linkedin.com/jobs/view/coopi-cooperazione-internazionale-recrute-un-gestionnaire-financier-de-grou-at-julisha-cd-4439399102,COOPI - Cooperazione Internazionale : recrute un Gestionnaire Financier de Grou...,,scraped,2026-07-11T21:03:54.941515,
32f1f6883ac9ea88,https://cd.linkedin.com/jobs/view/business-development-specialist-i-at-julisha-cd-4439058279,Business Development Specialist I,,scraped,2026-07-11T21:04:03.361619,
240baa33435f96dc,https://cd.linkedin.com/jobs/view/kasai-regional-development-coordinator-for-a-forthcoming-opportunity-in-drc-at-julisha-cd-4439052310,Kasai Regional Development Coordinator for a forthcoming opportunity in DRC,,scraped,2026-07-11T21:04:35.666831,
fd65e0e61e79f13f,https://cd.linkedin.com/jobs/view/senior-national-influencing-active-citizenship-advisor-at-julisha-cd-4439047590,Senior National Influencing & Active Citizenship Advisor,,scraped,2026-07-11T21:04:44.105333,
d505a4ba51d8be67,https://cd.linkedin.com/jobs/view/rtsl-conseilleur-juridique-equip%C3%A9-d-acc%C3%A9l%C3%A9ration-kinshasa-at-julisha-cd-4439383981,"RTSL: Conseilleur Juridique, Equipé d'Accélération/ kinshasa",,scraped,2026-07-11T21:04:50.520027,
d950716a68a37171,https://cd.linkedin.com/jobs/view/technical-advisor-ii-strategic-learning-advisor-sla-drc-etoile-activity-at-julisha-cd-4439055250,"Technical Advisor II, Strategic Learning Advisor (SLA), DRC ETOILE Activity",,scraped,2026-07-11T21:04:58.885320,
738e3d171f1a3330,https://cd.linkedin.com/jobs/view/project-manager-substations-at-wsp-in-canada-4437555310,Project Manager: Substations,WSP in Canada,posted,2026-07-11T21:05:19.762003,287
d4dad37ccb9cb193,https://cd.linkedin.com/jobs/view/norwegian-capacity-recrute-un-strategic-communications-officer-at-julisha-cd-4439380948,Norwegian Capacity : recrute un Strategic Communications Officer,,scraped,2026-07-11T21:05:48.098457,
f1b70d0b23ea6890,https://cd.linkedin.com/jobs/view/r%C3%A9ferent-e-sant%C3%A9-terrain-f-h-x-rdc-at-julisha-cd-4439042952,"Réferent.e Santé Terrain (f/h/x), RDC",,scraped,2026-07-11T21:06:12.607435,
96c2e8bd121ac6c7,https://cd.linkedin.com/jobs/view/advocacy-manager-oxfam-gb-grande-bretagne-at-julisha-cd-4439387811,ADVOCACY MANAGER/ Oxfam GB / Grande-Bretagne,,scraped,2026-07-11T21:06:19.001504,
9123a25cca73b6d6,https://cd.linkedin.com/jobs/view/magasinier-at-julisha-cd-4438186785,Magasinier,,scraped,2026-07-13T12:44:14.982168,
a5050e40ba2be16c,https://cd.linkedin.com/jobs/view/education-officer-at-julisha-cd-4438201123,EDUCATION OFFICER,,scraped,2026-07-13T12:44:23.790954,
73ac1c7303307554,https://cd.linkedin.com/jobs/view/food-for-the-hungry-at-julisha-cd-4439386971,Food for the Hungry/,,scraped,2026-07-13T12:44:58.346852,
1dd2d05af80f2322,https://cd.linkedin.com/jobs/view/translator-lingala-english-%2495-hr-remote-at-crossing-hurdles-4430385361,Translator (Lingala-English) | $95/hr Remote,Crossing Hurdles,posted,2026-07-13T12:45:37.845979,289
9994536128ace6c8,https://cd.linkedin.com/jobs/view/general-manager-at-seaboard-overseas-and-trading-group-4367485971,General Manager,Seaboard Overseas and Trading Group,posted,2026-07-13T12:46:13.933835,291
74ea4da5ff9e092e,https://cd.linkedin.com/jobs/view/why-apply-to-sbs-in-dc-what-i-learned-at-sbs-office-of-career-and-professional-development-umass-amherst-4439044953,Why apply to SBS in DC: What I learned,"SBS Office of Career and Professional Development, UMass Amherst",posted,2026-07-13T12:46:51.872284,293
22815d6572b57ff9,https://cd.linkedin.com/jobs/view/plusieurs-postes-mtc-sarl-at-julisha-cd-4439397264,PLUSIEURS POSTES / MTC sarl,,scraped,2026-07-13T12:47:22.511434,
7cfb3429e649cf4d,https://cd.linkedin.com/jobs/view/nutrition-wash-purpose-two-lead-usaid-drc-save-the-children-usa-at-julisha-cd-4439388749,"Nutrition & WASH/Purpose Two Lead, USAID/DRC/ Save the Children - USA",,scraped,2026-07-13T12:47:33.091694,
ee00e15593f5e06c,https://cd.linkedin.com/jobs/view/offre-de-stage-community-manager-at-lesbonsplans-4438975953,Offre de Stage Community Manager,,scraped,2026-07-13T12:47:59.462819,
3ede739c790ef5c8,https://cd.linkedin.com/jobs/view/tricycle-sales-repr%C3%A9sentatives-at-afrik-interim-hr-services-sarl-4439168046,Tricycle Sales Représentatives,,scraped,2026-07-13T12:48:06.396107,
f825626dab5f3f78,https://cd.linkedin.com/jobs/view/un%C2%B7e-responsable-du-programme-sante-mental-et-soutien-psychosocial-at-julisha-cd-4438205023,UN·E RESPONSABLE DU PROGRAMME SANTE MENTAL ET SOUTIEN PSYCHOSOCIAL,,scraped,2026-07-13T12:48:47.038457,
f9848f08277dad23,https://cd.linkedin.com/jobs/view/world-vision-recrute-un-resilience-food-security-activity-rfsa-purpose-two-l-at-julisha-cd-4439385907,World Vision : recrute un Resilience Food Security Activity (RFSA) Purpose Two L...,,scraped,2026-07-13T12:49:13.175565,
ef6433b12c5b23ac,https://cd.linkedin.com/jobs/view/charg%C3%A9-e-de-s%C3%A9curit%C3%A9-zone-%E2%80%93-bukavu-at-julisha-cd-4439040984,Chargé.e de sécurité zone – Bukavu,,scraped,2026-07-13T12:49:31.875161,
0c4302e47d44c093,https://cd.linkedin.com/jobs/view/knowledge-management-communications-specialist-at-julisha-cd-4439056154,Knowledge Management & Communications Specialist,,scraped,2026-07-13T12:49:37.944121,
1fe646b08700f0ad,https://cd.linkedin.com/jobs/view/acted-charg%C3%A9-e-de-logistique-zone-%E2%80%93-bukavu-at-julisha-cd-4439501125,ACTED : Chargé.e de Logistique Zone – Bukavu,,scraped,2026-07-13T12:50:06.043544,
09e511b6ce4e2bbb,https://cd.linkedin.com/jobs/view/legal-advisor-at-totalenergies-4045646977,Legal Advisor,,scraped,2026-07-13T12:50:22.608443,
d3f1405dfa17391b,https://cd.linkedin.com/jobs/view/formation-en-excel-approfondi-pour-les-professionnels-pas-les-d%C3%A9butants-at-julisha-cd-4439060241,Formation en Excel Approfondi pour les professionnels (pas les débutants).,,scraped,2026-07-13T12:50:33.283120,
1c2b347db579c771,https://cd.linkedin.com/jobs/view/charg%C3%A9-e-finance-zone-%E2%80%93-bukavu-at-julisha-cd-4439059190,Chargé.e Finance Zone – Bukavu,,scraped,2026-07-13T12:50:40.291596,
eeb1c54330e01af6,https://cd.linkedin.com/jobs/view/business-development-coordinator-at-julisha-cd-4439051506,Business Development Coordinator,,scraped,2026-07-13T12:50:54.938784,
d34700db57c75d59,https://cd.linkedin.com/jobs/view/charg%C3%A9-de-suivi-et-%C3%A9valuation-s-e-qui-sera-bas%C3%A9-%C3%A0-kinshasa-at-julisha-cd-4439050352,Chargé de Suivi et Évaluation (S&E) qui sera basé à Kinshasa,,scraped,2026-07-13T12:51:01.295664,
0cfb2b9dc27ce4c2,https://cd.linkedin.com/jobs/view/acted-recrute-un-une-coordinateur-rice-de-zone-adjoint-e-%E2%80%93-gbadolite-at-julisha-cd-4439502149,ACTED: recrute un . une Coordinateur.rice de Zone Adjoint.e – Gbadolite,,scraped,2026-07-13T12:51:07.417269,
cb7e7a5b9837032a,https://cd.linkedin.com/jobs/view/path-operations-coordinator-acceleration-team-at-julisha-cd-4439396362,PATH/Operations Coordinator - Acceleration Team,,scraped,2026-07-13T12:51:13.940600,
b373bdbd836676fe,https://cd.linkedin.com/jobs/view/project-manager-pact-at-julisha-cd-4439502296,Project Manager/PACT,,scraped,2026-07-13T12:51:20.327447,
259ee7fdf2a50a1c,https://cd.linkedin.com/jobs/view/msi-recrute-un-sp%C3%A9cialiste-de-l%E2%80%99engagement-communautaire-kinshasa-at-julisha-cd-4439046782,MSI : recrute un Spécialiste de l’engagement communautaire/Kinshasa,,scraped,2026-07-13T12:51:32.880459,
8d86de12870be242,https://cd.linkedin.com/jobs/view/grants-manager-kinshasa-rdc-at-julisha-cd-4439047686,Grants Manager - Kinshasa - RDC,,scraped,2026-07-13T12:51:45.508503,
3a83e6069c8357e2,https://cd.linkedin.com/jobs/view/acted-recrute-un-une-charg%C3%A9-e-de-projets-urgences-et-fsl-monga-at-julisha-cd-4439500094,ACTED : recrute un.une Chargé.e de Projets Urgences et FSL - Monga,,scraped,2026-07-13T12:51:59.691980,
824c8ca009c6d8ed,https://cd.linkedin.com/jobs/view/responsable-terrain-de-la-protection-en-rdc-at-julisha-cd-4439561827,Responsable terrain de la protection en RDC,,scraped,2026-07-13T12:52:05.950682,
ffbba04ff81d2c61,https://cd.linkedin.com/jobs/view/strategic-learning-advisor-adra-international-at-julisha-cd-4439389831,Strategic Learning Advisor/ADRA International,,scraped,2026-07-13T12:52:16.055194,
1ed7936b0b84e24d,https://cd.linkedin.com/jobs/view/safeguarding-coordinator-at-julisha-cd-4439060139,Safeguarding Coordinator,,scraped,2026-07-13T12:52:26.312068,
939a9cd9bb60d7cf,https://cd.linkedin.com/jobs/view/directeur-d-usine-at-les-industries-grc-inc-4439887361,Directeur d'usine,,scraped,2026-07-15T10:19:00.182386,
58ed203b6ba81c50,https://cd.linkedin.com/jobs/view/plusieurs-postes-9-at-julisha-cd-4440325731,Plusieurs postes (9),,scraped,2026-07-15T10:19:06.235670,
7fcbc9ee2f42dc2a,https://cd.linkedin.com/jobs/view/rso-administrative-clerk-at-youth-portal-of-drc-4437980149,RSO Administrative Clerk,,scraped,2026-07-15T10:19:14.719102,
4a689810aab92d0c,https://cd.linkedin.com/jobs/view/project-manager-%E2%80%93-drc-at-reliefweb-4438897561,Project Manager – DRC,ReliefWeb,posted,2026-07-15T10:19:41.688592,295
f66da8c899c3bf08,https://cd.linkedin.com/jobs/view/logistic-superintendent-at-kamoto-copper-company-s-a-4438076172,Logistic Superintendent,,scraped,2026-07-15T10:19:56.188032,
f13d5c4cc28248cb,https://cd.linkedin.com/jobs/view/field-project-coordinator-at-iom-un-migration-4440940539,Field Project Coordinator,IOM - UN Migration,posted,2026-07-15T10:20:18.566624,297
bcf36d1a5cbd62d1,https://cd.linkedin.com/jobs/view/senior-programs-manager-drc-at-samaritan-s-purse-4440539667,"Senior Programs Manager, DRC",Samaritan's Purse,posted,2026-07-15T10:20:29.557329,299
7f08116f06ea95e7,https://cd.linkedin.com/jobs/view/senior-manager-finance-drc-at-givedirectly-4430584843,"Senior Manager, Finance (DRC)",GiveDirectly,posted,2026-07-15T10:20:41.555392,301
5df8a6d4bc033a6b,https://cd.linkedin.com/jobs/view/officier-i%C3%A8re-suivi-et-evaluation-projet-ierdc-at-julisha-cd-4440337234,Officier(ière) Suivi et Evaluation Projet IERDC,,scraped,2026-07-15T10:21:06.115681,
d4fc2e20cdd721b5,https://cd.linkedin.com/jobs/view/peintre-industriel-at-les-industries-grc-inc-4439894217,Peintre industriel,,scraped,2026-07-15T10:21:12.654022,
e753ecce824c78e0,https://cd.linkedin.com/jobs/view/project-officer-project-development-ftc-cape-town-at-totalenergies-4341005304,Project Officer: Project Development (FTC) - Cape Town,,scraped,2026-07-15T10:21:18.548862,
2da2bbfc097e351f,https://cd.linkedin.com/jobs/view/vie-charg%C3%A9-d%E2%80%99audit-interne-h-f-congo-at-totalenergies-4440015263,VIE - Chargé d’Audit Interne (H/F) - Congo,,scraped,2026-07-15T10:21:37.389965,
f75902572fbbe685,https://cd.linkedin.com/jobs/view/distribution-administrative-support-at-afrik-interim-hr-services-sarl-4439425697,Distribution Administrative support,AFRIK  INTERIM  HR SERVICES SARL,posted,2026-07-15T10:22:02.557773,303
07b2b1c911d8878e,https://cd.linkedin.com/jobs/view/associ%C3%A9-e-aux-finances-at-youth-portal-of-drc-4437978211,Associé(e) aux Finances,,scraped,2026-07-15T10:22:13.165178,
dbbb358e65ef946d,https://cd.linkedin.com/jobs/view/programme-manager-pm-infection-prevention-control-ipc-wash-%E2%80%93-integrated-ebola-response-driven-communities-ierdc-at-mercy-corps-4440364792,"Programme Manager (PM) Infection Prevention & Control (IPC), WASH – Integrated Ebola Response Driven Communities (IERDC)",Mercy Corps,posted,2026-07-15T10:22:28.158651,305
71a3d22ee5d15178,https://cd.linkedin.com/jobs/view/assistant-accountant-statutories-at-youth-portal-of-drc-4437965887,Assistant Accountant Statutories,,scraped,2026-07-15T10:22:32.763302,
1365028c82c56777,https://cd.linkedin.com/jobs/view/relief-production-supervisor-at-totalenergies-4004527997,RELIEF PRODUCTION SUPERVISOR,,scraped,2026-07-15T10:22:55.505550,
4b740b11674a9ec7,https://cd.linkedin.com/jobs/view/conseiller-%C3%A0-la-protection-at-julisha-cd-4439058132,Conseiller à la protection,,scraped,2026-07-15T10:23:03.610755,
2bb2589ec48b88ea,https://cd.linkedin.com/jobs/view/charg%C3%A9-e-finance-zone-%E2%80%93-bukavu-at-julisha-cd-4439047634,Chargé.e Finance Zone – Bukavu,,scraped,2026-07-15T10:23:13.750833,
fcbbce17258a7f2e,https://cd.linkedin.com/jobs/view/repr%C3%A9sentant-e-pays-impact-en-rdc-at-julisha-cd-4440332575,Représentant.e pays IMPACT en RDC,,scraped,2026-07-15T10:23:25.813298,
1d8fd0cb80c98e71,https://cd.linkedin.com/jobs/view/un-responsable-de-programme-humanitaire-at-julisha-cd-4440336436,Un Responsable de programme humanitaire,,scraped,2026-07-15T10:23:32.156477,
1ffcfd47e550ecfd,https://cd.linkedin.com/jobs/view/civil-engineer-pavements-at-wsp-in-canada-4430089400,Civil Engineer: Pavements,WSP in Canada,posted,2026-07-15T10:24:14.964841,307
61b94961bf058e98,https://cd.linkedin.com/jobs/view/manager-f%C3%BCr-kanban-supply-chain-materialflu%C3%9F-bei-einem-hersteller-von-spezialfahrzeugen-at-kuehn-gmbh-4439145317,Manager für Kanban - Supply Chain - Materialfluß bei einem Hersteller von Spezialfahrzeugen,Kuehn-GmbH,posted,2026-07-15T10:24:26.347320,309
5eecf12c333ec578,https://cd.linkedin.com/jobs/view/expert-senior-en-politique-%C3%A9nerg%C3%A9tique-at-ntu-international-a-s-4440048716,Expert Senior en Politique Énergétique,,scraped,2026-07-15T10:24:30.905622,
16556b6d17a3dfef,https://cd.linkedin.com/jobs/view/expert-r%C3%A9seaux-%C3%A9lectriques-at-ntu-international-a-s-4439777792,Expert Réseaux Électriques,,scraped,2026-07-15T10:24:38.164301,
cbba9410f8f29e12,https://cd.linkedin.com/jobs/view/leitung-meister-f%C3%BCr-die-fahrzeugauslieferung-bei-einem-hersteller-von-spezialfahrzeugen-in-memmingen-at-kuehn-gmbh-4439878635,Leitung / Meister für die Fahrzeugauslieferung bei einem Hersteller von Spezialfahrzeugen in Memmingen,Kuehn-GmbH,posted,2026-07-15T10:24:55.849406,311
b5006471d14aad28,https://cd.linkedin.com/jobs/view/humanitarian-affairs-officer-pooled-fund-manager-p3-temporary-job-opening-at-julisha-cd-4439049450,"HUMANITARIAN AFFAIRS OFFICER (POOLED FUND MANAGER), P3 (Temporary Job Opening)",,scraped,2026-07-15T10:25:02.230729,
7769e60e4487422b,https://cd.linkedin.com/jobs/view/technical-project-manager-perennial-malaria-chemoprevention-at-julisha-cd-4439047620,Technical Project Manager - Perennial Malaria Chemoprevention,,scraped,2026-07-15T10:25:08.703157,
daab757a3e0cbc57,https://cd.linkedin.com/jobs/view/senior-regional-advisor-at-julisha-cd-4439050368,Senior Regional Advisor,,scraped,2026-07-15T10:25:19.117411,
fc60329376d328f0,https://cd.linkedin.com/jobs/view/agent-de-support-client%C3%A8le-international-h-f-at-talentpop-app-4437641824,Agent de Support Clientèle International (H/F),TalentPop App,posted,2026-07-15T10:25:30.399843,313
6c6f7e5e9b02f251,https://cd.linkedin.com/jobs/view/account-officer-at-employ-global-4439894864,Account Officer,,scraped,2026-07-17T09:32:37.704897,
4e1ce62cdb7238fb,https://cd.linkedin.com/jobs/view/les-assistants-stagiaires-professionnels-au-d%C3%A9partement-de-finance-at-afrik-interim-hr-services-sarl-4439830324,Les Assistants/Stagiaires professionnels au département de finance,,scraped,2026-07-17T09:32:55.827103,
6807861bd7c14f2b,https://cd.linkedin.com/jobs/view/contr%C3%B4leur-des-stocks-h-f-at-afrik-interim-hr-services-sarl-4440661622,CONTRÔLEUR DES STOCKS (H/F),,scraped,2026-07-17T09:33:04.778274,
4c16cf6a222b6a87,https://cd.linkedin.com/jobs/view/un%C2%B7e-responsable-de-departement-logistique-action-contre-la-faim-france-at-julisha-cd-4439506054,UN·E RESPONSABLE DE DEPARTEMENT LOGISTIQUE/ Action Contre la Faim France,,scraped,2026-07-17T09:33:14.323519,
5e3c52b1a62c480e,https://cd.linkedin.com/jobs/view/coordinateur-trice-logistique-h-f-goma-at-julisha-cd-4440328695,Coordinateur.Trice Logistique (H/F) - Goma,,scraped,2026-07-17T09:33:26.523652,
e49c1918985b0b03,https://cd.linkedin.com/jobs/view/human-resources-and-administration-officer-at-save-the-children-international-4440526561,Human Resources and Administration Officer,,scraped,2026-07-17T09:33:34.898540,
445f71892c058b3a,https://cd.linkedin.com/jobs/view/project-manager-at-glencore-4440222341,Project Manager,,scraped,2026-07-17T09:33:45.831064,
c237cde6861ad3ac,https://cd.linkedin.com/jobs/view/country-director-drc-women-for-women-international-at-julisha-cd-4439395368,"Country Director, DRC/ Women for Women International",,scraped,2026-07-17T09:33:52.445146,
500bbe83e7917220,https://cd.linkedin.com/jobs/view/health-project-manager-medair-at-julisha-cd-4439578288,"Health Project Manager, Medair",,scraped,2026-07-17T09:33:58.714413,
65f8d6d5e0d6cb64,https://cd.linkedin.com/jobs/view/meal-officer-at-julisha-cd-4440335701,MEAL Officer,,scraped,2026-07-17T09:34:07.206921,
0e4843586509178f,https://cd.linkedin.com/jobs/view/r%C3%A9publique-d%C3%A9mocratique-du-congo-charg%C3%A9-e-de-logistique-zone-%E2%80%93-kal%C3%A9mie-at-reliefweb-4441214997,République Démocratique du Congo : Chargé.e de Logistique Zone – Kalémie,ReliefWeb,posted,2026-07-17T09:34:21.124333,315
87af70d35b53bca5,https://cd.linkedin.com/jobs/view/responsable-d-appui-aux-projets-et-partenariats-pour-la-r%C3%A9publique-d%C3%A9mocratique-du-congo-bas%C3%A9-e-%C3%A0-kinshasa-link-for-external-applicants-at-impact-initiatives-4440255719,"Responsable d'Appui aux Projets et Partenariats pour la République Démocratique du Congo, Basé.e à Kinshasa (link For External Applicants)",IMPACT Initiatives,posted,2026-07-17T09:34:34.597262,317
05596bee4dda6899,https://cd.linkedin.com/jobs/view/agent-principale-de-communication-senior-communication-officer-at-julisha-cd-4439040895,Agent principale de communication (Senior Communication Officer),,scraped,2026-07-17T09:34:37.174198,
803bb84ce7f60294,https://cd.linkedin.com/jobs/view/coordinateur-financier-m%C3%A9decins-du-monde-belgique-at-julisha-cd-4439392663,Coordinateur Financier/Médecins du Monde - Belgique,,scraped,2026-07-17T09:34:43.385096,
9048d5bbd9f96b54,https://cd.linkedin.com/jobs/view/coordinateur-financier-m%C3%A9decins-du-monde-belgique-at-julisha-cd-4439389832,Coordinateur Financier/Médecins du Monde - Belgique,,scraped,2026-07-17T09:34:51.397317,
a13b6a23e2a6d9a1,https://cd.linkedin.com/jobs/view/virtual-assistant-at-onlinejobs-ph-4441154657,Virtual Assistant,OnlineJobs.PH,posted,2026-07-17T09:35:08.548747,319
393bb721240c8a7a,https://cd.linkedin.com/jobs/view/coordinateur-trice-ipc-wash-at-julisha-cd-4441281100,Coordinateur(trice) IPC/Wash,,scraped,2026-07-17T09:35:12.951356,
ebfea5a9a38f38b0,https://cd.linkedin.com/jobs/view/eben-ezer-ministry-international-emi-recrute-un-gestionnaire-adjoint-au-pr-at-julisha-cd-4439395310,Eben Ezer Ministry International (EMI) : Recrute un Gestionnaire Adjoint au Pr...,,scraped,2026-07-17T09:35:21.462682,
c51e90374fdca550,https://cd.linkedin.com/jobs/view/communications-officer-community-engagement-at-julisha-cd-4440347380,Communications Officer (Community Engagement),,scraped,2026-07-17T09:35:29.727987,
ae6322e227ab924a,https://cd.linkedin.com/jobs/view/action-contre-la-faim-france-recrute-un%C2%B7e-coordinateur%C2%B7rice-qualite-et-deve-at-julisha-cd-4439391375,Action Contre la Faim France : recrute UN·E COORDINATEUR·RICE QUALITE ET DEVE...,,scraped,2026-07-17T09:35:38.379615,
d9f3266803e89084,https://cd.linkedin.com/jobs/view/translator-lingala-english-%2495-hr-remote-at-crossing-hurdles-4439989606,Translator (Lingala-English) | $95/hr Remote,Crossing Hurdles,posted,2026-07-17T09:35:47.287228,289
4272032959d419ce,https://cd.linkedin.com/jobs/view/stagiaire-gestion-des-risques-et-conformit%C3%A9-kinshasa-r-d-congo-at-world-food-programme-4441277766,"Stagiaire - Gestion des Risques et Conformité | Kinshasa, R.D.Congo",,scraped,2026-07-17T09:35:49.887008,
fc32645f7866e20f,https://cd.linkedin.com/jobs/view/graphics-installation-contractor-at-eleana-inc-4441451806,Graphics Installation Contractor,Eleana Inc.,posted,2026-07-17T09:36:03.860767,321
69cd62583adcffa3,https://cd.linkedin.com/jobs/view/responsable-d-appui-aux-projets-et-partenariats-pour-la-r%C3%A9publique-d%C3%A9mocratique-du-congo-bas%C3%A9-e-%C3%A0-kinshasa-link-for-internal-applicants-at-impact-initiatives-4440257648,"Responsable d'Appui aux Projets et Partenariats pour la République Démocratique du Congo, Basé.e à Kinshasa (link For Internal Applicants)",IMPACT Initiatives,posted,2026-07-17T09:36:16.709396,323
4f9464ed1a30524e,https://cd.linkedin.com/jobs/view/business-partner-at-lic%C3%ADnio-chissano-partners-4437645928,Business Partner,,scraped,2026-07-17T09:36:19.304738,
7265fab6cf19b488,https://cd.linkedin.com/jobs/view/registration-clerk-drc-matadi-kongo-central-at-burn-4441490335,Registration Clerk - DRC - Matadi/Kongo Central,,scraped,2026-07-17T09:36:32.475734,
44dbf8602c06ea36,https://cd.linkedin.com/jobs/view/manager-inventory-management-at-glencore-4440221367,Manager - Inventory Management,,scraped,2026-07-17T09:36:41.175585,
6a540e170eecc29a,https://cd.linkedin.com/jobs/view/control-manager-at-afrik-interim-hrs-4440207605,Control Manager,,scraped,2026-07-17T09:36:47.751914,
ff31f7faec66ec15,https://cd.linkedin.com/jobs/view/technical-advisor-ebola-response-drc-at-mercy-corps-4440090894,"Technical Advisor, Ebola Response - DRC",Mercy Corps,posted,2026-07-17T09:37:03.139352,325
0c6646a5a5e9dcc6,https://cd.linkedin.com/jobs/view/senior-manager-physical-security-at-vodacom-4438715331,Senior Manager Physical Security,,scraped,2026-07-17T09:37:05.862118,
00d406eb3af813a7,https://cd.linkedin.com/jobs/view/sales-representative-b2b-at-totalenergies-4403490128,Sales Representative - B2B,,scraped,2026-07-17T09:37:15.665512,
3f679b73c0431fba,https://cd.linkedin.com/jobs/view/warehouse-superintendent-at-glencore-4440203943,Warehouse Superintendent,,scraped,2026-07-17T09:37:22.685099,
9b639398b10aa5da,https://cd.linkedin.com/jobs/view/manager-transactional-cash-management-at-vodacom-4438714665,Manager Transactional Cash Management,,scraped,2026-07-17T09:37:33.475945,
6812a3a3ac3d6ff5,https://cd.linkedin.com/jobs/view/rejoignez-l-%C3%A9lite-du-support-client-bilingue-fran%C3%A7ais-anglais-%E2%80%93-100-%25-t%C3%A9l%C3%A9travail-%21-at-talentpop-app-4437650517,Rejoignez l'élite du support client bilingue (Français/Anglais) – 100 % Télétravail !,TalentPop App,posted,2026-07-17T09:37:45.017027,327
6608956fe33f9b3b,https://cd.linkedin.com/jobs/view/rejoignez-l-%C3%A9lite-du-support-client-bilingue-fran%C3%A7ais-anglais-%E2%80%93-100-%25-t%C3%A9l%C3%A9travail-%21-at-talentpop-app-4437645767,Rejoignez l'élite du support client bilingue (Français/Anglais) – 100 % Télétravail !,TalentPop App,scraped,2026-07-17T09:37:49.108936,
88de27c6aa5a3881,https://cd.linkedin.com/jobs/view/quality-assurance-engineer-at-helios-towers-4440986453,Quality Assurance Engineer,,scraped,2026-07-17T09:37:51.666454,
c73cbe2d1ccf1df5,https://cd.linkedin.com/jobs/view/french-customer-support-specialist-bilingual-fr-en-non-voice-blended-remote-at-talentpop-app-4438796268,French Customer Support Specialist (Bilingual FR/EN | Non-Voice/Blended | Remote),TalentPop App,posted,2026-07-17T09:38:01.157387,97
e2b4985ba6863b71,https://cd.linkedin.com/jobs/view/french-customer-support-specialist-bilingual-fr-en-non-voice-blended-remote-at-talentpop-app-4437658036,French Customer Support Specialist (Bilingual FR/EN | Non-Voice/Blended | Remote),TalentPop App,scraped,2026-07-17T09:38:05.166239,
bc1188c1c8208fe3,https://cd.linkedin.com/jobs/view/french-customer-support-specialist-bilingual-fr-en-non-voice-blended-remote-at-talentpop-app-4438789464,French Customer Support Specialist (Bilingual FR/EN | Non-Voice/Blended | Remote),TalentPop App,scraped,2026-07-17T09:38:09.206030,
53802f3886444c05,https://cd.linkedin.com/jobs/view/french-customer-support-specialist-bilingual-fr-en-non-voice-blended-remote-at-talentpop-app-4437656110,French Customer Support Specialist (Bilingual FR/EN | Non-Voice/Blended | Remote),TalentPop App,scraped,2026-07-17T09:38:13.173132,
88efa853b608a78f,https://cd.linkedin.com/jobs/view/french-customer-support-specialist-bilingual-fr-en-non-voice-blended-remote-at-talentpop-app-4437658029,French Customer Support Specialist (Bilingual FR/EN | Non-Voice/Blended | Remote),TalentPop App,scraped,2026-07-17T09:38:18.197795,
afb3529e7f12c7f6,https://cd.linkedin.com/jobs/view/french-customer-support-specialist-bilingual-fr-en-non-voice-blended-remote-at-talentpop-app-4437637915,French Customer Support Specialist (Bilingual FR/EN | Non-Voice/Blended | Remote),TalentPop App,scraped,2026-07-17T09:38:22.146096,
d5b087154f8884ed,https://cd.linkedin.com/jobs/view/french-customer-support-specialist-bilingual-fr-en-non-voice-blended-remote-at-talentpop-app-4438782951,French Customer Support Specialist (Bilingual FR/EN | Non-Voice/Blended | Remote),TalentPop App,scraped,2026-07-17T09:38:26.127484,
d5536f4b6b0a0b14,https://cd.linkedin.com/jobs/view/coordinateur-trice-m%C3%A9dical-drc-intersos-at-julisha-cd-4439572460,"Coordinateur/trice Médical - DRC,INTERSOS",,scraped,2026-07-17T09:38:30.517516,
e9193d7ceb84b5e3,https://cd.linkedin.com/jobs/view/consultants-es-en-technologie-de-l-information-et-de-la-communication-pour-la-at-julisha-cd-4439396424,Consultants (es) en technologie de l'information et de la communication pour la...,,scraped,2026-07-17T09:38:37.117814,
47b74c707893257e,https://cd.linkedin.com/jobs/view/officier-i%C3%A8re-ipc-wash-at-julisha-cd-4441282127,Officier(ière) IPC Wash,,scraped,2026-07-17T09:38:47.486802,
ed7bb09b6b90a52e,https://cd.linkedin.com/jobs/view/fsrdc-recrute-un-sp%C3%A9cialiste-en-gestion-financi%C3%A8re-kinshasa-at-julisha-cd-4439055381,FSRDC: recrute un Spécialiste en gestion financière/ Kinshasa,,scraped,2026-07-17T09:38:53.954548,
d229f7b37a40d227,https://cd.linkedin.com/jobs/view/corporate-sales-specialist-at-afrik-interim-hr-services-sarl-4439158319,Corporate sales specialist,,scraped,2026-07-17T09:39:00.254769,
016f9a28e3ffbb1e,https://cd.linkedin.com/jobs/view/french-speaking-customer-support-specialist-at-talentpop-app-4438782927,French-Speaking Customer Support Specialist,TalentPop App,posted,2026-07-17T09:39:15.820698,99
2add3ddd04332b40,https://cd.linkedin.com/jobs/view/remote-french-bilingual-customer-support-representative-at-talentpop-app-4437649727,Remote French Bilingual Customer Support Representative,TalentPop App,posted,2026-07-17T09:39:20.578131,143
036b6c355653aeac,https://cd.linkedin.com/jobs/view/remote-french-bilingual-customer-support-representative-at-talentpop-app-4437657026,Remote French Bilingual Customer Support Representative,TalentPop App,scraped,2026-07-17T09:39:24.489148,
da370f9c6b6cf097,https://cd.linkedin.com/jobs/view/remote-french-bilingual-customer-support-representative-at-talentpop-app-4437656139,Remote French Bilingual Customer Support Representative,TalentPop App,scraped,2026-07-17T09:39:28.511113,
4d80e7f2799ff949,https://cd.linkedin.com/jobs/view/remote-french-bilingual-customer-support-representative-at-talentpop-app-4437659009,Remote French Bilingual Customer Support Representative,TalentPop App,scraped,2026-07-17T09:39:32.676325,
912e1715fc2eea92,https://cd.linkedin.com/jobs/view/sp%C3%A9cialiste-bilingue-fran%C3%A7ais-anglais-du-support-client-%E2%80%94-voix-et-chat-at-talentpop-app-4438429980,Spécialiste Bilingue (Français/Anglais) du Support Client — Voix et Chat,TalentPop App,posted,2026-07-17T09:39:40.912866,329
3a6b120b5a1b8621,https://cd.linkedin.com/jobs/view/sp%C3%A9cialiste-bilingue-fran%C3%A7ais-anglais-du-support-client-%E2%80%94-voix-et-chat-at-talentpop-app-4438434831,Spécialiste Bilingue (Français/Anglais) du Support Client — Voix et Chat,TalentPop App,scraped,2026-07-17T09:39:44.961473,
81940f19ffd563dd,https://cd.linkedin.com/jobs/view/sp%C3%A9cialiste-bilingue-fran%C3%A7ais-anglais-du-support-client-%E2%80%94-voix-et-chat-at-talentpop-app-4438445201,Spécialiste Bilingue (Français/Anglais) du Support Client — Voix et Chat,TalentPop App,scraped,2026-07-17T09:39:49.004951,
4e7a60584e760da4,https://cd.linkedin.com/jobs/view/sp%C3%A9cialiste-bilingue-fran%C3%A7ais-anglais-du-support-client-%E2%80%94-voix-et-chat-at-talentpop-app-4438445206,Spécialiste Bilingue (Français/Anglais) du Support Client — Voix et Chat,TalentPop App,scraped,2026-07-17T09:39:53.035423,
5cbcf2b2817c1949,https://cd.linkedin.com/jobs/view/repr%C3%A9sentant-e-du-service-%C3%A0-la-client%C3%A8le-bilingue-fran%C3%A7ais-anglais-%E2%80%94-t%C3%A9l%C3%A9travail-at-talentpop-app-4439204060,Représentant(e) du Service à la Clientèle Bilingue (Français/Anglais) — Télétravail,TalentPop App,posted,2026-07-17T09:40:01.098959,331
8e772805d732135d,https://cd.linkedin.com/jobs/view/office-manager-at-wave-mobile-money-4422445159,Office Manager,,scraped,2026-07-17T09:40:03.789820,
335e3316186be97a,https://cd.linkedin.com/jobs/view/graduate-electrical-engineer-renewable-energy-at-wsp-in-canada-4440222727,Graduate Electrical Engineer (Renewable Energy),WSP in Canada,posted,2026-07-17T09:40:23.954869,333
785ea1f8f3805489,https://cd.linkedin.com/jobs/view/expert-senior-code-de-l%E2%80%99%C3%A9lectricit%C3%A9-r%C3%A9daction-r%C3%A9glementaire-at-ntu-international-a-s-4441462703,Expert Senior Code de l’Électricité / Rédaction Réglementaire,,scraped,2026-07-17T09:40:30.695518,
9bfd84ee6c80ccd9,https://cd.linkedin.com/jobs/view/protection-officer-at-save-the-children-international-4440521675,Protection Officer,,scraped,2026-07-17T09:40:39.862175,
e7be96f77a929980,https://cd.linkedin.com/jobs/view/expert-senior-mini-r%C3%A9seaux-%C3%A9lectriques-at-ntu-international-a-s-4441611112,Expert Senior Mini-Réseaux Électriques,,scraped,2026-07-17T09:40:46.772026,
2fb0cac4bc004ab1,https://cd.linkedin.com/jobs/view/construction-manager-at-glencore-4440219445,Construction Manager,,scraped,2026-07-17T09:40:54.062730,
536900b30cbcf634,https://cd.linkedin.com/jobs/view/van-sales-representative-at-afrik-interim-hr-services-sarl-4440234429,Van Sales Representative,,scraped,2026-07-17T09:41:00.464246,
e3150dcadd67b435,https://cd.linkedin.com/jobs/view/sales-executive-at-afrik-interim-hrs-4440266813,Sales Executive,,scraped,2026-07-17T09:41:09.209682,
3dcf7087d03d671c,https://cd.linkedin.com/jobs/view/responsable-commercial-h-f-at-afrik-interim-hrs-4440267705,Responsable Commercial H/F,,scraped,2026-07-17T09:41:17.497272,
265f8f862ec8f58e,https://cd.linkedin.com/jobs/view/borderlands-awareness-toolkit-design-consultant-at-iom-un-migration-4441647969,Borderlands Awareness Toolkit & Design Consultant,IOM - UN Migration,posted,2026-07-17T09:41:36.173555,335
1dd2b5ec66cd7ff4,https://cd.linkedin.com/jobs/view/responsable-marketing-et-d%C3%A9veloppement-commercial-4438707781,Responsable Marketing et Développement Commercial,Elest Global,posted,2026-07-17T09:41:45.544724,337
f714ea2c9715f1eb,https://cd.linkedin.com/jobs/view/construction-manager-tailings-storage-facility-tsf-at-glencore-4440214589,Construction Manager - Tailings Storage Facility (TSF),,scraped,2026-07-17T09:41:48.145670,
ac0610714198a766,https://cd.linkedin.com/jobs/view/charg%C3%A9-e-d%E2%80%99%C3%A9valuation-unit%C3%A9-r%C3%A9d%C3%A9vabilit%C3%A9-et-r%C3%A9silience-pour-la-r%C3%A9publique-d%C3%A9mocratique-du-congo-bas%C3%A9-e-%C3%A0-kinshasa-ou-goma-link-for-internal-applicants-only-at-impact-initiatives-4440273043,"Chargé.e d’évaluation - Unité rédévabilité et résilience pour la République Démocratique du Congo, basé.e à Kinshasa ou Goma (Link For Internal Applicants Only)",IMPACT Initiatives,posted,2026-07-17T09:42:05.334772,339
46e8efd6f45fd7a1,https://cd.linkedin.com/jobs/view/monitoring-and-evaluation-officer-perennial-malaria-chemoprevention-at-julisha-cd-4439061221,"Monitoring and Evaluation Officer, Perennial Malaria Chemoprevention",,scraped,2026-07-17T09:42:09.923009,
a9567c15d1a7d6f1,https://cd.linkedin.com/jobs/view/un%C2%B7e-adjoint%C2%B7e-directeur%C2%B7rice-pays-programmes-rdc-action-contre-la-faim-franc-at-julisha-cd-4439501344,UN·E ADJOINT·E DIRECTEUR·RICE PAYS PROGRAMMES - RDC/ Action Contre la Faim Franc...,,scraped,2026-07-17T09:42:18.235480,
5a0c9b5212a21734,https://cd.linkedin.com/jobs/view/coordinateur-trice-m%C3%A9dical-at-julisha-cd-4439392686,Coordinateur(trice) Médical,,scraped,2026-07-17T09:42:24.539189,
cc70aa23db822148,https://cd.linkedin.com/jobs/view/charg%C3%A9-e-de-transparence-et-conformit%C3%A9-%E2%80%93-kinshasa-avec-d%C3%A9placements-fr%C3%A9quents-s-at-julisha-cd-4439389867,Chargé.e de Transparence et Conformité – Kinshasa (avec déplacements fréquents s...,,scraped,2026-07-17T09:42:37.136381,
546bfa3accc264b6,https://cd.linkedin.com/jobs/view/officier-suivi-%C3%A9valuation-et-apprentissage-renforcement-des-capacit%C3%A9s-mission-at-julisha-cd-4439384863,"Officier suivi, évaluation et apprentissage & renforcement des capacités Mission...",,scraped,2026-07-17T09:42:43.610201,
c91e23a9a823d4d6,https://cd.linkedin.com/jobs/view/quality-assurance-engineer-at-helios-towers-4440957220,Quality Assurance Engineer,,scraped,2026-07-17T09:42:56.418050,
abacff4d52b6bf24,https://cd.linkedin.com/jobs/view/handicap-international-humanity-inclusif-chef-de-projet-plateforme-logistiq-at-julisha-cd-4439394252,Handicap International - Humanity & Inclusif: Chef de Projet Plateforme Logistiq...,,scraped,2026-07-17T09:43:03.317232,
344c40b9720188da,https://cd.linkedin.com/jobs/view/charg%C3%A9-de-financements-f-h-at-m%C3%A9decins-du-monde-4441612116,Chargé de financements (F/H),,scraped,2026-07-17T09:43:09.756019,
1070d3399c7ff0b6,https://cd.linkedin.com/jobs/view/country-director-search-for-common-ground-at-julisha-cd-4439393470,Country Director/ Search for Common Ground,,scraped,2026-07-17T09:43:19.267198,
8daf0a61a2fdcd15,https://cd.linkedin.com/jobs/view/national-cash-working-coordinator-programmatic-co-chair-drc-at-julisha-cd-4439052408,National Cash Working Coordinator - Programmatic Co-Chair - DRC,,scraped,2026-07-17T09:43:27.699140,
a8eb3e849ce8d3cd,https://cd.linkedin.com/jobs/view/coordinateur-de-programme-droits-sant%C3%A9-sexuels-et-reproductifs-f-h-rd-congo-at-julisha-cd-4439058314,Coordinateur de programme droits santé sexuels et reproductifs (F/H) - RD Congo,,scraped,2026-07-17T09:43:42.248843,
7af8ca9bbfe190f7,https://cd.linkedin.com/jobs/view/saq-manager-at-helios-towers-4441499659,SAQ Manager,,scraped,2026-07-17T09:43:49.481473,
74b401a0f9f30792,https://cd.linkedin.com/jobs/view/associate-manager-business-development-kinshasa-at-bic-4441252577,Associate Manager Business Development - Kinshasa,BIC,posted,2026-07-17T09:44:08.132870,341
0e4425e0faeefe24,https://cd.linkedin.com/jobs/view/david-at-evolve-model-4441765854,DAVID,,scraped,2026-07-19T09:33:17.360236,
d09b84067115b2e9,https://cd.linkedin.com/jobs/view/republic-services-at-hired-in-michigan-community-empowerment-4440626205,Republic Services,Hired In Michigan Community Empowerment,posted,2026-07-19T09:33:32.043070,343
bc90a672e8d67635,https://cd.linkedin.com/jobs/view/isaac-at-evolve-model-4441771654,ISAAC,,scraped,2026-07-19T09:33:34.718112,
791227f0aa1053df,https://cd.linkedin.com/jobs/view/theambear-at-not-management-4442467477,THEAMBEAR,,scraped,2026-07-19T09:33:41.506855,
6feae2f4d7a2dd3e,https://cd.linkedin.com/jobs/view/cd-at-silas-white-construction-inc-4441159301,CD,Silas White Construction Inc,posted,2026-07-19T09:33:54.336288,345
fd095134285ca049,https://cd.linkedin.com/jobs/view/supv-grounds-temple-at-the-church-of-jesus-christ-of-latter-day-saints-4439414648,"Supv,Grounds,Temple",The Church of Jesus Christ of Latter-day Saints,posted,2026-07-19T09:34:02.215410,347
2695fcaf6f603e89,https://cd.linkedin.com/jobs/view/reconciliation-officer-at-wave-mobile-money-4441207565,Reconciliation Officer,,scraped,2026-07-19T09:34:04.827085,
73845c59b8f3657a,https://cd.linkedin.com/jobs/view/reconciliation-officer-at-wave-gambia-4440618680,Reconciliation Officer,Wave Gambia,posted,2026-07-19T09:34:17.395073,349
bc866314e9953d46,https://cd.linkedin.com/jobs/view/supv-grounds-temple-at-a-igreja-de-jesus-cristo-dos-santos-dos-%C3%BAltimos-dias-4440046725,"Supv,Grounds,Temple",,scraped,2026-07-19T09:34:20.104264,
d526ed0c831d894f,https://cd.linkedin.com/jobs/view/verification-clerk-drc-matadi-kongo-central-at-burn-4441240939,Verification Clerk  - DRC  Matadi/Kongo Central,,scraped,2026-07-19T09:34:26.575714,
4d5e5ec7a5c27dfb,https://cd.linkedin.com/jobs/view/r%C3%A9publique-d%C3%A9mocratique-du-congo-charg%C3%A9-e-finance-pays-%E2%80%93-kinshasa-at-reliefweb-4441637338,République Démocratique du Congo : Chargé.e Finance Pays – Kinshasa,ReliefWeb,posted,2026-07-19T09:34:40.689658,351
397b3bc83245757f,https://cd.linkedin.com/jobs/view/officier-i%C3%A8re-logistique-et-administration-at-julisha-cd-4442450493,Officier(ière) Logistique et Administration,,scraped,2026-07-19T09:34:43.187345,
a5dcc43847a3ccaf,https://cd.linkedin.com/jobs/view/area-manager-kinshasa-rdc-at-handicap-international-humanity-inclusion-4442107463,Area Manager Kinshasa - RDC,,scraped,2026-07-19T09:34:49.778304,
07c468576b690eb0,https://cd.linkedin.com/jobs/view/charg%C3%A9-de-programme-p2-at-julisha-cd-4440344112,Chargé de programme (P2),,scraped,2026-07-19T09:34:59.924407,
330a632bc6ca56ba,https://cd.linkedin.com/jobs/view/customer-service-agent-sportybet-drc-at-sportybet-ltd-4437273789,Customer Service Agent - SportyBet DRC,SportyBet Ltd,posted,2026-07-19T09:35:12.781955,353
67b781e8dc18f74a,https://cd.linkedin.com/jobs/view/devenez-ambassadeur-de-la-relation-client-r%C3%A9seau-global-fran%C3%A7ais-anglais-%E2%80%94-100%25-t%C3%A9l%C3%A9travail-at-talentpop-app-4438437730,Devenez Ambassadeur de la Relation Client Réseau Global (Français/Anglais) — 100% Télétravail,TalentPop App,posted,2026-07-19T09:35:20.458016,355
eaab0538afdadc25,https://cd.linkedin.com/jobs/view/treasury-manager-at-afrik-interim-hrs-4439998732,Treasury Manager,Afrik Interim HRS,posted,2026-07-19T09:35:36.118864,357
8387cb010bb48f9a,https://cd.linkedin.com/jobs/view/work-from-home-customer-support-%E2%80%93-french-speaking-at-talentpop-app-4438448083,Work-from-Home Customer Support – French Speaking,TalentPop App,posted,2026-07-19T09:35:43.178565,59
5be5c7736c575d5f,https://cd.linkedin.com/jobs/view/french-speaking-customer-support-specialist-at-talentpop-app-4437646672,French-Speaking Customer Support Specialist,TalentPop App,posted,2026-07-19T09:35:48.072712,99
82bc9e448b7b39c2,https://cd.linkedin.com/jobs/view/kursleitungen-m-w-d-f%C3%BCr-den-bereich-kultur-kunst-und-kreativit%C3%A4t-at-volkshochschule-osnabr%C3%BCcker-land-vhs-4441128537,"Kursleitungen (m/w/d) für den Bereich Kultur, Kunst und Kreativität",,scraped,2026-07-19T09:35:52.478380,
f13c071c88ffe030,https://cd.linkedin.com/jobs/view/coordinatrice-ou-coordinateur-de-zone-republique-democratique-du-congo-at-action-contre-la-faim-4442466417,COORDINATRICE OU COORDINATEUR DE ZONE - REPUBLIQUE DEMOCRATIQUE DU CONGO,,scraped,2026-07-19T09:36:00.340079,
31abadc12b988126,https://cd.linkedin.com/jobs/view/offre-d%E2%80%99emploi-agent-tembo-archiviste-agl-at-gabon-opportunit%C3%A9s-4439634907,Offre d’emploi : Agent tembo / archiviste (AGL),,scraped,2026-07-19T09:36:06.520903,
40092db08f3fe42c,https://cd.linkedin.com/jobs/view/tax-manager-h-f-at-afrik-interim-hrs-4440258537,Tax Manager H/F,Afrik Interim HRS,posted,2026-07-19T09:36:24.033292,359
662f6102d742b002,https://cd.linkedin.com/jobs/view/offre-d%E2%80%99emploi-directeur-trice-banque-digitale-orabank-at-gabon-opportunit%C3%A9s-4439637538,Offre d’emploi : Directeur(trice) Banque Digitale (Orabank),,scraped,2026-07-19T09:36:28.451498,
39e4f9f069ac2279,https://cd.linkedin.com/jobs/view/french%2Benglish-bilingual-customer-service-representative-at-talentpop-app-4438448069,French+English Bilingual Customer Service Representative,TalentPop App,posted,2026-07-19T09:36:41.041532,361
29ad24b7458b2683,https://cd.linkedin.com/jobs/view/french%2Benglish-bilingual-customer-service-representative-at-talentpop-app-4438432851,French+English Bilingual Customer Service Representative,TalentPop App,scraped,2026-07-19T09:36:45.139365,
3304e4557a8e8937,https://cd.linkedin.com/jobs/view/french%2Benglish-bilingual-customer-service-representative-at-talentpop-app-4438440631,French+English Bilingual Customer Service Representative,TalentPop App,scraped,2026-07-19T09:36:49.343218,
499905f2504941ef,https://cd.linkedin.com/jobs/view/french%2Benglish-bilingual-customer-service-representative-at-talentpop-app-4438440624,French+English Bilingual Customer Service Representative,TalentPop App,scraped,2026-07-19T09:36:53.304338,
5d81c4439a3ef8ed,https://cd.linkedin.com/jobs/view/francophone-customer-support-representative-%E2%80%93-remote-at-talentpop-app-4439609724,Francophone Customer Support Representative – Remote,TalentPop App,posted,2026-07-19T09:36:58.277526,119
9525dbbbad2e6487,https://cd.linkedin.com/jobs/view/francophone-customer-support-representative-%E2%80%93-remote-at-talentpop-app-4439624339,Francophone Customer Support Representative – Remote,TalentPop App,scraped,2026-07-19T09:37:02.447188,
3c0cc5b8924f18ec,https://cd.linkedin.com/jobs/view/francophone-customer-support-representative-%E2%80%93-remote-at-talentpop-app-4439620409,Francophone Customer Support Representative – Remote,TalentPop App,scraped,2026-07-19T09:37:06.436726,
02e8b0ef32cdd2f0,https://cd.linkedin.com/jobs/view/senior-specialist-internal-audit-at-vodacom-4438715329,Senior Specialist Internal Audit,,scraped,2026-07-19T09:37:08.995395,
854b96a0ec0bd0ec,https://cd.linkedin.com/jobs/view/energy-investment-programme-manager-nod-kinshasa-democratic-republic-of-the-congo-uncdf-open-to-internal-and-external-applicants-at-undp-careers-4441955205,"Energy Investment Programme Manager, NOD, Kinshasa, Democratic Republic of the Congo, UNCDF [Open to internal and external applicants]",UNDP Careers,posted,2026-07-19T09:37:22.307213,363
a8f335317710f088,https://cd.linkedin.com/jobs/view/sheq-manager-at-helios-towers-4365551601,SHEQ Manager,,scraped,2026-07-19T09:37:25.005810,
9288ed6683d9c77b,https://cd.linkedin.com/jobs/view/work-from-home-customer-support-%E2%80%93-french-speaking-at-talentpop-app-4438432875,Work-from-Home Customer Support – French Speaking,TalentPop App,scraped,2026-07-19T09:37:34.158009,
ff1984f83b77a09e,https://cd.linkedin.com/jobs/view/work-from-home-customer-support-%E2%80%93-french-speaking-at-talentpop-app-4438433832,Work-from-Home Customer Support – French Speaking,TalentPop App,scraped,2026-07-19T09:37:38.229163,
6939233a55832f5c,https://cd.linkedin.com/jobs/view/french-speaking-customer-support-specialist-at-talentpop-app-4438799173,French-Speaking Customer Support Specialist,TalentPop App,scraped,2026-07-19T09:37:42.200599,
7168ffac1e7178d0,https://cd.linkedin.com/jobs/view/barman-at-novotel-hotels-4441301369,Barman,,scraped,2026-07-19T09:37:44.735506,
127e9cd6ee4f7b4d,https://cd.linkedin.com/jobs/view/expert-senior-ppp-participation-du-secteur-priv%C3%A9-at-ntu-international-a-s-4438461918,Expert Senior PPP / Participation du Secteur Privé,,scraped,2026-07-19T09:37:52.135503,
0f0ceeac1772a755,https://cd.linkedin.com/jobs/view/ticari-lastikler-filo-sat%C4%B1%C5%9F-y%C3%B6neticisi-merkez-at-yuke-4442447625,Ticari Lastikler Filo Satış Yöneticisi (Merkez),,scraped,2026-07-19T09:37:59.317255,
bb64ab70235cc9b5,https://cd.linkedin.com/jobs/view/francophone-customer-support-representative-%E2%80%93-remote-at-talentpop-app-4438713434,Francophone Customer Support Representative – Remote,TalentPop App,scraped,2026-07-19T09:38:08.031708,
a74430cdf288c451,https://cd.linkedin.com/jobs/view/francophone-customer-support-representative-%E2%80%93-remote-at-talentpop-app-4438715080,Francophone Customer Support Representative – Remote,TalentPop App,scraped,2026-07-19T09:38:12.100335,
b4058db680d82ea3,https://cd.linkedin.com/jobs/view/francophone-customer-support-representative-%E2%80%93-remote-at-talentpop-app-4438705718,Francophone Customer Support Representative – Remote,TalentPop App,scraped,2026-07-19T09:38:16.226061,
4347d462cafd65ac,https://cd.linkedin.com/jobs/view/francophone-customer-support-representative-%E2%80%93-remote-at-talentpop-app-4438707712,Francophone Customer Support Representative – Remote,TalentPop App,scraped,2026-07-19T09:38:20.302146,
2deef03c59748836,https://cd.linkedin.com/jobs/view/development-of-an-implementation-plan-for-the-adoption-of-the-philippines%E2%80%99-readiness-for-forest-carbon-market-roadmap-at-reliefweb-4442133584,Development of an implementation plan for the adoption of the Philippines’ Readiness for Forest Carbon Market Roadmap,ReliefWeb,posted,2026-07-19T09:38:30.292134,365
9e181ef800fd2a87,https://cd.linkedin.com/jobs/view/superintendent-inventory-management-rotables-at-glencore-4441343264,Superintendent - Inventory Management (Rotables),,scraped,2026-07-19T09:38:32.876363,
1042d9de978e28cd,https://cd.linkedin.com/jobs/view/treasury-manager-at-wave-mobile-money-4433256207,Treasury Manager,,scraped,2026-07-19T09:38:39.648809,
de5ccde01a7f98a7,https://cd.linkedin.com/jobs/view/repr%C3%A9sentant-e-du-service-%C3%A0-la-client%C3%A8le-bilingue-fran%C3%A7ais-anglais-%E2%80%94-t%C3%A9l%C3%A9travail-at-talentpop-app-4438796240,Représentant(e) du Service à la Clientèle Bilingue (Français/Anglais) — Télétravail,TalentPop App,posted,2026-07-19T09:38:51.589732,367
0b8bb588c4588d64,https://cd.linkedin.com/jobs/view/repr%C3%A9sentant-e-du-service-%C3%A0-la-client%C3%A8le-bilingue-fran%C3%A7ais-anglais-%E2%80%94-t%C3%A9l%C3%A9travail-at-talentpop-app-4438788488,Représentant(e) du Service à la Clientèle Bilingue (Français/Anglais) — Télétravail,TalentPop App,scraped,2026-07-19T09:38:55.669490,
c47b44fc23e65b2d,https://cd.linkedin.com/jobs/view/repr%C3%A9sentant-e-du-service-%C3%A0-la-client%C3%A8le-bilingue-fran%C3%A7ais-anglais-%E2%80%94-t%C3%A9l%C3%A9travail-at-talentpop-app-4438792386,Représentant(e) du Service à la Clientèle Bilingue (Français/Anglais) — Télétravail,TalentPop App,scraped,2026-07-19T09:38:59.715191,
f9ab8bcef8148618,https://cd.linkedin.com/jobs/view/repr%C3%A9sentant-e-du-service-%C3%A0-la-client%C3%A8le-bilingue-fran%C3%A7ais-anglais-%E2%80%94-t%C3%A9l%C3%A9travail-at-talentpop-app-4439608797,Représentant(e) du Service à la Clientèle Bilingue (Français/Anglais) — Télétravail,TalentPop App,scraped,2026-07-19T09:39:03.734143,
de50f6376067e411,https://cd.linkedin.com/jobs/view/repr%C3%A9sentant-e-du-service-%C3%A0-la-client%C3%A8le-bilingue-fran%C3%A7ais-anglais-%E2%80%94-t%C3%A9l%C3%A9travail-at-talentpop-app-4439628119,Représentant(e) du Service à la Clientèle Bilingue (Français/Anglais) — Télétravail,TalentPop App,scraped,2026-07-19T09:39:07.711857,
fcfe712f88760fa7,https://cd.linkedin.com/jobs/view/repr%C3%A9sentant-e-du-service-%C3%A0-la-client%C3%A8le-bilingue-fran%C3%A7ais-anglais-%E2%80%94-t%C3%A9l%C3%A9travail-at-talentpop-app-4439608773,Représentant(e) du Service à la Clientèle Bilingue (Français/Anglais) — Télétravail,TalentPop App,scraped,2026-07-19T09:39:11.888853,
258c4f98d88deece,https://cd.linkedin.com/jobs/view/repr%C3%A9sentant-e-du-service-%C3%A0-la-client%C3%A8le-bilingue-fran%C3%A7ais-anglais-%E2%80%94-t%C3%A9l%C3%A9travail-at-talentpop-app-4439619382,Représentant(e) du Service à la Clientèle Bilingue (Français/Anglais) — Télétravail,TalentPop App,scraped,2026-07-19T09:39:15.982371,
5963d3ce7486f3b1,https://cd.linkedin.com/jobs/view/virtual-customer-support-agent-french-english-%E2%80%93-100%25-remote-at-talentpop-app-4438448051,Virtual Customer Support Agent (French/English) – 100% Remote,TalentPop App,posted,2026-07-19T09:39:20.605366,101
ff580583aa700a2f,https://cd.linkedin.com/jobs/view/virtual-customer-support-agent-french-english-%E2%80%93-100%25-remote-at-talentpop-app-4438427952,Virtual Customer Support Agent (French/English) – 100% Remote,TalentPop App,scraped,2026-07-19T09:39:24.654160,
703aec44c8ac4a35,https://cd.linkedin.com/jobs/view/virtual-customer-support-agent-french-english-%E2%80%93-100%25-remote-at-talentpop-app-4438432898,Virtual Customer Support Agent (French/English) – 100% Remote,TalentPop App,scraped,2026-07-19T09:39:28.631161,
bc8239235544721f,https://cd.linkedin.com/jobs/view/virtual-customer-support-agent-french-english-%E2%80%93-100%25-remote-at-talentpop-app-4438446193,Virtual Customer Support Agent (French/English) – 100% Remote,TalentPop App,scraped,2026-07-19T09:39:32.547299,
cd978217e91a34de,https://cd.linkedin.com/jobs/view/virtual-customer-support-agent-french-english-%E2%80%93-100%25-remote-at-talentpop-app-4438446154,Virtual Customer Support Agent (French/English) – 100% Remote,TalentPop App,scraped,2026-07-19T09:39:36.490944,
d18d06563f72a836,https://cd.linkedin.com/jobs/view/virtual-customer-support-agent-french-english-%E2%80%93-100%25-remote-at-talentpop-app-4438446153,Virtual Customer Support Agent (French/English) – 100% Remote,TalentPop App,scraped,2026-07-19T09:39:40.516190,
acf23c2ef8ff9f74,https://cd.linkedin.com/jobs/view/deux-officiers-i%C3%A8res-communication-des-risques-engagements-communautaires-cr-at-julisha-cd-4441263997,Deux Officiers(ières) Communication des Risques & Engagements Communautaires (CR...,,scraped,2026-07-19T09:39:42.860929,
bcbac1d86770981c,https://cd.linkedin.com/jobs/view/lead-graphic-designer-at-liberty-sarl-4439604465,Lead Graphic Designer,,scraped,2026-07-19T09:39:49.491533,
bb9e4abc3b2e891b,https://cd.linkedin.com/jobs/view/french-speaking-customer-support-specialist-at-talentpop-app-4438783905,French-Speaking Customer Support Specialist,TalentPop App,scraped,2026-07-19T09:39:57.619933,
98efa6050817c3de,https://cd.linkedin.com/jobs/view/french-speaking-customer-support-specialist-at-talentpop-app-4439620386,French-Speaking Customer Support Specialist,TalentPop App,scraped,2026-07-19T09:40:03.602303,
a85e5fdb486cd37c,https://cd.linkedin.com/jobs/view/agent-de-support-client%C3%A8le-international-h-f-at-talentpop-app-4437651210,Agent de Support Clientèle International (H/F),TalentPop App,posted,2026-07-19T09:40:19.393918,369
5091740df81a9bd5,https://cd.linkedin.com/jobs/view/officier-i%C3%A8re-sauvegarde-safeguarding-at-julisha-cd-4440333417,Officier(ière) Sauvegarde (Safeguarding),,scraped,2026-07-19T09:40:21.780223,
08775de117260f09,https://cd.linkedin.com/jobs/view/officier-i%C3%A8re-sauvegarde-safeguarding-at-julisha-cd-4440341169,Officier(ière) Sauvegarde (Safeguarding),,scraped,2026-07-19T09:40:27.925773,
cf112d1fccfb7236,https://cd.linkedin.com/jobs/view/french-bilingual-customer-service-specialist-at-talentpop-app-4439614564,French Bilingual Customer Service Specialist,TalentPop App,posted,2026-07-19T09:40:36.543246,161
c6ca98b4c9cfa332,https://cd.linkedin.com/jobs/view/french-bilingual-customer-service-specialist-at-talentpop-app-4439612583,French Bilingual Customer Service Specialist,TalentPop App,scraped,2026-07-19T09:40:41.522869,
6816a9f188548995,https://cd.linkedin.com/jobs/view/chief-of-party-drc-at-samaritan-s-purse-4440543313,"Chief of Party, DRC",Samaritan's Purse,posted,2026-07-19T09:40:52.775107,371
0956d2929b349dec,https://cd.linkedin.com/jobs/view/hypercare-service-technician-at-normet-group-4433383042,Hypercare Service Technician,,scraped,2026-07-19T09:40:57.436494,
602a0dcbaf0638cf,https://cd.linkedin.com/jobs/view/national-consultant-for-wash-survey-in-lualaba-and-south-kivu-provinces-of-drc-at-international-federation-of-red-cross-and-red-crescent-societies-ifrc-4441460896,National Consultant for WASH Survey in Lualaba and South Kivu provinces of DRC,,scraped,2026-07-19T09:41:05.379929,
82575b1fc5fdb367,https://cd.linkedin.com/jobs/view/market-and-pricing-specialist-liquefied-natural-gas-at-wsp-in-canada-4440220806,Market and Pricing Specialist (Liquefied Natural Gas),WSP in Canada,posted,2026-07-19T09:41:21.818264,373
c7c0753326b3115a,https://cd.linkedin.com/jobs/view/program-manager-i-moyens-de-subsistance-march%C3%A9s-agriculture-et-climat-au-kasai-central-at-catholic-relief-services-4438421893,"Program Manager I - Moyens de Subsistance, Marchés, Agriculture et Climat au Kasai Central",Catholic Relief Services,posted,2026-07-19T09:41:30.172083,375
cc92fd5b1d685bf9,https://cd.linkedin.com/jobs/view/secure-by-design-specialist-at-vodacom-4439237100,Secure by design specialist,,scraped,2026-07-19T09:41:32.785953,
55225f8ef82b0130,https://cd.linkedin.com/jobs/view/dansk-flygtningehj%C3%A6lp-integration-s%C3%B8ger-en-projektkonsulent-i-aarhus-til-projektet-%E2%80%9Cny-mor-i-danmark%E2%80%9D-at-danish-refugee-council-dansk-flygtningehj%C3%A6lp-4439434271,Dansk Flygtningehjælp Integration søger en projektkonsulent i Aarhus til projektet “Ny mor i Danmark”,,scraped,2026-07-19T09:41:39.665570,
3bc25c8eb1ce42e0,https://cd.linkedin.com/jobs/view/consultant-national-resource-mobilization-and-stakeholder-engagement-country-support-platform-csp-at-international-federation-of-red-cross-and-red-crescent-societies-ifrc-4441469609,"Consultant, National Resource Mobilization and Stakeholder Engagement, Country Support Platform (CSP)",,scraped,2026-07-19T09:41:47.515245,
fa8bbcaaaab6cb9a,https://cd.linkedin.com/jobs/view/plusieurs-postes-4-at-julisha-cd-4442440663,Plusieurs postes (4),,scraped,2026-07-21T10:56:28.582820,
34985cd58a086c95,https://cd.linkedin.com/jobs/view/accountant-accounting-assistant-at-groupe-ch%C3%AAnevert-4440406854,Accountant - Accounting Assistant,,scraped,2026-07-21T10:56:35.014788,
99dd7dcad496aa19,https://cd.linkedin.com/jobs/view/human-resources-and-administration-officer-at-save-the-children-colombia-oficial-4440851345,Human Resources and Administration Officer,,scraped,2026-07-21T10:56:43.178072,
33537571e2c4bc10,https://cd.linkedin.com/jobs/view/assistant-superintendent-at-ecker-remodeling-4443078682,ASSISTANT SUPERINTENDENT,Ecker Remodeling,posted,2026-07-21T10:56:59.150539,377
f0d77627611cce65,https://cd.linkedin.com/jobs/view/female-virtual-assistant-at-onlinejobs-ph-4440419472,Female Virtual Assistant,OnlineJobs.PH,posted,2026-07-21T10:57:10.688507,379
b050c6c7d44c871f,https://cd.linkedin.com/jobs/view/electrical-engineer-solar-hybrid-industrial-infrastructure-at-saasa-b2e-4440228432,Electrical Engineer (Solar Hybrid & Industrial Infrastructure),,scraped,2026-07-21T10:57:17.499603,
8341c9c97ed3fa1c,https://cd.linkedin.com/jobs/view/techniciens-itin%C3%A9rants-f-h-toyota-%E2%80%93-44-at-clenet-4443007504,Techniciens itinérants F/H TOYOTA – 44,,scraped,2026-07-21T10:57:33.742237,
f5554eb3f2bf4d6b,https://cd.linkedin.com/jobs/view/carbon-educator-kinshasa-drc-at-burn-4441493264,"Carbon Educator -Kinshasa, DRC",,scraped,2026-07-21T10:57:41.658470,
41e378e52d9fb501,https://cd.linkedin.com/jobs/view/charg%C3%A9-de-financements-f-h-at-julisha-cd-4442453307,Chargé de financements (F/H),,scraped,2026-07-21T10:57:50.264941,
702ef60d840bf8cf,https://cd.linkedin.com/jobs/view/quantity-surveyor-at-confidential-4443329304,Quantity Surveyor,Confidential,posted,2026-07-21T10:58:05.519740,381
497a256da9535884,https://cd.linkedin.com/jobs/view/engineering-planner-at-glencore-4442077144,Engineering Planner,,scraped,2026-07-21T10:58:16.173150,
799cd8a1ba473a67,https://cd.linkedin.com/jobs/view/maintenance-technician-kimberley-at-totalenergies-3995798271,Maintenance Technician Kimberley,,scraped,2026-07-21T10:58:22.999299,
9580cd729cc97df4,https://cd.linkedin.com/jobs/view/contracts-manager-at-wsp-in-canada-4404296697,Contracts Manager,WSP in Canada,posted,2026-07-21T10:58:38.825187,383
b6492969811c739e,https://cd.linkedin.com/jobs/view/real-estate-consultant-at-confidential-4443332588,Real Estate Consultant,Confidential,posted,2026-07-21T10:58:48.104292,385
21d483b2d104af4b,https://cd.linkedin.com/jobs/view/brand-manager-at-saasa-b2e-4439984791,Brand Manager,,scraped,2026-07-21T10:58:52.756295,
265ad90ce72f71f4,https://cd.linkedin.com/jobs/view/superviseur-restauration-h-f-at-afrik-interim-hrs-4440267704,Superviseur Restauration H/F,,scraped,2026-07-21T10:59:01.189790,
d43a2623827e1c32,https://cd.linkedin.com/jobs/view/logistics-superintendent-at-glencore-4439863207,Logistics Superintendent,,scraped,2026-07-21T10:59:14.509591,
2f1ccd1dc387797c,https://cd.linkedin.com/jobs/view/data-scientist-at-dhired-com-4442294728,Data Scientist,,scraped,2026-07-21T10:59:20.914355,
e40a780c6656cb52,https://cd.linkedin.com/jobs/view/charg%C3%A9-de-client%C3%A8le-bilingue-anglais-fran%C3%A7ais-100%25-t%C3%A9l%C3%A9travail-at-talentpop-app-4439610700,Chargé de Clientèle Bilingue (Anglais/Français) - 100% Télétravail,TalentPop App,posted,2026-07-21T10:59:34.188203,387
f5c901e076431962,https://cd.linkedin.com/jobs/view/technical-field-manager-laos-at-reliefweb-4441633170,"Technical Field Manager, Laos",ReliefWeb,posted,2026-07-21T10:59:42.325216,389
d1962665b10f3723,https://cd.linkedin.com/jobs/view/environmental-officer-investigations-and-mitigation-at-glencore-4441328966,Environmental Officer - Investigations and Mitigation,,scraped,2026-07-21T10:59:45.004315,
746417d2e1d9e8e9,https://cd.linkedin.com/jobs/view/work-from-home-customer-support-%E2%80%93-french-speaking-at-talentpop-app-4438701762,Work-from-Home Customer Support – French Speaking,TalentPop App,posted,2026-07-21T10:59:55.767205,59
13d3eed624f6def6,https://cd.linkedin.com/jobs/view/i-will-do-email-list-building-at-kennflik-4442578446,I will do email list building,Kennflik,posted,2026-07-21T11:00:10.914262,391
1110fb5a9dfdaf97,https://cd.linkedin.com/jobs/view/programme-manager-pm-risk-communication-and-community-engagement-rcce-drc-at-reliefweb-4442124684,Programme Manager (PM) Risk Communication and Community Engagement (RCCE)- DRC,ReliefWeb,posted,2026-07-21T11:00:19.526876,393
f8b72c24f3afc46d,https://cd.linkedin.com/jobs/view/financial-accountant-at-zoomlion-south-africa-4441432820,Financial Accountant,,scraped,2026-07-21T11:00:22.173164,
67e0d015bd5e2fe9,https://cd.linkedin.com/jobs/view/liyah-james-at-yanii-models-4442085162,Liyah James,Yanii Models,posted,2026-07-21T11:00:37.054129,395
4d1016ac229f5e66,https://cd.linkedin.com/jobs/view/plc-at-stalwart-engineering-co-privatelimited-4443323557,PLC,STALWART ENGINEERING CO.PrivateLimited.,posted,2026-07-21T11:00:46.830350,397
c0fcce641c4d8c7d,https://cd.linkedin.com/jobs/view/exports-may-be-a-big-opportunity-for-u-s-advanced-battery-manufacturers-at-green-growth-ventures-publisher-of-the-greeneconomypost-com-4442613435,Exports May Be a Big Opportunity for U.S. Advanced Battery Manufacturers,Green Growth Ventures (publisher of the GreenEconomyPost.com),posted,2026-07-21T11:00:57.910647,399
770557de81066114,https://cd.linkedin.com/jobs/view/snmg-fiber-optic-planning-perform-ic-at-vodacom-4438089844,"SNMG Fiber Optic Planning, Perform & IC",,scraped,2026-07-21T11:01:02.754260,
57270f45b1b0cefd,https://cd.linkedin.com/jobs/view/energy-policy-by-crisis-at-green-growth-ventures-publisher-of-the-greeneconomypost-com-4442620151,Energy Policy by Crisis,Green Growth Ventures (publisher of the GreenEconomyPost.com),posted,2026-07-21T11:02:21.979653,401
95d10cb37492d0a7,https://cd.linkedin.com/jobs/view/consultance-%E2%80%93-etude-smsp-sur-la-sant%C3%A9-mentale-chez-les-personnes-victimes-de-conflits-arm%C3%A9s-en-rdc-at-reliefweb-4441625477,Consultance – Etude SMSP sur la santé mentale chez les personnes victimes de conflits armés en RDC,ReliefWeb,posted,2026-07-21T11:02:30.446998,403
b300d2486e3a0db8,https://cd.linkedin.com/jobs/view/responsable-de-projet-h-f-at-ponticelli-congo-4392927207,Responsable de Projet H/F,,scraped,2026-07-21T11:02:33.092610,
8345d6f6e85478a6,https://cd.linkedin.com/jobs/view/general-manager-hme-maintenance-at-glencore-4440798066,General Manager HME Maintenance,,scraped,2026-07-21T11:02:41.430678,
b6468c585a31a807,https://cd.linkedin.com/jobs/view/vietnamese-qa-lead-remote-at-yo-it-consulting-4440606945,Vietnamese QA Lead - Remote,,scraped,2026-07-21T11:02:47.945179,
039d0e9a6dc21d8b,https://cd.linkedin.com/jobs/view/lingala-bilingual-expert-remote-at-yo-it-consulting-4439966279,Lingala Bilingual Expert - Remote,,scraped,2026-07-21T11:02:56.416808,
f7b4836ddb642726,https://cd.linkedin.com/jobs/view/product-and-solutions-fixed-specialist-at-vodacom-4438705996,Product and Solutions-Fixed  Specialist,,scraped,2026-07-21T11:03:02.869197,
8846e2c27e8034d1,https://cd.linkedin.com/jobs/view/national-logistics-supervisor-at-helios-towers-4441613126,National Logistics Supervisor,,scraped,2026-07-21T11:03:11.241422,
94402d3a9f792c31,https://cd.linkedin.com/jobs/view/manager-country-security-at-julisha-cd-4442448547,"Manager, Country Security",,scraped,2026-07-21T11:03:27.159532,
f44cf39f436bfa85,https://cd.linkedin.com/jobs/view/french-speaking-customer-support-specialist-at-talentpop-app-4439623334,French-Speaking Customer Support Specialist,TalentPop App,posted,2026-07-21T11:03:37.875477,99
7b504f3fc2ed66e9,https://cd.linkedin.com/jobs/view/french-speaking-customer-support-specialist-at-talentpop-app-4439611667,French-Speaking Customer Support Specialist,TalentPop App,scraped,2026-07-21T11:03:42.065916,
6aa8ec5da0ae5453,https://cd.linkedin.com/jobs/view/bilingual-customer-support-specialist-french-english-100%25-remote-at-talentpop-app-4439627201,Bilingual Customer Support Specialist (French/English) - 100% Remote,TalentPop App,posted,2026-07-21T11:03:52.899398,79
ee9e740317f240c5,https://cd.linkedin.com/jobs/view/bilingual-customer-support-specialist-french-english-100%25-remote-at-talentpop-app-4439609692,Bilingual Customer Support Specialist (French/English) - 100% Remote,TalentPop App,scraped,2026-07-21T11:03:56.944348,
11f84c9cc76d1cd4,https://cd.linkedin.com/jobs/view/bilingual-customer-support-specialist-french-english-100%25-remote-at-talentpop-app-4439623312,Bilingual Customer Support Specialist (French/English) - 100% Remote,TalentPop App,scraped,2026-07-21T11:04:01.177958,
f61403874359999a,https://cd.linkedin.com/jobs/view/bilingual-customer-support-specialist-french-english-100%25-remote-at-talentpop-app-4439620384,Bilingual Customer Support Specialist (French/English) - 100% Remote,TalentPop App,scraped,2026-07-21T11:04:05.306323,
302228a5ada6538b,https://cd.linkedin.com/jobs/view/geotechnical-engineer-at-confidential-4443336987,Geotechnical Engineer,Confidential,posted,2026-07-21T11:04:14.945896,405
d158295e959134e8,https://cd.linkedin.com/jobs/view/institutional-health-representative-hospital-franchise-santiago-rep%C3%BAblica-dominicana-at-pfizer-4442408968,Institutional Health Representative Hospital Franchise - Santiago República Dominicana,Pfizer,posted,2026-07-21T11:04:22.877173,407
86950b898fe58f6a,https://cd.linkedin.com/jobs/view/spec-fixed-wireless-planning-perform-at-vodacom-4438094584,SPEC Fixed Wireless Planning & Perform,,scraped,2026-07-21T11:04:25.712385,
b445655d9e54458a,https://cd.linkedin.com/jobs/view/french-chinese-interpreter-at-fei-ma-services-4437696322,French-Chinese interpreter,FEI MA SERVICES,posted,2026-07-21T11:04:40.227280,409
eb0dc66cf39a93d6,https://cd.linkedin.com/jobs/view/expert-senior-financement-de-l%E2%80%99acc%C3%A8s-%C3%A0-l%E2%80%99%C3%A9lectricit%C3%A9-at-ntu-international-a-s-4443311914,Expert Senior Financement de l’Accès à l’Électricité,,scraped,2026-07-21T11:04:42.808503,
8c3f1abf3d058ebf,https://cd.linkedin.com/jobs/view/echte-hand-werks-arbeit%21-dr-kongo-%E2%80%A2-handwerk-bauwesen-at-coworkers-4440426942,Echte Hand(werks)arbeit! - DR Kongo • Handwerk / Bauwesen,,scraped,2026-07-21T11:04:50.258313,
b61067424c6b3751,https://cd.linkedin.com/jobs/view/senior-electrical-engineer-technologist-technician-at-wsp-in-canada-4442079493,Senior Electrical Engineer/ Technologist/Technician,WSP in Canada,posted,2026-07-21T11:05:09.224123,411
ddcd0e63be95513d,https://cd.linkedin.com/jobs/view/short-term-assignment-sta-deputy-finance-manager-gains-program-drc-at-mercy-corps-4443317643,"Short Term Assignment (STA) - Deputy Finance Manager, GAINS Program - DRC",Mercy Corps,posted,2026-07-21T11:05:19.500370,413
3cfe0ad83d887502,https://cd.linkedin.com/jobs/view/customer-quality-experience-leader-global-services-m-f-d-at-ge-vernova-4441618613,"Customer Quality & Experience Leader, Global Services (m/f/d)",GE Vernova,posted,2026-07-21T11:05:28.535050,415
40c07e181a5bd764,https://cd.linkedin.com/jobs/view/expert-senior-%C3%A9lectrification-hors-r%C3%A9seau-at-ntu-international-a-s-4442117331,Expert Senior Électrification Hors Réseau,,scraped,2026-07-21T11:05:33.167106,
4efed188f3892ee3,https://cd.linkedin.com/jobs/view/senior-technical-advisor-mine-production-ug-at-glencore-4441789861,Senior Technical Advisor - Mine Production UG,,scraped,2026-07-21T11:05:41.093944,
a9b4e85f08a0f69f,https://cd.linkedin.com/jobs/view/senior-non-key-experts-in-the-digital-connectivity-study-for-agriculture-prida-ii-at-ntu-international-a-s-4442715416,Senior Non Key Experts in the Digital Connectivity Study for Agriculture (PRIDA II),,scraped,2026-07-21T11:05:47.566656,
4fadeac0b331ea67,https://cd.linkedin.com/jobs/view/chef-de-cuisine-at-ibis-ibis-styles-ibis-budget-4441381855,Chef de Cuisine,"ibis, ibis Styles, ibis budget",posted,2026-07-21T11:06:00.791193,417
a33c15246462f07d,https://cd.linkedin.com/jobs/view/mine-waste-group-manager-at-wsp-in-canada-4424411816,Mine Waste Group Manager,WSP in Canada,posted,2026-07-21T11:06:12.835582,419
3650622f76833e6e,https://cd.linkedin.com/jobs/view/technical-manager-monitoring-evaluation-research-and-learning-merl-at-corus-international-4394945491,"Technical Manager, Monitoring, Evaluation, Research and Learning (MERL)",Corus International,posted,2026-07-21T11:06:23.266673,421
6aea8b0079e89a9f,https://cd.linkedin.com/jobs/view/senior-tailings-engineer-at-wsp-in-canada-4304337120,Senior Tailings Engineer,WSP in Canada,posted,2026-07-21T11:06:35.740249,423
3f415d1dfb55c3b0,https://cd.linkedin.com/jobs/view/senior-geotechnical-engineer-at-wsp-in-canada-4302711802,Senior Geotechnical Engineer,WSP in Canada,posted,2026-07-21T11:06:47.986653,425
94524a95f39ec9bb,https://cd.linkedin.com/jobs/view/senior-catchment-management-and-water-resources-specialist-at-wsp-in-canada-4430583885,Senior Catchment Management and Water Resources Specialist,WSP in Canada,posted,2026-07-21T11:07:00.446701,427
cdcb387fa097b9df,https://cd.linkedin.com/jobs/view/virtual-assistant-at-iic-insurance-center-4440426268,Virtual Assistant,IIC Insurance Center,posted,2026-07-23T10:55:29.014898,319
02e85bc1a77838f7,https://cd.linkedin.com/jobs/view/was-wir-zu-bieten-haben-at-romantik-hotel-restaurant-rottner-4443398703,Was wir zu bieten haben,Romantik Hotel &amp; Restaurant Rottner,posted,2026-07-23T10:55:41.043650,429
444d3c456ba068fd,https://cd.linkedin.com/jobs/view/events-assistant-at-health-sciences-north-foundation-4442640161,Events Assistant,Health Sciences North Foundation,posted,2026-07-23T10:55:52.096870,431
4aa1969f1a1762c4,https://cd.linkedin.com/jobs/view/manoeuvre-construction-at-sadc-de-la-mrc-de-rivi%C3%A8re-du-loup-4443521951,Manoeuvre - Construction,SADC de la MRC de Rivière-Du-Loup,posted,2026-07-23T10:56:01.815538,433
0b9d0b79f509ed2c,https://cd.linkedin.com/jobs/view/directeur-de-suivi-et-evaluation-at-bak-congo-4442287311,DIRECTEUR DE SUIVI ET EVALUATION,BAK-CONGO,posted,2026-07-23T10:56:14.019310,435
e05ec35202b3a37e,https://cd.linkedin.com/jobs/view/superviseur-de-production-at-virunga-fund-inc-4443131090,Superviseur de Production,Virunga Fund Inc.,posted,2026-07-23T10:56:23.138567,437
388a414c0b9337e7,https://cd.linkedin.com/jobs/view/adjoint-e-directeur-pays-aux-programmes-h-f-%E2%80%93-goma-at-julisha-cd-4444238487,ADJOINT.E DIRECTEUR PAYS AUX PROGRAMMES (H/F) – GOMA,,scraped,2026-07-23T10:56:25.444426,
9206282b15b54e44,https://cd.linkedin.com/jobs/view/assistant-e-en-communications-at-julisha-cd-4444227831,Assistant(e) en Communications,,scraped,2026-07-23T10:56:32.217480,
befa9b0be85a60a0,https://cd.linkedin.com/jobs/view/pedagogisch-professional-ut-trepke-voorst-empe-at-docentenmarktplaats-nl-4441144977,Pedagogisch Professional Ut Trepke Voorst/Empe,,scraped,2026-07-23T10:56:38.447274,
39b6cc6741d86d91,https://cd.linkedin.com/jobs/view/consultant-plaidoyer-at-julisha-cd-4444247250,Consultant Plaidoyer,,scraped,2026-07-23T10:56:48.065892,
32d5b39d6a754ac5,https://cd.linkedin.com/jobs/view/senior-protection-officer-at-save-the-children-colombia-oficial-4442174458,Senior Protection Officer,,scraped,2026-07-23T10:56:54.441122,
b683773890ed10f5,https://cd.linkedin.com/jobs/view/charg%C3%A9-e-de-programme-vuln%C3%A9rabilit%C3%A9-comptabilit%C3%A9-cartographie-vam-wfp-at-julisha-cd-4441686464,"Chargé (e) de Programme (Vulnérabilité, Comptabilité & Cartographie) (VAM), WFP...",,scraped,2026-07-23T10:57:01.861601,
78e04a0be4d8bed3,https://cd.linkedin.com/jobs/view/un%C2%B7e-responsable-programme-nutrition-et-sante-acf-france-at-julisha-cd-4444227797,UN·E RESPONSABLE PROGRAMME NUTRITION ET SANTE - ACF France,,scraped,2026-07-23T10:57:08.494150,
600fec9fb3f5cb34,https://cd.linkedin.com/jobs/view/area-manager-kinshasa-rdc-at-reliefweb-4442133399,Area Manager Kinshasa - RDC,ReliefWeb,posted,2026-07-23T10:57:23.556123,439
e8c69da378530596,https://cd.linkedin.com/jobs/view/coordinatrice-ou-coordinateur-de-zone-republique-democratique-du-congo-at-reliefweb-4443531665,COORDINATRICE OU COORDINATEUR DE ZONE - REPUBLIQUE DEMOCRATIQUE DU CONGO,ReliefWeb,posted,2026-07-23T10:57:31.290051,441
b445ee03d1833464,https://cd.linkedin.com/jobs/view/emergency-response-manager-drc-nrc-at-julisha-cd-4444243290,"Emergency Response Manager DRC, NRC",,scraped,2026-07-23T10:57:35.892596,
14a1a0dde013d0ef,https://cd.linkedin.com/jobs/view/promoter-at-fonds-sp%C3%A9cial-pour-la-promotion-l%E2%80%99entrepreneuriat-et-l%E2%80%99emploi-des-jeunes-4443776303,Promoter,,scraped,2026-07-23T10:57:46.201019,
9bc10c74956705fd,https://cd.linkedin.com/jobs/view/stagiaire-secteur-conservation-at-naturoparc-4442955769,Stagiaire secteur conservation,,scraped,2026-07-23T10:57:53.221837,
a0a46565361cc1ca,https://cd.linkedin.com/jobs/view/comptable-at-julisha-cd-4444234585,Comptable,,scraped,2026-07-23T10:58:00.922680,
53b2b962255d4071,https://cd.linkedin.com/jobs/view/project-coordinator-medair-at-julisha-cd-4441689382,"Project Coordinator , Medair",,scraped,2026-07-23T10:58:07.103627,
40c0e6eae932897a,https://cd.linkedin.com/jobs/view/assistant-e-charg%C3%A9-e-de-la-foresterie-communautaire-at-julisha-cd-4444234583,Assistant(e) Chargé(e) de la Foresterie Communautaire,,scraped,2026-07-23T10:58:13.138317,
e04cc9d367cdd99a,https://cd.linkedin.com/jobs/view/accounting-assistant-at-united-electric-supply-ues-4443796093,ACCOUNTING ASSISTANT,United Electric Supply (UES),posted,2026-07-23T10:58:28.295249,443
13402fde790b46d4,https://cd.linkedin.com/jobs/view/junior-property-accountant-finance-assistant-%E2%80%93-base-investments-at-fresh-students-4443116282,Junior Property Accountant / Finance Assistant – BASE Investments,Fresh Students,posted,2026-07-23T10:58:37.953188,445
da6d0db8530cfe2e,https://cd.linkedin.com/jobs/view/byblos-%C3%A0-l%E2%80%99institut-du-monde-arabe-at-expo-paris-4442554468,Byblos à l’Institut du Monde Arabe,,scraped,2026-07-23T10:58:40.244931,
f7b421f9157cb194,https://cd.linkedin.com/jobs/view/pr%C3%A9qualification-des-agences-immobili%C3%A8res-at-julisha-cd-4444213756,Préqualification des agences immobilières,,scraped,2026-07-23T10:58:48.229194,
fc801cf9233c2a46,https://cd.linkedin.com/jobs/view/plumbing-contractor-at-nifty-contractor-4442941890,Plumbing Contractor,,scraped,2026-07-23T10:58:54.413369,
411930c56d717502,https://cd.linkedin.com/jobs/view/area-coordinator-concern-worldwide-at-julisha-cd-4444233562,"Area Coordinator,Concern Worldwide",,scraped,2026-07-23T10:59:00.433078,
53725fce1fa7117e,https://cd.linkedin.com/jobs/view/administrateur-systeme-windows-at-rawbank-4442426787,ADMINISTRATEUR SYSTEME WINDOWS,Rawbank,posted,2026-07-23T10:59:16.506167,447
f0b4409a57300e1d,https://cd.linkedin.com/jobs/view/vaktmester-at-bildusjen-4442227842,Vaktmester,,scraped,2026-07-23T10:59:18.969846,
612f068ee0e82439,https://cd.linkedin.com/jobs/view/charg%C3%A9-e-de-programme-at-julisha-cd-4441687396,Chargé (e) de Programme,,scraped,2026-07-23T10:59:25.007989,
999bb127467f2020,https://cd.linkedin.com/jobs/view/chef-de-programmes-nutrition-at-julisha-cd-4444235540,Chef de Programmes Nutrition,,scraped,2026-07-23T10:59:31.071419,
40acdd946d215ec2,https://cd.linkedin.com/jobs/view/consultant-pour-realiser-la-methode-des-prestations-des-services-at-julisha-cd-4444242344,CONSULTANT POUR REALISER LA METHODE DES PRESTATIONS DES SERVICES,,scraped,2026-07-23T10:59:37.217777,
3ebcfa8bc91b3a73,https://cd.linkedin.com/jobs/view/senior-engineer-or-assistant-manager-procurement-mining-equipment-spares-at-saasa-b2e-4440796647,Senior Engineer or Assistant Manager - Procurement (Mining Equipment & Spares),,scraped,2026-07-23T10:59:43.507270,
d348144b2c4fd48c,https://cd.linkedin.com/jobs/view/chemonics-ghscta-drc-at-julisha-cd-4444236563,Chemonics / GHSCTA-DRC,,scraped,2026-07-23T10:59:52.004292,
28a9e2825b6d0951,https://cd.linkedin.com/jobs/view/charg%C3%A9-de-financements-f-h-r%C3%A9publique-d%C3%A9mocratique-de-congo-at-reliefweb-4441620781,Chargé de financements (F/H) - République Démocratique de Congo,ReliefWeb,posted,2026-07-23T11:00:08.051271,449
53f7f8294ff13d12,https://cd.linkedin.com/jobs/view/coordinateur-trice-terrain-at-julisha-cd-4441672938,Coordinateur (trice) Terrain,,scraped,2026-07-23T11:00:10.497575,
07955c8a5e215eb4,https://cd.linkedin.com/jobs/view/chef-de-projet-suivi-de-protection-nord-kivu-sud-kivu-democratic-republic-o-at-julisha-cd-4441687406,"Chef de Projet - Suivi de Protection Nord Kivu, Sud Kivu - Democratic Republic o...",,scraped,2026-07-23T11:00:16.556328,
8a824fa33328313e,https://cd.linkedin.com/jobs/view/chef-comptable-sesomo-services-at-julisha-cd-4441694171,"CHEF COMPTABLE, SESOMO SERVICES",,scraped,2026-07-23T11:00:23.072635,
954ebc910358ded2,https://cd.linkedin.com/jobs/view/finance-associate-at-fhi-360-4442175025,FINANCE ASSOCIATE,FHI 360,posted,2026-07-23T11:00:31.891249,57
11fba63d38e52a0c,https://cd.linkedin.com/jobs/view/agent-du-budget-kinshasa-at-julisha-cd-4444243330,"Agent du budget, Kinshasa",,scraped,2026-07-23T11:00:36.474259,
5465035857ba4883,https://cd.linkedin.com/jobs/view/drc-local-government-relations-officer-fixed-term-at-one-acre-fund-4443157519,DRC Local Government Relations Officer (Fixed-Term),,scraped,2026-07-23T11:00:43.869632,
564b739d14176e40,https://cd.linkedin.com/jobs/view/shelter-and-settlement-technical-assistant-dr-congo-bunia-at-norwegian-refugee-council-4441957559,Shelter and Settlement Technical Assistant DR Congo Bunia,,scraped,2026-07-23T11:00:51.564039,
153a347cca9f0826,https://cd.linkedin.com/jobs/view/responsable-de-la-participation-politique-des-femmes-kinshasa-at-julisha-cd-4444230682,"Responsable de la participation politique des femmes, Kinshasa",,scraped,2026-07-23T11:01:00.554885,
0d58978a0c80197c,https://cd.linkedin.com/jobs/view/conseiller-technique-hpsm-health-procurement-and-supply-chain-management-cord-at-julisha-cd-4444227795,"Conseiller technique HPSM (Health Procurement and Supply Chain Management), Cord...",,scraped,2026-07-23T11:01:07.013218,
3fe2098c5cc02afe,https://cd.linkedin.com/jobs/view/%C2%ABla-terre-qu%E2%80%99on-a-achet%C3%A9e-%C3%A7a-n%E2%80%99existe-plus%C2%BB-at-24-heures-4441067960,"«La terre qu’on a achetée, ça n’existe plus»",,scraped,2026-07-23T11:01:18.025699,
e6812ff1cad0a629,https://cd.linkedin.com/jobs/view/avis-de-recrutement-officiel-fps-at-fonds-de-promotion-de-la-sant%C3%A9-f-p-s-4443378595,Avis de Recrutement Officiel - FPS,,scraped,2026-07-23T11:01:28.622517,
43b42a278f3fe282,https://cd.linkedin.com/jobs/view/estimateur-at-sadc-de-la-mrc-de-rivi%C3%A8re-du-loup-4443540147,Estimateur,SADC de la MRC de Rivière-Du-Loup,posted,2026-07-23T11:01:41.908243,451
986e278b56943d0d,https://cd.linkedin.com/jobs/view/gestion-de-l-information-cluster-s%C3%A9curit%C3%A9-alimentaire-noa-kinshasa-drc-17-at-julisha-cd-4441674928,Gestion de l'information - Cluster sécurité alimentaire NOA | Kinshasa | DRC (17...,,scraped,2026-07-23T11:01:46.579260,
cbe27980dc1b7049,https://cd.linkedin.com/jobs/view/conseiller-%C3%A8re-technique-principal-e-ing%C3%A9nierie-des-d%C3%A9p%C3%B4ts-de-st%C3%A9riles-et-des-infrastructures-at-kamoto-copper-company-s-a-4443824011,Conseiller(ère) Technique Principal(e) - Ingénierie des Dépôts de Stériles et des Infrastructures,,scraped,2026-07-23T11:01:52.829393,
125e4f0d2abf394b,https://cd.linkedin.com/jobs/view/formateur-en-application-de-la-loi-parc-national-de-kahuzi-biega-wcs-at-julisha-cd-4444231646,"Formateur en application de la loi, Parc National de Kahuzi-Biega, WCS",,scraped,2026-07-23T11:01:59.214247,
6719ee9b61eff236,https://cd.linkedin.com/jobs/view/chief-operating-officer-at-globe-24-7-4441062267,Chief Operating Officer,,scraped,2026-07-23T11:02:05.828255,
2188cfe3da7d8375,https://cd.linkedin.com/jobs/view/dermatologists-at-prime-medic-your-online-family-clinic-4442904466,Dermatologists,,scraped,2026-07-23T11:02:12.316144,
9aa747114c294d98,https://cd.linkedin.com/jobs/view/programme-quality-and-development-coordinator-at-julisha-cd-4444237539,Programme Quality and Development Coordinator,,scraped,2026-07-23T11:02:22.652486,
4630c11b4fdbdc96,https://cd.linkedin.com/jobs/view/project-development-manager-at-totalenergies-3995795199,Project Development Manager,,scraped,2026-07-23T11:02:28.852239,
c8b985afbe0a5431,https://cd.linkedin.com/jobs/view/work-from-home-customer-support-%E2%80%93-french-speaking-at-talentpop-app-4443807362,Work-from-Home Customer Support – French Speaking,TalentPop App,posted,2026-07-23T11:02:39.735122,59
3fc86085547a8e36,https://cd.linkedin.com/jobs/view/work-from-home-customer-support-%E2%80%93-french-speaking-at-talentpop-app-4443803388,Work-from-Home Customer Support – French Speaking,TalentPop App,scraped,2026-07-23T11:02:43.690035,
93453a3eb1cf32dc,https://cd.linkedin.com/jobs/view/work-from-home-customer-support-%E2%80%93-french-speaking-at-talentpop-app-4443491526,Work-from-Home Customer Support – French Speaking,TalentPop App,scraped,2026-07-23T11:02:47.874920,
2ebf54c15f491259,https://cd.linkedin.com/jobs/view/senior-procurement-specialist-req37782-at-the-world-bank-group-4443347968,Senior Procurement Specialist - req37782,The World Bank Group,posted,2026-07-23T11:02:56.682405,453
5e4ae4d669b60877,https://cd.linkedin.com/jobs/view/lead-ug-expansion-execution-at-glencore-4443148187,Lead - UG Expansion Execution,,scraped,2026-07-23T11:02:59.347107,
044c4ff3387c7afc,https://cd.linkedin.com/jobs/view/responsable-de-recherche-unit%C3%A9-intersectorielle-pour-la-rdc-bas%C3%A9-e-%C3%A0-goma-link-for-internal-applicants-at-impact-initiatives-4442693080,"Responsable de Recherche - Unité Intersectorielle pour la RDC, basé.e à Goma (Link For Internal Applicants)",IMPACT Initiatives,posted,2026-07-23T11:03:16.269424,455
8f4cc31441275740,https://cd.linkedin.com/jobs/view/responsable-de-recherche-unit%C3%A9-intersectorielle-pour-la-rdc-bas%C3%A9-e-%C3%A0-goma-link-for-external-applicants-at-impact-initiatives-4442684450,"Responsable de Recherche - Unité Intersectorielle pour la RDC, basé.e à Goma (Link For External Applicants)",IMPACT Initiatives,posted,2026-07-23T11:03:29.015144,457
afac3a7bacc2657f,https://cd.linkedin.com/jobs/view/r%C3%A9f%C3%A9rent-r%C3%A9gional-flotte-motoris%C3%A9e-afrique-centrale-m-f-x-%E2%80%93-msf-belgique-%E2%80%93-kin-at-julisha-cd-4444233568,Référent Régional Flotte Motorisée Afrique Centrale (m/f/x) – MSF Belgique – Kin...,,scraped,2026-07-23T11:03:31.711274,
2db21103d7e85758,https://cd.linkedin.com/jobs/view/french%2Benglish-bilingual-customer-service-representative-at-talentpop-app-4443814253,French+English Bilingual Customer Service Representative,TalentPop App,posted,2026-07-23T11:03:43.420655,459
35a544cbf07018fa,https://cd.linkedin.com/jobs/view/responsable-de-recherche-%E2%80%93-unit%C3%A9-intersectorielle-pour-la-rdc-bas%C3%A9-e-%C3%A0-goma-at-reliefweb-4443523776,"Responsable de Recherche – Unité Intersectorielle pour la RDC, basé.e à Goma",ReliefWeb,posted,2026-07-23T11:03:51.931704,461
617cba2605ec6749,https://cd.linkedin.com/jobs/view/mechanical-engineer-public-health-wet-services-at-wsp-in-canada-4426081616,Mechanical Engineer (Public Health/ Wet Services),WSP in Canada,posted,2026-07-23T11:04:04.153995,463
f375e36cc656bf4a,https://cd.linkedin.com/jobs/view/aml-and-compliance-manager-at-whitecrow-research-4441969064,AML and Compliance Manager,,scraped,2026-07-23T11:04:06.785455,
183db24ee315dada,https://cd.linkedin.com/jobs/view/superintendent-inventory-management-demand-planning-at-glencore-4441330801,Superintendent - Inventory Management (Demand Planning),,scraped,2026-07-23T11:04:14.181141,
4639a586ccbc6671,https://cd.linkedin.com/jobs/view/compliance-officer-ria-congo-drc-at-ria-money-transfer-4439260316,Compliance officer RIA Congo DRC,Ria Money Transfer,posted,2026-07-23T11:04:27.023428,465
1794b74457e29fff,https://cd.linkedin.com/jobs/view/business-administration-in-l-intelligence-artificielle-4441057291,Business Administration in l'intelligence artificielle,L'agence nationale Agro pastorale,posted,2026-07-23T11:04:38.768920,467
2be338b5ae8e64d4,https://cd.linkedin.com/jobs/view/lagard%C3%A8re-news-cr%C3%A9e-une-direction-presse-et-num%C3%A9rique-dirig%C3%A9e-par-pierre-emmanuel-ferrand-at-the-media-leader-4442024972,"Lagardère News crée une direction Presse et Numérique, dirigée par Pierre-Emmanuel Ferrand",The Media Leader,posted,2026-07-23T11:04:50.814235,469
646093da5f59c569,https://cd.linkedin.com/jobs/view/l%C3%A9na%C3%AFg-bredoux-et-valentine-oberti-bient%C3%B4t-%C3%A0-la-direction-%C3%A9ditoriale-de-mediapart-at-the-media-leader-4442045099,Lénaïg Bredoux et Valentine Oberti bientôt à la direction éditoriale de Mediapart,The Media Leader,posted,2026-07-23T11:05:03.614333,471
7a38df9e357aaad1,https://cd.linkedin.com/jobs/view/expert-senior-%C3%A9nergie-bois-biomasse-at-ntu-international-a-s-4443921381,Expert Senior Énergie Bois / Biomasse,,scraped,2026-07-23T11:05:06.207339,
3be9cc5d31d7e5ed,https://cd.linkedin.com/jobs/view/lead-electrical-engineer-technologist-at-wsp-in-canada-4442077515,Lead Electrical Engineer / Technologist,WSP in Canada,posted,2026-07-23T11:05:25.264679,473
3bea4be893aa4b47,https://cd.linkedin.com/jobs/view/formation-pour-mieux-vendre-et-acheter-ses-espaces-digitaux-social-paid-vid%C3%A9o-programmatique-data-at-the-media-leader-4442032575,"Formation pour mieux vendre et acheter ses espaces digitaux : social paid, vidéo, programmatique, data",The Media Leader,posted,2026-07-23T11:05:36.586595,475
95c8e940b68b8cbc,https://cd.linkedin.com/jobs/view/senior-electrical-engineer-project-leader-at-sweco-4290838220,Senior Electrical Engineer - Project Leader,,scraped,2026-07-23T11:05:38.992994,
23b6bf4cc23a192a,https://cd.linkedin.com/jobs/view/senior-technical-advisor-dump-engineering-at-glencore-4443135608,Senior Technical Advisor - Dump Engineering,,scraped,2026-07-23T11:05:45.528498,
c7f249e772250050,https://cd.linkedin.com/jobs/view/entwicklungsingenieur-elektronische-baugruppen-bei-einem-hersteller-von-zulieferteilen-f%C3%BCr-die-automobilindustrie-at-kuehn-gmbh-4442659831,Entwicklungsingenieur elektronische Baugruppen bei einem Hersteller von Zulieferteilen für die Automobilindustrie,Kuehn-GmbH,posted,2026-07-23T11:05:58.938227,477
e154a568e6de2b5f,https://cd.linkedin.com/jobs/view/junior-non-key-experts-in-the-digital-connectivity-study-for-agriculture-and-education-prida-ii-at-ntu-international-a-s-4442588775,Junior Non Key Experts in the Digital Connectivity Study for Agriculture and Education (PRIDA II),,scraped,2026-07-23T11:06:01.598247,
030042cd1760932a,https://cd.linkedin.com/jobs/view/french%2Benglish-bilingual-customer-service-representative-at-talentpop-app-4443801376,French+English Bilingual Customer Service Representative,TalentPop App,scraped,2026-07-23T11:06:10.146426,
4b1569fc762b87f2,https://cd.linkedin.com/jobs/view/psychologue-goma-at-julisha-cd-4444235577,"Psychologue, Goma",,scraped,2026-07-23T11:06:12.462200,
e51c862504d5063a,https://cd.linkedin.com/jobs/view/french%2Benglish-bilingual-customer-service-representative-at-talentpop-app-4443809285,French+English Bilingual Customer Service Representative,TalentPop App,scraped,2026-07-23T11:06:20.277495,
f34e3ae61dcf237b,https://cd.linkedin.com/jobs/view/french%2Benglish-bilingual-customer-service-representative-at-talentpop-app-4443807284,French+English Bilingual Customer Service Representative,TalentPop App,scraped,2026-07-23T11:06:24.451489,
185e3188bc5dbe5f,https://cd.linkedin.com/jobs/view/expert-senior-en-%C3%A9nergies-renouvelables-at-ntu-international-a-s-4441489576,Expert Senior en Énergies Renouvelables,,scraped,2026-07-23T11:06:27.064110,
a7b8cebb65c9648c,https://cd.linkedin.com/jobs/view/the-missing-grid-connected-energy-storage-strategy-at-green-growth-ventures-publisher-of-the-greeneconomypost-com-4442621125,The Missing Grid Connected Energy Storage Strategy,Green Growth Ventures (publisher of the GreenEconomyPost.com),posted,2026-07-23T11:06:40.733026,479
731eba966eeab937,https://cd.linkedin.com/jobs/view/french-bilingual-customer-service-specialist-at-talentpop-app-4443491571,French Bilingual Customer Service Specialist,TalentPop App,posted,2026-07-23T11:06:47.875332,161
ecfd68bdaa804591,https://cd.linkedin.com/jobs/view/french-bilingual-customer-service-specialist-at-talentpop-app-4443810276,French Bilingual Customer Service Specialist,TalentPop App,scraped,2026-07-23T11:06:51.873464,
4522211ae435ef51,https://cd.linkedin.com/jobs/view/ehs-officer-at-sandvik-4441063354,EHS Officer,,scraped,2026-07-23T11:06:54.464792,
bc9924c262191c93,https://cd.linkedin.com/jobs/view/procurement-senior-officer-at-unops-4440448747,Procurement Senior Officer,,scraped,2026-07-23T11:07:01.796043,
783af07695375ec7,https://cd.linkedin.com/jobs/view/channel-manager-at-ge-vernova-4443952471,Channel Manager,GE Vernova,posted,2026-07-23T11:07:17.475221,481
768cccc9b7e65d1e,https://cd.linkedin.com/jobs/view/zu-sofort-at-haiko-senf-haustechnik-4441784290,zu sofort:,Haiko Senf Haustechnik,posted,2026-07-23T11:07:28.645914,483
90f66d2a1b5fa885,https://cd.linkedin.com/jobs/view/pv-plant-field-support-specialist-at-crossboundary-group-4442630845,PV Plant Field Support Specialist,,scraped,2026-07-25T09:22:08.818596,
0ee4972ed0dcbb82,https://cd.linkedin.com/jobs/view/charg%C3%A9-de-projets-at-sadc-de-la-mrc-de-rivi%C3%A8re-du-loup-4443525732,Chargé de projets,SADC de la MRC de Rivière-Du-Loup,posted,2026-07-25T09:22:24.615359,485
be740aeb4144ab7f,https://cd.linkedin.com/jobs/view/should-you-stay-or-should-you-go%3F-at-coach-james-gunaca-4441516661,Should you stay or should you go?,Coach James Gunaca,posted,2026-07-25T09:22:35.909725,487
17f765f5c0fec4a0,https://cd.linkedin.com/jobs/view/ai-won-t-give-you-time-back-here%E2%80%99s-the-proof-at-coach-james-gunaca-4441528304,AI won't give you time back. Here’s the proof.,Coach James Gunaca,posted,2026-07-25T09:22:44.498888,489
854bbb3907960b9c,https://cd.linkedin.com/jobs/view/actuary-megathread-at-least-we-re-not-accountants-at-something-awful-4441830862,Actuary Megathread - At Least We're Not Accountants,Something Awful,posted,2026-07-25T09:22:53.345039,491
489d61c4bbffebf6,https://cd.linkedin.com/jobs/view/from-supply-chain-researcher-to-blockchain-innovator-at-cyfrin-updraft-4443871381,From Supply Chain Researcher to Blockchain Innovator,Cyfrin Updraft,posted,2026-07-25T09:23:08.690833,493
051402c0d1de1221,https://cd.linkedin.com/jobs/view/coordinateur-trice-des-assets-et-biens-at-julisha-cd-4444948379,Coordinateur(trice) des Assets et Biens,,scraped,2026-07-25T09:23:15.072806,
02202492673818e0,https://cd.linkedin.com/jobs/view/why-apply-to-sbs-in-dc-what-i-learned-at-sbs-office-of-career-and-professional-development-umass-amherst-4444772396,Why apply to SBS in DC: What I learned,"SBS Office of Career and Professional Development, UMass Amherst",posted,2026-07-25T09:23:23.466012,293
393822139fc7be9b,https://cd.linkedin.com/jobs/view/wash-officer-dr-congo-bunia-at-norwegian-refugee-council-4443925966,Wash Officer DR Congo Bunia,,scraped,2026-07-25T09:23:26.137709,
6d577fa55850e460,https://cd.linkedin.com/jobs/view/logistics-officer-procurement-dr-congo-beni-at-norwegian-refugee-council-4443943128,Logistics Officer Procurement DR Congo BENI,,scraped,2026-07-25T09:23:35.638067,
10b7292223bc32fa,https://cd.linkedin.com/jobs/view/assistant-superintendent-at-international-golf-maintenance-4444665510,ASSISTANT SUPERINTENDENT,International Golf Maintenance,posted,2026-07-25T09:23:46.472440,377
2fb08b7d58a02a57,https://cd.linkedin.com/jobs/view/officier-i%C3%A8re-logistique-administration-at-julisha-cd-4444219559,Officier(ière) Logistique & Administration,,scraped,2026-07-25T09:23:48.823259,
045d1c8e70a50d8d,https://cd.linkedin.com/jobs/view/country-sales-manager-at-goodwe-4433630935,Country Sales Manager,,scraped,2026-07-25T09:23:55.203812,
2717c5acbe0ca120,https://cd.linkedin.com/jobs/view/rdc-coordinateur-trice-s%C3%A9curit%C3%A9-et-acc%C3%A9s-h-f-goma-at-reliefweb-4443969626,RDC - Coordinateur.trice Sécurité et Accés (H/F) - Goma,ReliefWeb,posted,2026-07-25T09:24:08.309653,495
d442befa9c5fcf67,https://cd.linkedin.com/jobs/view/assistant-director-sponsored-programs-at-ucf-downtown-4444045027,"Assistant Director, Sponsored Programs",UCF Downtown,posted,2026-07-25T09:24:19.715016,497
9395bc87ce6fd616,https://cd.linkedin.com/jobs/view/customer-support-representative-at-wave-mobile-money-4407534223,Customer Support Representative,,scraped,2026-07-25T09:24:22.278179,
e6d916080eca75b3,https://cd.linkedin.com/jobs/view/pharmacist-officer-at-save-the-children-colombia-oficial-4445237867,Pharmacist Officer,,scraped,2026-07-25T09:24:28.975245,
94654f26a932ca46,https://cd.linkedin.com/jobs/view/hr-and-admin-technical-assistant-dr-congo-mahagi-at-norwegian-refugee-council-4442107777,HR and Admin Technical Assistant DR Congo Mahagi,,scraped,2026-07-25T09:24:37.892242,
26ff93578bbfdc5a,https://cd.linkedin.com/jobs/view/specjalista-ds-performance-marketingu-at-pro1-pl-4442526656,Specjalista ds. performance marketingu,,scraped,2026-07-25T09:24:46.447708,
9a4089d90c828cc1,https://cd.linkedin.com/jobs/view/insulation-contractor-at-nifty-contractor-4442959158,Insulation Contractor,,scraped,2026-07-25T09:24:52.861710,
b1da4e1732c64041,https://cd.linkedin.com/jobs/view/directeur-rice-des-op%C3%A9rations-rdc-at-handicap-international-humanity-inclusion-4444727532,Directeur-rice des opérations - RDC,,scraped,2026-07-25T09:24:59.388626,
98735bc3bfecb17e,https://cd.linkedin.com/jobs/view/shelter-and-settlement-officer-dr-congo-bunia-at-norwegian-refugee-council-4443946086,Shelter and Settlement Officer DR Congo Bunia,,scraped,2026-07-25T09:25:09.282354,
d606aeeff6b1582d,https://cd.linkedin.com/jobs/view/charge-api-web-services-at-rawbank-4444995911,CHARGE API & WEB SERVICES,Rawbank,posted,2026-07-25T09:25:30.109426,499
1a1e2eaef28d5a80,https://cd.linkedin.com/jobs/view/cuisinier-cuisini%C3%A8re-at-les-%C3%AEles-4442512250,CUISINIER / CUISINIÈRE,,scraped,2026-07-25T09:25:36.514226,
4513cf6c76b5990d,https://cd.linkedin.com/jobs/view/national-movement-operations-officer-field-support-at-iom-un-migration-4443560255,National Movement Operations Officer (Field Support),IOM - UN Migration,posted,2026-07-25T09:25:53.990826,501
696060d702b69983,https://cd.linkedin.com/jobs/view/chef-de-projet-adjoint-%C2%AB-dcop-%C2%BB-%E2%80%93-directeur-technique-at-bak-congo-4442283451,Chef de Projet Adjoint « DCOP » – Directeur Technique.,BAK-CONGO,posted,2026-07-25T09:26:07.631437,503
3b9a6a0f8a7eb60e,https://cd.linkedin.com/jobs/view/on-site-winder-specialist-at-ge-vernova-4444952372,On Site Winder Specialist,GE Vernova,posted,2026-07-25T09:26:12.622192,33
e89471c43ffa6fb3,https://cd.linkedin.com/jobs/view/conservation-pilot-%E2%80%93-okapi-wildlife-reserve-at-wildlife-conservation-society-4408273012,Conservation Pilot – Okapi Wildlife Reserve,Wildlife Conservation Society,posted,2026-07-25T09:26:24.235556,505
2db4e7136263a61c,https://cd.linkedin.com/jobs/view/ranch-manager-at-king-ranch%C2%AE-institute-for-ranch-management-4441842861,Ranch Manager,King Ranch® Institute for Ranch Management,posted,2026-07-25T09:26:36.078549,507
d97edda2453552a0,https://cd.linkedin.com/jobs/view/chief-of-party-%C2%AB-cop-%C2%BB-at-bak-congo-4442279658,CHIEF OF PARTY « COP »,BAK-CONGO,posted,2026-07-25T09:26:48.184222,509
77354a43edf511ab,https://cd.linkedin.com/jobs/view/field-auditor-at-wave-mobile-money-4415355064,Field Auditor,,scraped,2026-07-25T09:26:58.865264,
3d3c439b2aeb571c,https://cd.linkedin.com/jobs/view/french%2Benglish-bilingual-customer-service-representative-at-talentpop-app-4442978940,French+English Bilingual Customer Service Representative,TalentPop App,posted,2026-07-25T09:27:10.668962,511
c2c83c6efa75b639,https://cd.linkedin.com/jobs/view/french%2Benglish-bilingual-customer-service-representative-at-talentpop-app-4442976925,French+English Bilingual Customer Service Representative,TalentPop App,scraped,2026-07-25T09:27:14.724210,
e9e0d7d4ac15e821,https://cd.linkedin.com/jobs/view/french%2Benglish-bilingual-customer-service-representative-at-talentpop-app-4442977916,French+English Bilingual Customer Service Representative,TalentPop App,scraped,2026-07-25T09:27:18.863393,
75f19ebd465fc1dc,https://cd.linkedin.com/jobs/view/french%2Benglish-bilingual-customer-service-representative-at-talentpop-app-4442991389,French+English Bilingual Customer Service Representative,TalentPop App,scraped,2026-07-25T09:27:22.865944,
7888210882315092,https://cd.linkedin.com/jobs/view/french-bilingual-customer-service-specialist-at-talentpop-app-4443498359,French Bilingual Customer Service Specialist,TalentPop App,posted,2026-07-25T09:27:27.854466,161
f461a5512719db71,https://cd.linkedin.com/jobs/view/freelance-market-research-analyst-laos-at-euromonitor-international-4425049580,Freelance Market Research Analyst - Laos,,scraped,2026-07-25T09:27:30.556132,
dc1d3236a06d8d8c,https://cd.linkedin.com/jobs/view/french-bilingual-customer-service-specialist-at-talentpop-app-4442990387,French Bilingual Customer Service Specialist,TalentPop App,scraped,2026-07-25T09:27:39.384815,
0090ccbce39753db,https://cd.linkedin.com/jobs/view/french-bilingual-customer-service-specialist-at-talentpop-app-4443100024,French Bilingual Customer Service Specialist,TalentPop App,scraped,2026-07-25T09:27:43.553105,
f2de350dfb080fde,https://cd.linkedin.com/jobs/view/french-bilingual-customer-service-specialist-at-talentpop-app-4442977920,French Bilingual Customer Service Specialist,TalentPop App,scraped,2026-07-25T09:27:47.521116,
b6fd6a3e0e5e9718,https://cd.linkedin.com/jobs/view/agent-de-support-client%C3%A8le-international-h-f-at-talentpop-app-4441894300,Agent de Support Clientèle International (H/F),TalentPop App,posted,2026-07-25T09:27:55.199948,513
bdbc266e0787b37c,https://cd.linkedin.com/jobs/view/agent-de-support-client%C3%A8le-international-h-f-at-talentpop-app-4441890377,Agent de Support Clientèle International (H/F),TalentPop App,scraped,2026-07-25T09:27:59.149684,
3da11688dff6ce65,https://cd.linkedin.com/jobs/view/agent-de-support-client%C3%A8le-international-h-f-at-talentpop-app-4441876981,Agent de Support Clientèle International (H/F),TalentPop App,scraped,2026-07-25T09:28:03.142805,
18318f88f4d11861,https://cd.linkedin.com/jobs/view/charg%C3%A9-de-client%C3%A8le-bilingue-anglais-fran%C3%A7ais-100%25-t%C3%A9l%C3%A9travail-at-talentpop-app-4441883637,Chargé de Clientèle Bilingue (Anglais/Français) - 100% Télétravail,TalentPop App,posted,2026-07-25T09:28:10.922333,515
5d970da47fd8269d,https://cd.linkedin.com/jobs/view/on-site-winder-specialist-at-ge-vernova-4444953268,On Site Winder Specialist,GE Vernova,scraped,2026-07-25T09:28:14.986058,
360f402ab7f58f14,https://cd.linkedin.com/jobs/view/expert-senior-en-efficacit%C3%A9-%C3%A9nerg%C3%A9tique-at-ntu-international-a-s-4443358640,Expert Senior en Efficacité Énergétique,,scraped,2026-07-25T09:28:17.584639,
d4b4ff2cbb6fccc2,https://cd.linkedin.com/jobs/view/partnerships-for-forests-2-component-3-regional-manager-%E2%80%93-drc-roc-at-palladium-make-it-possible-4444466965,"Partnerships for Forests 2 Component 3, Regional Manager – DRC & ROC",Palladium: Make It Possible,posted,2026-07-25T09:28:31.160211,517
e2f74b6656d56332,https://cd.linkedin.com/jobs/view/partnerships-for-forests-2-component-3-regional-manager-%E2%80%93-drc-roc-at-palladium-make-it-possible-4444493069,"Partnerships for Forests 2 Component 3, Regional Manager – DRC & ROC",Palladium: Make It Possible,posted,2026-07-25T09:28:35.972313,517
ceec38e9dfd5514c,https://cd.linkedin.com/jobs/view/on-site-winder-specialist-at-ge-vernova-4444936902,On Site Winder Specialist,GE Vernova,scraped,2026-07-25T09:28:46.188336,
b287cd589b43cd99,https://cd.linkedin.com/jobs/view/ruby-gerry-at-snymans-incorporated-4444689620,Ruby Gerry,,scraped,2026-07-27T13:32:05.872119,
2d76ea3ed69f2fb2,https://cd.linkedin.com/jobs/view/sibongile-phiri-at-snymans-incorporated-4444692240,Sibongile Phiri,,scraped,2026-07-27T13:32:12.475958,
6140cf3cd35b1193,https://cd.linkedin.com/jobs/view/one-week-left-to-apply-faculty-positions-in-cyber-security-cyber-physical-systems-ai-at-ecole-polytechnique-at-epizeuxis-4445662250,"One Week left to Apply: Faculty Positions in Cyber-Security, Cyber-Physical Systems, AI at Ecole Polytechnique",,scraped,2026-07-27T13:32:20.507653,
63e4fbafdeda46cb,https://cd.linkedin.com/jobs/view/reminder-feb-19-deadline-for-ecole-polytechnique-faculty-position-applications-at-epizeuxis-4445655295,Reminder: Feb. 19 deadline for Ecole Polytechnique faculty position applications,,scraped,2026-07-27T13:32:27.230382,
e3037dfcb44e74a2,https://cd.linkedin.com/jobs/view/terrain-at-high-styles-4444686920,Terrain,High Styles,posted,2026-07-27T13:32:42.433733,519
283432ee60971636,https://cd.linkedin.com/jobs/view/assistant-coordinator-karaoke-at-altonimbus-entertainment-4445355458,"Assistant Coordinator, Karaoke",ALTONIMBUS ENTERTAINMENT,posted,2026-07-27T13:32:55.612545,521
0b8769bb7519e0f0,https://cd.linkedin.com/jobs/view/assistant-director-publicity-at-altonimbus-entertainment-4445356452,"Assistant Director, Publicity",ALTONIMBUS ENTERTAINMENT,posted,2026-07-27T13:33:05.134742,523
04cd4ec98f029e2e,https://cd.linkedin.com/jobs/view/country-project-coordinator-dr-congo-for-consortium-project-100-%25-at-julisha-cd-4445634907,Country Project Coordinator DR Congo (for Consortium Project) (100 %),,scraped,2026-07-27T13:33:07.552320,
5ea1bf7eb3abeae2,https://cd.linkedin.com/jobs/view/painting-contractor-at-nifty-contractor-4442942833,Painting Contractor,,scraped,2026-07-27T13:33:17.919081,
7209f62ffa09dc8c,https://cd.linkedin.com/jobs/view/principal-projets-d-expansion-et-pr%C3%A9paration-op%C3%A9rationnelle-at-kamoto-copper-company-s-a-4443803935,Principal - Projets d'Expansion et Préparation Opérationnelle,,scraped,2026-07-27T13:33:26.407731,
af950adf1efd49f1,https://cd.linkedin.com/jobs/view/local-deputy-project-manager-drc-at-julisha-cd-4445633889,"Local Deputy Project Manager, DRC",,scraped,2026-07-27T13:33:37.086866,
fc05a89ca6cca31b,https://cd.linkedin.com/jobs/view/chef-de-mission-cdm-%E2%80%93-drc-at-julisha-cd-4445632855,Chef de Mission (CdM)– DRC,,scraped,2026-07-27T13:33:45.298355,
e3ec261acb8f1912,https://cd.linkedin.com/jobs/view/secteur-snacking-technique-at-naturoparc-4442970253,Secteur Snacking & Technique,,scraped,2026-07-27T13:33:51.349807,
e0a5d40c65aec868,https://cd.linkedin.com/jobs/view/finance-administrative-manager-drc-at-julisha-cd-4445635889,"Finance & Administrative Manager, DRC",,scraped,2026-07-27T13:34:01.006922,
7fb1b684711cab7a,https://cd.linkedin.com/jobs/view/procurement-manager-dr-congo-at-julisha-cd-4445637820,Procurement Manager - DR Congo,,scraped,2026-07-27T13:34:07.171848,
50352e5b6c555980,https://cd.linkedin.com/jobs/view/subcontract-grant-officer-at-julisha-cd-4445634908,Subcontract/Grant Officer,,scraped,2026-07-27T13:34:13.640608,
263bc06302056b74,https://cd.linkedin.com/jobs/view/consultant-e-international-e-at-julisha-cd-4445641844,Consultant(e) international(e),,scraped,2026-07-27T13:34:19.824736,
05820815be2f9387,https://cd.linkedin.com/jobs/view/responsable-du-d%C3%A9veloppement-communautaire-h-f-at-julisha-cd-4445320617,Responsable du Développement Communautaire (H/F),,scraped,2026-07-27T13:34:26.654161,
7a1c0fa67ef37965,https://cd.linkedin.com/jobs/view/consultant-charg%C3%A9-de-la-comptabilit%C3%A9-at-julisha-cd-4445642847,Consultant chargé de la Comptabilité,,scraped,2026-07-27T13:34:33.113834,
0f5e6067b6e36f16,https://cd.linkedin.com/jobs/view/rdc-%E2%80%93-logisticien-ne-base-%E2%80%93-ituri-at-julisha-cd-4445639879,RDC – LOGISTICIEN.NE BASE – ITURI,,scraped,2026-07-27T13:34:39.344834,
592ad7e2b7068576,https://cd.linkedin.com/jobs/view/administration-and-finance-manager-%E2%80%93-lift-project-democratic-republic-of-congo-at-julisha-cd-4445636894,"Administration and Finance Manager – LIFT Project, Democratic Republic of Congo",,scraped,2026-07-27T13:34:45.443075,
3a50bf15e9854f60,https://cd.linkedin.com/jobs/view/project-engineer-lift-project-at-julisha-cd-4445643795,Project Engineer-LIFT Project,,scraped,2026-07-27T13:34:51.671104,
9c559b09fae4bd25,https://cd.linkedin.com/jobs/view/senior-coordinator-de-cha%C3%AEne-logistique-at-julisha-cd-4445629890,Senior Coordinator de Chaîne Logistique,,scraped,2026-07-27T13:34:57.627655,
7b97c7522f82e1ea,https://cd.linkedin.com/jobs/view/merchandiser-coverage-expansion-at-fonds-sp%C3%A9cial-pour-la-promotion-l%E2%80%99entrepreneuriat-et-l%E2%80%99emploi-des-jeunes-4443758830,Merchandiser Coverage Expansion,,scraped,2026-07-27T13:35:03.921121,
69e2fd115119b025,https://cd.linkedin.com/jobs/view/agent-de-suivi-pour-le-projet-voix-et-leadership-des-femmes-en-rdc-at-julisha-cd-4445633891,Agent de suivi pour le projet Voix et Leadership des femmes en RDC,,scraped,2026-07-27T13:35:13.941833,
47d384ed6d9ead5c,https://cd.linkedin.com/jobs/view/merchandiser-coverage-expansion-at-fonds-sp%C3%A9cial-pour-la-promotion-l%E2%80%99entrepreneuriat-et-l%E2%80%99emploi-des-jeunes-4443776304,Merchandiser Coverage Expansion,,scraped,2026-07-27T13:35:22.381482,
0e12f9b200babeca,https://cd.linkedin.com/jobs/view/chef-de-mission-m-f-d-at-julisha-cd-4445637817,Chef de Mission (m/f/d),,scraped,2026-07-27T13:35:28.899831,
effcc66aa6dd9c62,https://cd.linkedin.com/jobs/view/chef-comptable-et-consultant-financier-2-postes-at-julisha-cd-4445638861,Chef Comptable et Consultant Financier (2 postes),,scraped,2026-07-27T13:35:35.323168,
150971c2d4354050,https://cd.linkedin.com/jobs/view/charg%C3%A9-e-de-logistique-zone-%E2%80%93-tanganyika-at-julisha-cd-4445629881,Chargé(e) de Logistique Zone – Tanganyika,,scraped,2026-07-27T13:35:41.765012,
ae778e2f8162503e,https://cd.linkedin.com/jobs/view/entwicklung-einer-dampfmaschine-zur-erzeugung-von-regenerativem-strom-at-institut-f%C3%BCr-kolbenmaschinen-ifkm-4445623736,Entwicklung einer Dampfmaschine zur Erzeugung von regenerativem Strom,,scraped,2026-07-27T13:35:47.800951,
bf530f48273ebde6,https://cd.linkedin.com/jobs/view/fone-de-ouvido-wireless-em-bambu-e-abs-at-tom-promocional-brindes-4442387320,Fone De Ouvido Wireless Em Bambu E Abs,Tom Promocional Brindes,posted,2026-07-27T13:36:01.470209,525
e29efb9070ce74f5,https://cd.linkedin.com/jobs/view/aufbau-und-inbetriebnahme-eines-kontaktwinkelmesssystems-at-institut-f%C3%BCr-kolbenmaschinen-ifkm-4445619786,Aufbau und Inbetriebnahme eines Kontaktwinkelmesssystems,,scraped,2026-07-27T13:36:03.949006,
a80c3277a8c51239,https://cd.linkedin.com/jobs/view/francophone-customer-support-representative-%E2%80%93-remote-at-talentpop-app-4441895246,Francophone Customer Support Representative – Remote,TalentPop App,posted,2026-07-27T13:36:12.953651,119
d4edca6097c9b029,https://cd.linkedin.com/jobs/view/francophone-customer-support-representative-%E2%80%93-remote-at-talentpop-app-4441892304,Francophone Customer Support Representative – Remote,TalentPop App,scraped,2026-07-27T13:36:16.964440,
b14ca504df8df5c0,https://cd.linkedin.com/jobs/view/francophone-customer-support-representative-%E2%80%93-remote-at-talentpop-app-4441885552,Francophone Customer Support Representative – Remote,TalentPop App,scraped,2026-07-27T13:36:20.995973,
ef494839b034492a,https://cd.linkedin.com/jobs/view/french-speaking-customer-support-specialist-at-talentpop-app-4442372829,French-Speaking Customer Support Specialist,TalentPop App,posted,2026-07-27T13:36:25.785481,99
e48b6707e0e2912b,https://cd.linkedin.com/jobs/view/garrafa-t%C3%A9rmica-1-litro-at-tom-promocional-brindes-4442390265,Garrafa Térmica 1 Litro,Tom Promocional Brindes,posted,2026-07-27T13:36:33.858035,527
ef87f21fd326dd2b,https://cd.linkedin.com/jobs/view/charg%C3%A9-de-client%C3%A8le-bilingue-anglais-fran%C3%A7ais-100%25-t%C3%A9l%C3%A9travail-at-talentpop-app-4442356990,Chargé de Clientèle Bilingue (Anglais/Français) - 100% Télétravail,TalentPop App,posted,2026-07-27T13:36:41.724166,529
89f659c360f32ca6,https://cd.linkedin.com/jobs/view/consultance-one-health-h-f-x-rdc-at-julisha-cd-4445634899,"Consultance One Health (h/f/x), RDC",,scraped,2026-07-27T13:36:48.123883,
8e43f2bd06d25128,https://cd.linkedin.com/jobs/view/resaltador-de-texto-artesco-e49-amarillo-und-br-at-bringco-s-a-4445639907,Resaltador de Texto Artesco E49 Amarillo und (Br),,scraped,2026-07-27T13:36:54.535771,
1bb11a80e1f4230a,https://cd.linkedin.com/jobs/view/development-advisor-francophone-africa-at-julisha-cd-4445639888,Development Advisor- Francophone Africa,,scraped,2026-07-27T13:37:04.738489,
324eff08302bf674,https://cd.linkedin.com/jobs/view/regional-grant-acquisition-manager-africa-80-100%25-at-julisha-cd-4445644816,"Regional Grant Acquisition Manager Africa, 80-100%",,scraped,2026-07-27T13:37:11.139023,
6329f22d3dac42a0,https://cd.linkedin.com/jobs/view/project-manager-at-turner-townsend-4356625471,Project Manager,,scraped,2026-07-27T13:37:17.847254,
c89fef5f5f3a47b9,https://cd.linkedin.com/jobs/view/electoral-and-political-expert-at-julisha-cd-4445636900,Electoral and Political Expert,,scraped,2026-07-27T13:37:24.993024,
02bd5213504f4dcb,https://cd.linkedin.com/jobs/view/journaliste-mentor-de-la-radio-communautaire-at-julisha-cd-4445650760,Journaliste Mentor de la Radio Communautaire,,scraped,2026-07-27T13:37:31.096387,
847f1dca2ef6c3e8,https://cd.linkedin.com/jobs/view/rdc-grants-manager-at-julisha-cd-4445649816,RDC - Grants Manager,,scraped,2026-07-27T13:37:37.535388,
1e26810df61d67cc,https://cd.linkedin.com/jobs/view/francophone-customer-support-representative-%E2%80%93-remote-at-talentpop-app-4441899084,Francophone Customer Support Representative – Remote,TalentPop App,scraped,2026-07-27T13:37:45.144493,
5644f7ccab618568,https://cd.linkedin.com/jobs/view/management-accountant-at-helios-towers-4443105218,Management Accountant,,scraped,2026-07-27T13:37:47.834116,
cbbd0938904bcf9d,https://cd.linkedin.com/jobs/view/reach-assessment-officer-cash-market-monitoring-in-drc-at-julisha-cd-4445641854,REACH Assessment Officer (Cash & Market Monitoring) in DRC,,scraped,2026-07-27T13:37:57.444132,
bcf6372f894654d5,https://cd.linkedin.com/jobs/view/consultant-e-en-genre-pour-soutenir-la-mise-en-place-d%E2%80%99un-reseau-des-femmes-def-at-julisha-cd-4445638846,CONSULTANT(E) EN GENRE POUR SOUTENIR LA MISE EN PLACE D’UN RESEAU DES FEMMES DEF...,,scraped,2026-07-27T13:38:03.721919,
15fe3f74761d10af,https://cd.linkedin.com/jobs/view/a-r-music-marketer-music-manager-at-amon-access-4444295469,"A&R, Music Marketer, Music Manager",Amon Access,posted,2026-07-27T13:38:17.962455,531
30cd085d81aaf5a8,https://cd.linkedin.com/jobs/view/field-coordinator-coordinateur-terrain-at-julisha-cd-4445630870,Field Coordinator/Coordinateur terrain,,scraped,2026-07-27T13:38:20.327030,
77c3e3aef6b7131f,https://cd.linkedin.com/jobs/view/shelter-technical-assistant-hard-dr-congo-goma-nk-at-norwegian-refugee-council-4444472158,Shelter Technical Assistant Hard DR Congo Goma NK,,scraped,2026-07-27T13:38:26.791448,
d894144c32eff9dd,https://cd.linkedin.com/jobs/view/dme-design-monitoring-and-evaluation-manager-manager-at-julisha-cd-4445642844,"DME (Design, Monitoring and Evaluation Manager) Manager",,scraped,2026-07-27T13:38:33.963105,
9d9ccb047c765bb2,https://cd.linkedin.com/jobs/view/finance-and-compliance-manager-at-julisha-cd-4445646837,Finance and Compliance Manager,,scraped,2026-07-27T13:38:40.075932,
511dbcce841dbd79,https://cd.linkedin.com/jobs/view/mechanical-engineer-hvac-at-wsp-in-canada-4426218888,Mechanical Engineer (HVAC),WSP in Canada,posted,2026-07-27T13:38:56.045749,533
de4d4acf93abbcc7,https://cd.linkedin.com/jobs/view/associate-humanitarian-affairs-officer-pooled-fund-p2-temporary-job-opening-at-julisha-cd-4445647813,"Associate Humanitarian Affairs Officer/ Pooled Fund, P2 (Temporary Job Opening)...",,scraped,2026-07-27T13:38:58.782588,
e9138c047c55b020,https://cd.linkedin.com/jobs/view/consultant-e-pour-la-r%C3%A9alisation-d%E2%80%99une-etude-participative-de-la-vuln%C3%A9rabilit%C3%A9-at-julisha-cd-4445643815,Consultant(e) pour la réalisation d’une Etude Participative de la Vulnérabilité...,,scraped,2026-07-27T13:39:04.799633,
406f1fcf437e6525,https://cd.linkedin.com/jobs/view/automationsingenj%C3%B6r-plc-at-kontikab-ab-4444225179,Automationsingenjör PLC,,scraped,2026-07-27T13:39:11.331459,
cedee0a8c9a86275,https://cd.linkedin.com/jobs/view/country-representative-ria-drc-at-ria-money-transfer-4440482903,Country Representative RIA DRC,Ria Money Transfer,posted,2026-07-27T13:39:26.589421,535
df5df559e5c4aeee,https://cd.linkedin.com/jobs/view/reminder-faculty-positions-in-computer-networking-at-ecole-polytechnique-%E2%80%93-deadline-in-1-week-at-epizeuxis-4445673192,Reminder: Faculty Positions in Computer Networking at Ecole Polytechnique – deadline in 1 week,,scraped,2026-07-27T13:39:29.106441,
08f8905b969932dc,https://cd.linkedin.com/jobs/view/francophone-customer-support-representative-%E2%80%93-remote-at-talentpop-app-4442355553,Francophone Customer Support Representative – Remote,TalentPop App,scraped,2026-07-27T13:39:38.959210,
86c13b12ab8d78e8,https://cd.linkedin.com/jobs/view/conseiller-technique-autonomisation-de-la-femme-%C3%A9galit%C3%A9-des-sexes-et-gouverna-at-julisha-cd-4445637823,"Conseiller technique - Autonomisation de la femme, égalité des sexes et gouverna...",,scraped,2026-07-27T13:39:41.440907,
6030eb8bee78b1f8,https://cd.linkedin.com/jobs/view/programme-coordinator-transition-and-recovery-at-julisha-cd-4445651222,Programme Coordinator (Transition and Recovery),,scraped,2026-07-27T13:39:47.779511,
4c41f6eef923391c,https://cd.linkedin.com/jobs/view/copo-fibra-de-trigo-450ml-at-tom-promocional-brindes-4442803235,Copo Fibra De Trigo 450ml,Tom Promocional Brindes,posted,2026-07-27T13:40:00.101264,537
191e809d7ef1473e,https://cd.linkedin.com/jobs/view/un-d%C3%A9l%C3%A9gu%C3%A9-de-coordination-technique-m-f-d-at-julisha-cd-4445649817,Un délégué de coordination technique (M/F/D),,scraped,2026-07-27T13:40:02.475722,
7db050a057541144,https://cd.linkedin.com/jobs/view/auswertemethodik-eines-flottenversuches-mit-co2-neutralen-kraftstoffen-at-institut-f%C3%BCr-kolbenmaschinen-ifkm-4445623737,Auswertemethodik eines Flottenversuches mit CO2-neutralen Kraftstoffen,,scraped,2026-07-27T13:40:09.082756,
5294b674a3d00d0d,https://cd.linkedin.com/jobs/view/senior-manager-internal-audit-at-right-advisors-private-limited-4445900441,Senior Manager Internal Audit,,scraped,2026-07-27T13:40:15.806604,
b800b2a84ceaf5ec,https://cd.linkedin.com/jobs/view/experts-seniors-en-gouvernance-contr%C3%B4le-interne-contr%C3%B4le-externe-des-forces-de-at-julisha-cd-4445640820,"Experts seniors en gouvernance, contrôle interne, contrôle externe des forces de...",,scraped,2026-07-27T13:40:25.359936,
54ef036829ee962a,https://cd.linkedin.com/jobs/view/finance-and-administration-director-rural-and-peri-urban-sanitation-project-at-julisha-cd-4445650764,Finance and Administration Director - Rural and Peri-urban Sanitation Project,,scraped,2026-07-27T13:40:33.269116,
f42b0e471bd06cac,https://cd.linkedin.com/jobs/view/rearch-manager-programme-monitoring-evaluation-and-learning-in-drc-at-julisha-cd-4445631854,"Rearch Manager - Programme Monitoring, Evaluation and Learning in DRC",,scraped,2026-07-27T13:40:39.601352,
479a5a1ae25bb017,https://cd.linkedin.com/jobs/view/consultant-e-afin-de-mettre-en-place-un-syst%C3%A8me-d-information-des-march%C3%A9s-dans-at-julisha-cd-4445637825,Consultant(e) afin de mettre en place un système d'information des marchés dans...,,scraped,2026-07-27T13:40:45.977527,
2a2befcc35fa60de,https://cd.linkedin.com/jobs/view/consultant-local-en-recherche-formative-%E2%80%93-rdc-%E2%80%93-ituri-at-julisha-cd-4445645808,Consultant Local en Recherche Formative – RDC – Ituri,,scraped,2026-07-27T13:40:52.358291,
8a8df6b8e3253986,https://cd.linkedin.com/jobs/view/remote-french-bilingual-customer-support-representative-at-talentpop-app-4442821174,Remote French Bilingual Customer Support Representative,TalentPop App,posted,2026-07-27T13:41:01.354845,143
9f79437e0147e19e,https://cd.linkedin.com/jobs/view/final-evaluation-of-the-cross-border-dialogue-for-peace-in-the-great-lakes-progr-at-julisha-cd-4445636902,Final Evaluation of the Cross-Border Dialogue for Peace in the Great Lakes Progr...,,scraped,2026-07-27T13:41:06.022141,
0cff0166873e6aa3,https://cd.linkedin.com/jobs/view/partnerships-for-forests-2-component-3-project-officer-drc-at-palladium-make-it-possible-4444755197,"Partnerships for Forests 2 Component 3, Project Officer (DRC)",Palladium: Make It Possible,posted,2026-07-27T13:41:19.930469,539
6cb4a1761c72c8c6,https://cd.linkedin.com/jobs/view/sp%C3%A9cialiste-bilingue-fran%C3%A7ais-anglais-du-support-client-%E2%80%94-voix-et-chat-at-talentpop-app-4442371857,Spécialiste Bilingue (Français/Anglais) du Support Client — Voix et Chat,TalentPop App,posted,2026-07-27T13:41:28.875129,541
e11163c58f9a5a19,https://cd.linkedin.com/jobs/view/sp%C3%A9cialiste-bilingue-fran%C3%A7ais-anglais-du-support-client-%E2%80%94-voix-et-chat-at-talentpop-app-4442375796,Spécialiste Bilingue (Français/Anglais) du Support Client — Voix et Chat,TalentPop App,scraped,2026-07-27T13:41:32.983114,
8d85c030e407ae5d,https://cd.linkedin.com/jobs/view/sp%C3%A9cialiste-bilingue-fran%C3%A7ais-anglais-du-support-client-%E2%80%94-voix-et-chat-at-talentpop-app-4442368837,Spécialiste Bilingue (Français/Anglais) du Support Client — Voix et Chat,TalentPop App,scraped,2026-07-27T13:41:36.984366,
6fee52595c8df026,https://cd.linkedin.com/jobs/view/expert-senior-%C3%A9conomiste-financier-at-ntu-international-a-s-4444446884,Expert Senior Économiste / Financier,,scraped,2026-07-27T13:41:39.629932,
20698774f52a3884,https://cd.linkedin.com/jobs/view/remote-french-bilingual-customer-support-representative-at-talentpop-app-4442811147,Remote French Bilingual Customer Support Representative,TalentPop App,scraped,2026-07-27T13:41:49.003082,
b34e6cb8881ee046,https://cd.linkedin.com/jobs/view/senior-manager-ug-expansion-at-glencore-4443864889,Senior Manager - UG Expansion,,scraped,2026-07-27T13:41:51.779646,
3e0dd3a2ed526841,https://cd.linkedin.com/jobs/view/french-english-customer-support-associate-at-talentpop-app-4442300026,French-English Customer Support Associate,TalentPop App,posted,2026-07-27T13:42:00.532422,139
a260b7d9796cd1f0,https://cd.linkedin.com/jobs/view/french-english-customer-support-associate-at-talentpop-app-4441891354,French-English Customer Support Associate,TalentPop App,scraped,2026-07-27T13:42:04.647550,
28a99f637f29da79,https://cd.linkedin.com/jobs/view/power-bank-metal-at-tom-promocional-brindes-4442390263,Power Bank Metal,Tom Promocional Brindes,posted,2026-07-27T13:42:12.764188,543
7dae431f72c2b58e,https://cd.linkedin.com/jobs/view/prefabricated-warehouse-activity-manager-democratic-republic-of-the-congo-20-at-julisha-cd-4445649810,Prefabricated warehouse activity manager | Democratic Republic of the Congo | 20...,,scraped,2026-07-27T13:42:15.501792,
966c5f2105a6c70d,https://cd.linkedin.com/jobs/view/bilingual-customer-support-specialist-french-english-100%25-remote-at-talentpop-app-4442342651,Bilingual Customer Support Specialist (French/English) - 100% Remote,TalentPop App,posted,2026-07-27T13:42:23.790757,79
e16c7852a361c6ca,https://cd.linkedin.com/jobs/view/bilingual-customer-support-specialist-french-english-100%25-remote-at-talentpop-app-4442340512,Bilingual Customer Support Specialist (French/English) - 100% Remote,TalentPop App,scraped,2026-07-27T13:42:27.881041,
df30db800bc72538,https://cd.linkedin.com/jobs/view/bolsa-para-bicicleta-at-tom-promocional-brindes-4442800213,Bolsa Para Bicicleta,Tom Promocional Brindes,posted,2026-07-27T13:42:35.654090,545
256fd598dfda59fb,https://cd.linkedin.com/jobs/view/bilingual-customer-support-specialist-french-english-100%25-remote-at-talentpop-app-4442346606,Bilingual Customer Support Specialist (French/English) - 100% Remote,TalentPop App,scraped,2026-07-27T13:42:39.675535,
be26d44513c0ae6d,https://cd.linkedin.com/jobs/view/bilingual-customer-support-specialist-french-english-100%25-remote-at-talentpop-app-4442355539,Bilingual Customer Support Specialist (French/English) - 100% Remote,TalentPop App,scraped,2026-07-27T13:42:43.786432,
357189e784a14a42,https://cd.linkedin.com/jobs/view/sacola-de-juta-at-tom-promocional-brindes-4442397234,Sacola De Juta,Tom Promocional Brindes,posted,2026-07-27T13:42:51.808334,547
637857b901be24fe,https://cd.linkedin.com/jobs/view/wie-verbesserst-du-dein-zeitmanagement%3F-at-mindandstudy-4445639919,Wie verbesserst du dein Zeitmanagement?,,scraped,2026-07-29T11:37:15.802432,
22ecfd7fc4c481b6,https://cd.linkedin.com/jobs/view/https-rovorone-com-listing-yoshi-wrecking-service-at-rovorone-4442858501,https://rovorone.com/listing/yoshi-wrecking-service/,Rovorone,posted,2026-07-29T11:37:33.110710,549
647c852c47721e15,https://cd.linkedin.com/jobs/view/tsf-site-engineer-at-knight-piesold-southern-africa-4443298269,TSF Site Engineer,,scraped,2026-07-29T11:37:41.832037,
c9149a042b5a83b1,https://cd.linkedin.com/jobs/view/r%C3%A9publique-d%C3%A9mocratique-du-congo-charg%C3%A9-meal-et-d%C3%A9veloppement-de-projets-consortium-%E2%80%93-kinshasa-at-reliefweb-4446107701,République Démocratique du Congo : Chargé MEAL et Développement de Projets Consortium – Kinshasa,ReliefWeb,posted,2026-07-29T11:37:59.497201,551
bfd73b1483c7a497,https://cd.linkedin.com/jobs/view/democratic-republic-of-the-congo-business-projet-development-manager-%E2%80%93-kinshasa-at-acted-4445348029,Democratic Republic of the Congo : Business & Projet Development Manager – Kinshasa,,scraped,2026-07-29T11:38:04.281008,
714c4ae0f32c2cf7,https://cd.linkedin.com/jobs/view/resaltador-de-texto-artesco-job-a48-amarillo-und-br-at-bringco-s-a-4445650776,Resaltador de Texto Artesco Job A48 Amarillo und (Br),,scraped,2026-07-29T11:38:10.667018,
7d32e6539e545d84,https://cd.linkedin.com/jobs/view/livelihoods-advisor-drc-at-julisha-cd-4445641845,Livelihoods Advisor - DRC,,scraped,2026-07-29T11:38:17.238890,
9202b0e5053a027b,https://cd.linkedin.com/jobs/view/directeur-pays-r%C3%A9publique-d%C3%A9mocratique-du-congo-at-julisha-cd-4445628953,Directeur Pays - République Démocratique du Congo,,scraped,2026-07-29T11:38:23.985798,
8bdaceda7fe3378d,https://cd.linkedin.com/jobs/view/urgent-coordinateur-trice-de-projet-%C2%AB-hauts-plateaux-%C2%BB-rdc-bukavu-at-julisha-cd-4445651200,"URGENT : Coordinateur/trice de Projet « Hauts Plateaux », RDC, Bukavu",,scraped,2026-07-29T11:38:30.232438,
361f29ad42d16a88,https://cd.linkedin.com/jobs/view/comptable-senior-at-afrik-interim-hrs-4443263126,Comptable Senior,,scraped,2026-07-29T11:38:38.961557,
f98fedce74b2f642,https://cd.linkedin.com/jobs/view/superviseur-du-moniteur-de-terrain-field-monitor-supervisor-at-julisha-cd-4445629891,Superviseur du Moniteur de Terrain (Field Monitor Supervisor),,scraped,2026-07-29T11:38:48.246337,
2b65da8e26ec2c67,https://cd.linkedin.com/jobs/view/resaltador-de-texto-artesco-e49-celeste-und-br-at-bringco-s-a-4445645833,Resaltador de Texto Artesco E49 Celeste und (Br),,scraped,2026-07-29T11:38:54.621333,
196dde6bb807176a,https://cd.linkedin.com/jobs/view/%C2%BFsos-m%C3%A9dico%3F-at-medicgen-4445933023,¿Sos médico?,,scraped,2026-07-29T11:39:01.029134,
c4f6f788aa8fc043,https://cd.linkedin.com/jobs/view/consultant-world-bank-agricultural-research-development-project-%E2%80%93-agricultural-research-council-of-nigeria-at-the-albertatalent-insights-4-openings-at-sabiagrik-4444410577,"Consultant, World Bank Agricultural Research Development Project – Agricultural Research Council of Nigeria at the AlbertaTalent Insights (4 Openings)",,scraped,2026-07-29T11:39:07.632092,
7dab94465e413407,https://cd.linkedin.com/jobs/view/accounting-assistant-at-mgu-innovation-foundation-4446833566,Accounting Assistant,MGU Innovation Foundation,posted,2026-07-31T11:37:52.653623,443
6d4ff1831e5c2d4e,https://cd.linkedin.com/jobs/view/procareermentor-at-appvizer-brasil-4444120297,ProCareerMentor,,scraped,2026-07-31T11:37:58.940011,
84a9dbb2cd873e45,https://cd.linkedin.com/jobs/view/emmanuel-cecchet-at-canadian-association-of-rallysport-4447242852,Emmanuel Cecchet,,scraped,2026-07-31T11:38:04.577618,
afd36f844b014e2e,https://cd.linkedin.com/jobs/view/project-planner-at-wsp-in-canada-4446782090,Project Planner,WSP in Canada,posted,2026-07-31T11:38:22.633965,553
f361aee17e27ee55,https://cd.linkedin.com/jobs/view/okun-family-fund-at-sonja-haynes-stone-center-unc-chapel-hill-4446776828,Okun Family Fund,"Sonja Haynes Stone Center, UNC Chapel-Hill",posted,2026-07-31T11:38:32.106784,555
d0d9f0297d2cb9d8,https://cd.linkedin.com/jobs/view/on-site-winder-specialist-at-ge-vernova-4447064418,On Site Winder Specialist,GE Vernova,posted,2026-07-31T11:38:36.877319,33
68428f5eea699bd6,https://cd.linkedin.com/jobs/view/events-assistant-at-learning-skills-4443635235,Events Assistant,,scraped,2026-07-31T11:38:39.445953,
e5f0209a8f16f3e6,https://cd.linkedin.com/jobs/view/area-manager-nord-italia-at-emmegi-heat-exchangers-france-4446929606,Area Manager Nord Italia,,scraped,2026-07-31T11:38:45.960088,
daaa23bdef958227,https://cd.linkedin.com/jobs/view/officer-mental-health-and-psychosocial-support-mongbwalu-beni-butembo-at-international-federation-of-red-cross-and-red-crescent-societies-ifrc-4447213827,"Officer, Mental Health and Psychosocial Support (Mongbwalu, Beni/Butembo)",,scraped,2026-07-31T11:38:54.517392,
29198ccf5403065c,https://cd.linkedin.com/jobs/view/finance-and-operations-advsior-tshopo-tshikapa-at-ipas-4447219313,Finance and Operations Advsior Tshopo - Tshikapa,Ipas,posted,2026-07-31T11:39:09.997130,557
538618c271c37b64,https://cd.linkedin.com/jobs/view/migrant-protection-officer-p-at-iom-un-migration-4447011447,Migrant Protection Officer (P),IOM - UN Migration,posted,2026-07-31T11:39:22.511102,559
c9c34d9969d2ed60,https://cd.linkedin.com/jobs/view/echte-hand-werks-arbeit%21-dr-kongo-%E2%80%A2-handwerk-bauwesen-at-coworkers-4444179499,Echte Hand(werks)arbeit! - DR Kongo • Handwerk / Bauwesen,,scraped,2026-07-31T11:39:24.798028,
4683521368f87c7a,https://cd.linkedin.com/jobs/view/meal-manager-at-international-rescue-committee-4444718490,MEAL Manager,International Rescue Committee,posted,2026-07-31T11:39:39.666234,561
d00700ca00dae422,https://cd.linkedin.com/jobs/view/country-director-democratic-republic-of-congo-at-julisha-cd-4445640824,"Country Director, Democratic Republic of Congo",,scraped,2026-07-31T11:39:42.268220,
95b4e51191eaf5bf,https://cd.linkedin.com/jobs/view/chef-de-mission-cdm-%E2%80%93-drc-at-julisha-cd-4445650758,Chef de Mission (CdM)– DRC,,scraped,2026-07-31T11:39:48.774210,
3dbcb056a5a7282c,https://cd.linkedin.com/jobs/view/urgent-coordinateur-trice-meal-rdc-bukavu-at-julisha-cd-4445638842,"URGENT : Coordinateur/trice MEAL, RDC, Bukavu",,scraped,2026-07-31T11:39:54.983832,
e22f48f4b040d9d4,https://cd.linkedin.com/jobs/view/general-manager-at-novotel-hotels-4446768844,General Manager,,scraped,2026-07-31T11:40:01.378104,
970388769a0d6020,https://cd.linkedin.com/jobs/view/afrique-centrale-desk-directeur-r%C3%A9gional-at-julisha-cd-4445638843,Afrique Centrale - Desk / Directeur Régional,,scraped,2026-07-31T11:40:08.382359,
0de65d914984a71f,https://cd.linkedin.com/jobs/view/supply-chain-director-at-promasidor-4446318756,Supply Chain Director,,scraped,2026-07-31T11:40:14.714780,
99344e374e3a5f03,https://cd.linkedin.com/jobs/view/wash-and-construction-specialist-2100015j-at-julisha-cd-4445634892,Wash and Construction Specialist -(2100015J),,scraped,2026-07-31T11:40:24.139276,
b3eb97b56740b53c,https://cd.linkedin.com/jobs/view/implementation-coordinator-drc-at-julisha-cd-4445646821,Implementation Coordinator (DRC),,scraped,2026-07-31T11:40:30.402038,
3ef4976c195a0afd,https://cd.linkedin.com/jobs/view/charg%C3%A9-de-projet-echo-%E2%80%93-dr-congo-at-julisha-cd-4445634891,Chargé de Projet ECHO – DR Congo,,scraped,2026-07-31T11:40:36.750103,
49e7d5cc77f5114c,https://cd.linkedin.com/jobs/view/retail-sales-manager-at-whitecrow-research-4446578873,Retail Sales Manager,,scraped,2026-07-31T11:40:43.243474,
00a9c1bdabc24316,https://cd.linkedin.com/jobs/view/assistant-aux-op%C3%A9rations-operations-assistant-at-julisha-cd-4445634893,Assistant aux Opérations /Operations Assistant,,scraped,2026-07-31T11:40:50.624395,
950c475384d6efbd,https://cd.linkedin.com/jobs/view/consultant-e-national-e-appui-%C3%A0-l%E2%80%99%C3%A9valuation-r%C3%A9guli%C3%A8re-du-syst%C3%A8me-national-at-julisha-cd-4445641843,Consultant(e) national(e) Appui à l’évaluation régulière du système national,,scraped,2026-07-31T11:40:57.045977,
398b3a36c62de3ae,https://cd.linkedin.com/jobs/view/conseiller-au-d%C3%A9veloppement-afrique-francophone-at-julisha-cd-4445640823,Conseiller au développement - Afrique francophone,,scraped,2026-07-31T11:41:03.379027,
c9dcef1474fd49b5,https://cd.linkedin.com/jobs/view/human-resources-coordinator-at-julisha-cd-4445638845,Human Resources Coordinator,,scraped,2026-07-31T11:41:09.421767,
de9284e070b8126f,https://cd.linkedin.com/jobs/view/project-manager-pour-le-projet-desira-dans-le-domaine-de-l%E2%80%99agroforesterie-h-f-x-at-julisha-cd-4445649801,Project Manager pour le projet DESIRA dans le domaine de l’agroforesterie (h/f/x...,,scraped,2026-07-31T11:41:19.634071,
b9ca12a1b92644d1,https://cd.linkedin.com/jobs/view/livelihoods-and-food-security-specialist-goma-at-julisha-cd-4445634888,Livelihoods and Food Security Specialist Goma,,scraped,2026-07-31T11:41:25.739364,
86cf50211041b3bf,https://cd.linkedin.com/jobs/view/rdc-charg%C3%A9-e-de-programme-at-julisha-cd-4445643802,RDC - Chargé/e de Programme,,scraped,2026-07-31T11:41:32.021576,
ff3377f464c3f569,https://cd.linkedin.com/jobs/view/rdc-grants-manager-at-julisha-cd-4445636903,RDC - Grants Manager,,scraped,2026-07-31T11:41:40.318087,
a6e277629774d149,https://cd.linkedin.com/jobs/view/rdc-grants-manager-at-julisha-cd-4445635883,RDC - Grants Manager,,scraped,2026-07-31T11:41:46.717385,
36c08154b4f7e45a,https://cd.linkedin.com/jobs/view/chef-de-mission-cdm-at-julisha-cd-4445643794,Chef de Mission (CdM),,scraped,2026-07-31T11:41:52.921270,
d03e79526fba7eca,https://cd.linkedin.com/jobs/view/humanitarian-director-at-julisha-cd-4445640818,Humanitarian Director,,scraped,2026-07-31T11:42:01.119582,
b4d69da288664d4c,https://cd.linkedin.com/jobs/view/charg%C3%A9-e-de-transparence-conformit%C3%A9-pays-%E2%80%93-kinshasa-at-julisha-cd-4445646816,Chargé(e) de Transparence & Conformité Pays – Kinshasa,,scraped,2026-07-31T11:42:07.715110,
0a9597f35fb2e44d,https://cd.linkedin.com/jobs/view/manager-de-projets-traitement-des-sulfures-et-fractionnement-fam-at-kamoto-copper-company-s-a-4445090706,Manager de projets - Traitement des sulfures et fractionnement FAM,,scraped,2026-07-31T11:42:14.068518,
7f277cd20ebad5a2,https://cd.linkedin.com/jobs/view/senior-police-advisor-26-27-at-creative-corrections-llc-4447043191,Senior Police Advisor (26-27),"Creative Corrections, LLC",posted,2026-07-31T11:42:28.139845,563
2b48b7ece872c995,https://cd.linkedin.com/jobs/view/head-of-network-development-at-julisha-cd-4445647801,Head of Network Development,,scraped,2026-07-31T11:42:30.799465,
5407a010b10d215c,https://cd.linkedin.com/jobs/view/business-development-manager-at-julisha-cd-4445643791,Business Development Manager,,scraped,2026-07-31T11:42:37.169003,
eb4f622cc5828171,https://cd.linkedin.com/jobs/view/gis-specialist-geographical-information-system-at-julisha-cd-4445637818,GIS Specialist (Geographical Information System),,scraped,2026-07-31T11:42:45.638921,
15bbd7f70e7e29c0,https://cd.linkedin.com/jobs/view/humanitarian-affairs-officer-civil-military-coordination-p4-temporary-job-open-at-julisha-cd-4445647805,"Humanitarian Affairs Officer/Civil Military Coordination, P4 (Temporary Job Open...",,scraped,2026-07-31T11:42:51.636652,
508b9688a85cfcf2,https://cd.linkedin.com/jobs/view/consultant-e-national-e-expert-e-en-%C2%AB-energie-abordable-et-durable-%C2%BB-at-julisha-cd-4445651199,Consultant(e) national(e) Expert(e) en « Energie abordable et durable »,,scraped,2026-07-31T11:42:57.958003,
dd255016f6b325fc,https://cd.linkedin.com/jobs/view/social-and-behavior-change-advisor-sanitation-activity-drc-at-julisha-cd-4445648803,"Social and Behavior Change Advisor-Sanitation Activity, DRC",,scraped,2026-07-31T11:43:06.368787,
1ef23926584fe401,https://cd.linkedin.com/jobs/view/faculty-positions-in-computer-networking-at-ecole-%40polytechnique-at-epizeuxis-4445651603,Faculty Positions in Computer Networking at Ecole @Polytechnique,,scraped,2026-07-31T11:43:12.724678,
2178cad3bd7ecb4f,https://cd.linkedin.com/jobs/view/program-manager-ii-meal-sanitation-activity-drc-at-julisha-cd-4445648805,"Program Manager II MEAL- Sanitation Activity, DRC",,scraped,2026-07-31T11:43:21.007069,
13130f16fe2de0bc,https://cd.linkedin.com/jobs/view/wash-technical-project-specialist-at-julisha-cd-4445629883,Wash Technical Project Specialist,,scraped,2026-07-31T11:43:27.194688,
8a94a3e98cf55ccb,https://cd.linkedin.com/jobs/view/physiotherapist-assistant-kinesiologist-at-sos-physiotherapy-4446485547,Physiotherapist Assistant / Kinesiologist,,scraped,2026-07-31T11:43:33.513168,
70581ec513d19d34,https://cd.linkedin.com/jobs/view/https-www-dldproperties-be-listing-quartier-du-chatelain-1-chambre-meuble-06-05-2024-at-dldproperties-4445673787,https://www.dldproperties.be/listing/quartier-du-chatelain-1-chambre-meuble-06-05-2024/,,scraped,2026-07-31T11:43:40.567890,
61bff8df7da744b2,https://cd.linkedin.com/jobs/view/programme-development-and-funding-officer-at-julisha-cd-4445645809,Programme Development and Funding Officer,,scraped,2026-07-31T11:43:50.116409,
0aeedae6c88082a6,https://cd.linkedin.com/jobs/view/charg%C3%A9-suivi-et-evaluation-projet-nut-haut-lomami-rdc-h-f-at-julisha-cd-4445647806,Chargé Suivi et Evaluation Projet NUT Haut Lomami RDC- H/F,,scraped,2026-07-31T11:43:56.255624,
8431850092dce7ed,https://cd.linkedin.com/jobs/view/https-www-dldproperties-be-listing-quartier-messidor-rez-1-chambre-meuble-cour-at-dldproperties-4445655841,https://www.dldproperties.be/listing/quartier-messidor-rez-1-chambre-meuble-cour/,,scraped,2026-07-31T11:44:02.662821,
793438824f9a984b,https://cd.linkedin.com/jobs/view/https-www-dldproperties-be-listing-quartier-chatelain-1-chambre-meuble-disponible-01-11-at-dldproperties-4445675138,https://www.dldproperties.be/listing/quartier-chatelain-1-chambre-meuble-disponible-01-11/,,scraped,2026-07-31T11:44:11.982515,
01769a2c4181f04f,https://cd.linkedin.com/jobs/view/operations-manager-%E2%80%93-nord-kivu-h-f-at-julisha-cd-4445643792,Operations Manager – Nord Kivu _H/F,,scraped,2026-07-31T11:44:29.040634,
17d45a9c7feef075,https://cd.linkedin.com/jobs/view/protection-officer-case-management-team-leader-p-at-iom-un-migration-4447254348,Protection Officer (Case Management Team Leader) (P),IOM - UN Migration,posted,2026-07-31T11:44:45.895383,565
0eb3dae4da756a55,https://cd.linkedin.com/jobs/view/consultant-national-pour-l%E2%80%99%C3%A9laboration-des-directives-et-guide-de-surveillance-e-at-julisha-cd-4445628945,Consultant national pour l’élaboration des directives et guide de surveillance e...,,scraped,2026-07-31T11:44:50.473060,
a3a6bf8049a1c91a,https://cd.linkedin.com/jobs/view/commercial-finance-manager-at-bat-4409781112,Commercial Finance Manager,,scraped,2026-07-31T11:44:56.882051,
88bfef7ff793859b,https://cd.linkedin.com/jobs/view/general-manager-%E2%80%93-grain-milling-at-redstone-search-group-4446800183,General Manager – Grain Milling,,scraped,2026-07-31T11:45:05.593463,
03cb6e03c6639e1f,https://cd.linkedin.com/jobs/view/finance-associate-g6-at-julisha-cd-4445632843,Finance Associate G6,,scraped,2026-07-31T11:45:12.573383,
6b874870744a0fef,https://cd.linkedin.com/jobs/view/vie-ing%C3%A9nieur-inspection-h-f-congo-at-totalenergies-4427925941,VIE _ Ingénieur Inspection (H/F)_Congo,,scraped,2026-07-31T11:45:18.988738,
45f58ea4484401d7,https://cd.linkedin.com/jobs/view/senior-finance-officer-at-fhi-360-4446177351,SENIOR FINANCE OFFICER,FHI 360,posted,2026-07-31T11:45:33.071076,567
0df209dac55086ec,https://cd.linkedin.com/jobs/view/services-coordinator-at-center-for-guardianship-certification-cgc-4447402376,Services coordinator,Center for Guardianship Certification (CGC),posted,2026-08-01T10:13:28.075226,569
733a8cd6658aeb0c,https://cd.linkedin.com/jobs/view/guardianship-coordinator-at-center-for-guardianship-certification-cgc-4447403333,Guardianship Coordinator,Center for Guardianship Certification (CGC),posted,2026-08-01T10:13:37.499105,571
4b6dfe29e1a5e4dc,https://cd.linkedin.com/jobs/view/maintenance-planner-shutdown-at-glencore-4445756434,Maintenance Planner - Shutdown,,scraped,2026-08-01T10:13:52.072458,
313ee0052fa3e6ad,https://cd.linkedin.com/jobs/view/responsable-des-op%C3%A9rations-de-terrain-h-f-at-julisha-cd-4445323607,Responsable des Opérations de Terrain (H/F),,scraped,2026-08-01T10:14:02.372746,
53b4384da79583c4,https://cd.linkedin.com/jobs/view/assistant-program-analyst-at-hunterdon-state-school-4442886548,Assistant Program Analyst,Hunterdon State School,posted,2026-08-01T10:14:15.614432,573
0b50041b71e678d5,https://cd.linkedin.com/jobs/view/head-of-support-dr-congo-at-julisha-cd-4445641849,Head of Support DR Congo,,scraped,2026-08-01T10:14:17.973649,
448de4e8a30b4e5e,https://cd.linkedin.com/jobs/view/financial-accountant-at-prorecruitment-agency-4447150406,Financial Accountant,ProRecruitment Agency,posted,2026-08-01T10:14:30.228326,575
e92c30681f4576bd,https://cd.linkedin.com/jobs/view/program-support-officer-at-julisha-cd-4445630869,Program Support Officer,,scraped,2026-08-01T10:14:32.802073,
80677c73553e32f4,https://cd.linkedin.com/jobs/view/warehouse-officer-at-save-the-children-international-4445610896,Warehouse Officer,,scraped,2026-08-01T10:14:39.209563,
0dff372733340d65,https://cd.linkedin.com/jobs/view/country-director-congo-2021-at-julisha-cd-4445629888,Country director | Congo | 2021,,scraped,2026-08-01T10:14:46.085334,
998c37d1466ce698,https://cd.linkedin.com/jobs/view/pedagogisch-professional-%E2%80%93-ut-trepke-in-empe-at-docentenmarktplaats-nl-4446975026,Pedagogisch Professional – Ut Trepke in Empe,,scraped,2026-08-01T10:14:52.277529,
0386e787eae3000c,https://cd.linkedin.com/jobs/view/analyst-%E2%80%93-financial-management-kinshasa-cluster-at-world-vision-4446599258,Analyst – Financial Management Kinshasa cluster,,scraped,2026-08-01T10:15:03.856418,
398c04f4cecb06bf,https://cd.linkedin.com/jobs/view/offre-d-emploi-assistant-e-de-recherche-at-ebuteli-institut-congolais-de-recherche-sur-la-politique-la-gouvernance-et-la-violence-4447761011,Offre d'emploi - Assistant.e de recherche,,scraped,2026-08-01T10:15:10.192739,
ec5910c1d7e1747d,https://cd.linkedin.com/jobs/view/sr-officer-global-m-e-intl-at-international-medical-corps-4446307484,"Sr Officer, Global M/E INTL",International Medical Corps,posted,2026-08-01T10:15:27.183554,577
3268e8ecf55ee94a,https://cd.linkedin.com/jobs/view/business-development-director-at-visa-4447048407,Business Development Director,Visa,posted,2026-08-01T10:15:36.938996,579
3d23fa427656326c,https://cd.linkedin.com/jobs/view/site-electrician-kamoa-drc-at-normet-group-4446580585,Site Electrician - Kamoa DRC,,scraped,2026-08-01T10:15:39.404425,
9bb22415f2e5760b,https://cd.linkedin.com/jobs/view/drc-senior-mel-program-associate-fixed-term-at-one-acre-fund-4446428623,DRC Senior MEL Program Associate (Fixed-Term),,scraped,2026-08-01T10:15:47.195107,
906f4770043d1f65,https://cd.linkedin.com/jobs/view/cdi-directeur-directrice-projet-op%C3%A9rations-ftth-canal%2B-t%C3%A9l%C3%A9com-rdc-f-h-x-at-canal%2B-group-4446898993,CDI - Directeur / Directrice Projet Opérations FTTH CANAL+ Télécom RDC - (F/H/X),,scraped,2026-08-01T10:15:57.789612,
30e46f4477b70e8b,https://cd.linkedin.com/jobs/view/winery-helpers-%E2%80%93-summer-work-at-emmanuel-delicata-winemaker-4446739294,: Winery Helpers – summer work ::,,scraped,2026-08-01T10:16:04.840941,
27e73c98b1e9bf26,https://cd.linkedin.com/jobs/view/cdi-directeur-directrice-projet-op%C3%A9rations-ftth-rdc-f-h-x-at-canal%2B-group-4446826154,CDI - Directeur / Directrice Projet Opérations FTTH RDC - (F/H/X),,scraped,2026-08-01T10:16:14.359960,
41a233f47c3c31c0,https://cd.linkedin.com/jobs/view/senior-civil-engineer-at-africell-rdc-4444113819,Senior Civil Engineer,,scraped,2026-08-01T10:16:20.414999,
4cbf3d838db3d657,https://cd.linkedin.com/jobs/view/chercheur-en-informatique-at-pepr-diadem-4442888614,Chercheur en informatique,,scraped,2026-08-01T10:16:29.786249,
bd5732a1a12c0f94,https://cd.linkedin.com/jobs/view/be20-first-officer-at-crew-resources-international-ltd-4446079014,BE20 First Officer,Crew Resources International Ltd,posted,2026-08-01T10:16:50.686979,581
b075a8c74537d084,https://cd.linkedin.com/jobs/view/warehouse-officer-at-save-the-children-colombia-oficial-4445640671,Warehouse Officer,,scraped,2026-08-01T10:16:53.271939,
5fe342932de92b3d,https://cd.linkedin.com/jobs/view/pharmacist-officer-at-save-the-children-international-4444991478,Pharmacist Officer,,scraped,2026-08-01T10:17:01.235283,
4c724262ef6bc998,https://cd.linkedin.com/jobs/view/dir-of-program-compliance-at-center-for-guardianship-certification-cgc-4447407265,Dir. of Program Compliance,Center for Guardianship Certification (CGC),posted,2026-08-01T10:17:19.056345,583
13f3e6a8b1f507eb,https://cd.linkedin.com/jobs/view/project-administrator-at-wsp-in-canada-4446781112,Project Administrator,WSP in Canada,posted,2026-08-01T10:17:38.340899,585
1e92a6967321639b,https://cd.linkedin.com/jobs/view/project-manager-fam-split-sulphide-processing-at-glencore-4446914398,Project Manager - FAM Split & Sulphide Processing,,scraped,2026-08-01T10:17:42.870441,
8b8b47bb698de428,https://cd.linkedin.com/jobs/view/parts-and-sales-manager-kamoa-at-epiroc-4445149838,Parts and Sales Manager - Kamoa,,scraped,2026-08-01T10:17:49.013095,
40437441f1931a4c,https://cd.linkedin.com/jobs/view/operations-manager-at-acca-careers-4446758275,Operations Manager,,scraped,2026-08-01T10:17:57.449803,
cf3415b52f6b7b4f,https://cd.linkedin.com/jobs/view/operations-manager-%E2%80%93-nord-kivu-h-f-at-julisha-cd-4445650751,Operations Manager – Nord Kivu _H/F,,scraped,2026-08-01T10:18:25.944694,
8fa3e7b02e8279a9,https://cd.linkedin.com/jobs/view/cluster-general-manager-at-novotel-hotels-4446967197,Cluster General Manager,,scraped,2026-08-01T10:18:32.699898,
41451cf64da3b3a3,https://cd.linkedin.com/jobs/view/room-divison-manager-at-kampi-ya-boma-hotel-4445596330,ROOM DIVISON MANAGER,,scraped,2026-08-01T10:18:40.073146,
98e9ecc9811715ea,https://cd.linkedin.com/jobs/view/une-stagiaire-en-marketing-et-communication-at-julisha-cd-4445643798,UNE STAGIAIRE EN MARKETING ET COMMUNICATION,,scraped,2026-08-01T10:18:48.788310,
4c354247e208a4c5,https://cd.linkedin.com/jobs/view/agent-de-promotion-de-l-hygi%C3%A8ne-en-sant%C3%A9-publique-php-officer-at-julisha-cd-4445636896,Agent de Promotion de l'Hygiène en Santé Publique-PHP Officer,,scraped,2026-08-01T10:18:54.868640,
3e2c4c58b04252b7,https://cd.linkedin.com/jobs/view/directeur-technique-des-op%C3%A9rations-amd-%E2%80%93-r%C3%A9publique-d%C3%A9mocratique-du-congo-at-julisha-cd-4445634895,Directeur Technique des opérations AMD – République Démocratique du Congo,,scraped,2026-08-01T10:19:01.045051,
c0ab83d2795d3957,https://cd.linkedin.com/jobs/view/appel-%C3%A0-candidatures-bourses-de-master-at-julisha-cd-4445635884,Appel à candidatures Bourses de Master,,scraped,2026-08-01T10:19:07.346598,
cbbc6114d8b6e8f2,https://cd.linkedin.com/jobs/view/appel-%C3%A0-candidatures-bourses-de-master-at-julisha-cd-4445648809,Appel à candidatures Bourses de Master,,scraped,2026-08-01T10:19:13.613567,
b7bfe227e4aa1c92,https://cd.linkedin.com/jobs/view/charg%C3%A9-e-de-d%C3%A9veloppement-rh-at-perenco-4445525819,Chargé(e) de Développement RH,,scraped,2026-08-01T10:19:21.636628,
6206adf793448b24,https://cd.linkedin.com/jobs/view/specialiste-de-protection-%E2%80%93-rd-congo-at-julisha-cd-4445641841,Specialiste de Protection – RD Congo,,scraped,2026-08-01T10:19:28.213655,
d7b2f50115fb289f,https://cd.linkedin.com/jobs/view/entwicklung-eines-restw%C3%A4rmenutzungssystems-zur-kraftstoffverbrauchsreduzierung-von-schiffen-at-institut-f%C3%BCr-kolbenmaschinen-ifkm-4445623734,Entwicklung eines Restwärmenutzungssystems zur Kraftstoffverbrauchsreduzierung von Schiffen,,scraped,2026-08-01T10:19:35.042768,
a9534bfc1d46d0fe,https://cd.linkedin.com/jobs/view/responsable-fiscalit%C3%A9-et-conformit%C3%A9-at-infrarose-4447014360,Responsable Fiscalité et Conformité,,scraped,2026-08-01T10:19:42.084716,
b68041f88c9f4b21,https://cd.linkedin.com/jobs/view/milad-ke-5-bsi-diwarnai-aksi-kemanusiaan-ribuan-kantong-darah-disalurkan-ke-pmi-at-cobisnis-4445419656,"Milad ke-5 BSI Diwarnai Aksi Kemanusiaan, Ribuan Kantong Darah Disalurkan ke PMI",,scraped,2026-08-01T10:19:51.972234,
0dc20f32a0c0a668,https://cd.linkedin.com/jobs/view/senior-humanitarian-affairs-officer-deputy-head-of-office-p5-job-id-%23149331-at-julisha-cd-4445639886,"Senior Humanitarian Affairs Officer/Deputy Head of Office, P5 Job ID #149331",,scraped,2026-08-01T10:19:59.311011,
5a96bf76afc82ae6,https://cd.linkedin.com/jobs/view/mikayah-kabuye-samuels-at-ms-represents-4447938250,MIKAYAH KABUYE-SAMUELS,,scraped,2026-08-03T13:31:52.057834,
cfdd0fa94cedfac6,https://cd.linkedin.com/jobs/view/ingi-settecasi-at-ms-represents-4447925337,INGI SETTECASI,,scraped,2026-08-03T13:32:03.048746,
da7efced3cd8f546,https://cd.linkedin.com/jobs/view/driver-at-sandvik-4445887635,Driver,,scraped,2026-08-03T13:32:13.708778,
cdaffefd43f11567,https://cd.linkedin.com/jobs/view/congo-i-baby-minatori-e-quel-cobalto-sporco-di-sangue-at-quoted-business-4448136212,"Congo, i baby-minatori e quel cobalto sporco di sangue",,scraped,2026-08-03T13:32:25.243246,
66554d8e26cab3b7,https://cd.linkedin.com/jobs/view/assistant-suivi-evaluation-at-julisha-cd-4447861075,Assistant Suivi & Evaluation,,scraped,2026-08-03T13:32:51.537148,
5819d1a2fa674714,https://cd.linkedin.com/jobs/view/gestionnaire-de-la-logistique-at-julisha-cd-4447856144,Gestionnaire de la logistique,,scraped,2026-08-03T13:32:57.808058,
c20467d4d2b37c1b,https://cd.linkedin.com/jobs/view/director-at-center-for-guardianship-certification-cgc-4447403036,Director,Center for Guardianship Certification (CGC),posted,2026-08-03T13:33:13.292689,587
b8fb14bb99904bd7,https://cd.linkedin.com/jobs/view/charg%C3%A9-des-op%C3%A9rations-at-julisha-cd-4447858114,Chargé des opérations,,scraped,2026-08-03T13:33:15.884455,
6f1b67f65aaea5f7,https://cd.linkedin.com/jobs/view/agent-d-entretien-h-f-at-julisha-cd-4447845931,Agent d'entretien (H/F),,scraped,2026-08-03T13:33:22.467675,
3bc880d32cc8be29,https://cd.linkedin.com/jobs/view/directeur-de-projet-at-julisha-cd-4447851206,Directeur de Projet,,scraped,2026-08-03T13:33:29.026752,
58d05fa665678be8,https://cd.linkedin.com/jobs/view/coordonnateur-de-programme-abris-et-articles-non-alimentaires-p3-goma-r%C3%A9pub-at-julisha-cd-4447847898,"Coordonnateur de programme (abris et articles non alimentaires) (P3) Goma, Répub...",,scraped,2026-08-03T13:33:35.087365,
e46d112848c2edaf,https://cd.linkedin.com/jobs/view/senior-legal-counsel-at-infrarose-4447507196,Senior Legal Counsel,,scraped,2026-08-03T13:33:41.688815,
ae059d1dbdf7fd0b,https://cd.linkedin.com/jobs/view/finance-manager-at-fhi-360-4446541094,FINANCE MANAGER,FHI 360,posted,2026-08-03T13:33:55.259068,589
ac805f3158c0f50e,https://cd.linkedin.com/jobs/view/forum-empreendedor-luiza-trajano-acrj%0Acorporativo%0Aacrj%0A56-3-at-kg-produtora-4447912029,"Forum Empreendedor - Luiza Trajano - ACRJ
CORPORATIVO
ACRJ
56 3",,scraped,2026-08-03T13:34:05.614398,
e08c98c3b5bb5e83,https://cd.linkedin.com/jobs/view/responsable-du-d%C3%A9veloppement-et-des-partenariats-du-r%C3%A9seau-de-pratique-humanitai-at-julisha-cd-4447844973,Responsable du développement et des partenariats du Réseau de Pratique Humanitai...,,scraped,2026-08-03T13:34:34.011607,
a20b8855493ff52e,https://cd.linkedin.com/jobs/view/officier-i%C3%A8re-t4d-at-julisha-cd-4447840948,Officier(ière) T4D,,scraped,2026-08-03T13:34:40.278308,
53d0bc4d0250c935,https://cd.linkedin.com/jobs/view/adjoint-au-coordinateur-financier-f-h-rdc-at-julisha-cd-4447842980,Adjoint au coordinateur financier (F/H) - RDC,,scraped,2026-08-03T13:34:46.646582,
7f75692b99cabb53,https://cd.linkedin.com/jobs/view/chef-d-%C3%A9quipe-adjoint-at-julisha-cd-4447861070,Chef d'équipe adjoint,,scraped,2026-08-03T13:34:52.863202,
18b7b1af6bd76171,https://cd.linkedin.com/jobs/view/agent-de-projet-at-julisha-cd-4447853185,Agent de projet,,scraped,2026-08-03T13:34:59.078693,
9e2e83a2c3026bbe,https://cd.linkedin.com/jobs/view/un%C2%B7e-directeur%C2%B7ice-pays-adjoint%C2%B7e-programmes-rdc-kinshasa-ou-goma-at-julisha-cd-4447850241,UN·E DIRECTEUR·ICE PAYS ADJOINT·E - PROGRAMMES - RDC (KINSHASA OU GOMA),,scraped,2026-08-03T13:35:05.648675,
1ec5863a52294260,https://cd.linkedin.com/jobs/view/gestion-de-cas-communautaire-conseiller-de-programme-paludisme-at-julisha-cd-4447844976,"Gestion de cas communautaire - Conseiller de programme, paludisme",,scraped,2026-08-03T13:35:11.982113,
08fd17a72b4cbd2c,https://cd.linkedin.com/jobs/view/coordinateur-du-projet-nutriscapes-at-julisha-cd-4447856163,Coordinateur du Projet Nutriscapes,,scraped,2026-08-03T13:35:18.228956,
f3619bd7d4f56af1,https://cd.linkedin.com/jobs/view/m%C3%A9canisme-de-gestion-des-plaintes-grm-%E2%80%AF-responsable-du-m%C3%A9canisme-de-gestion-de-at-julisha-cd-4447861067,Mécanisme de gestion des plaintes (GRM) : Responsable du Mécanisme de Gestion de...,,scraped,2026-08-03T13:35:24.493967,
2f1962dd2d9c92bd,https://cd.linkedin.com/jobs/view/systems-accountant-at-julisha-cd-4447843928,Systems Accountant,,scraped,2026-08-03T13:35:30.763396,
ba54b2da0f936e7e,https://cd.linkedin.com/jobs/view/responsable-programme-at-julisha-cd-4447853196,Responsable Programme,,scraped,2026-08-03T13:35:36.993814,
20c91ab0454da4b5,https://cd.linkedin.com/jobs/view/chef-d-%C3%A9quipe-at-julisha-cd-4447859114,Chef d'équipe,,scraped,2026-08-03T13:35:42.986908,
736c11530f22d56b,https://cd.linkedin.com/jobs/view/conseiller-pour-l-%C3%A9tude-sur-la-r%C3%A9mun%C3%A9ration-et-les-avantages-sociaux-pour-la-r%C3%A9p-at-julisha-cd-4447860072,Conseiller pour l'Étude sur la rémunération et les avantages sociaux pour la Rép...,,scraped,2026-08-03T13:35:51.290181,
78bae8d9d5842b4a,https://cd.linkedin.com/jobs/view/charg%C3%A9-e-d%E2%80%99%C3%A9valuation-reach-analyse-%C3%A9conomique-des-menages-unit%C3%A9-sant%C3%A9-publiq-at-julisha-cd-4447847902,Chargé.e d’évaluation REACH - Analyse économique des menages (Unité santé publiq...,,scraped,2026-08-03T13:35:57.929100,
37f55f0c559cf361,https://cd.linkedin.com/jobs/view/operations-manager-h-f-at-julisha-cd-4447861076,Operations Manager H/F,,scraped,2026-08-03T13:36:03.914875,
748709964fbc5803,https://cd.linkedin.com/jobs/view/responsable-genre-et-inclusion-at-julisha-cd-4447858105,Responsable Genre et Inclusion,,scraped,2026-08-03T13:36:09.904142,
52edf608b569fa89,https://cd.linkedin.com/jobs/view/gestionnaire-financier-de-groupement-at-julisha-cd-4447842988,Gestionnaire Financier de Groupement,,scraped,2026-08-03T13:36:16.131448,
0d8eca1cff585ac9,https://cd.linkedin.com/jobs/view/experte-ou-expert-nutrition-et-sant%C3%A9-%E2%80%93-enqu%C3%AAte-nutritionnelle-smart-at-julisha-cd-4447859084,Experte ou Expert Nutrition et santé – enquête nutritionnelle smart,,scraped,2026-08-03T13:36:22.287519,
cb6c9cb079080fa7,https://cd.linkedin.com/jobs/view/consultant-en-communication-at-julisha-cd-4447854163,consultant en communication,,scraped,2026-08-03T13:36:28.461106,
c2550896192ea000,https://cd.linkedin.com/jobs/view/head-of-programme-at-julisha-cd-4447844965,Head of Programme,,scraped,2026-08-03T13:36:34.445391,
5536bec59fa69c1d,https://cd.linkedin.com/jobs/view/professeurs-staff-acad-admin-et-techniques-at-julisha-cd-4447854192,"Professeurs & Staff Acad, Admin et Techniques",,scraped,2026-08-03T13:36:40.646344,
ec40f43e9784511f,https://cd.linkedin.com/jobs/view/sp%C3%A9cialiste-de-la-gouvernance-mini%C3%A8re-at-julisha-cd-4447855191,Spécialiste de la gouvernance minière,,scraped,2026-08-03T13:36:48.813109,
bfdd9dedaf396803,https://cd.linkedin.com/jobs/view/assistant%C2%B7e-promotion-de-la-sante-publique-et-engagement-communautaire%E2%80%93-reponse-ebola-1-at-oxfam-4445857736,ASSISTANT·E PROMOTION DE LA SANTE PUBLIQUE ET ENGAGEMENT COMMUNAUTAIRE– REPONSE EBOLA (1),,scraped,2026-08-03T13:36:54.900211,
82319094e65989d7,https://cd.linkedin.com/jobs/view/coordonnateur-du-programme-matrice-de-suivi-des-d%C3%A9placements-dtm-p3-at-julisha-cd-4447844957,Coordonnateur du programme (Matrice de suivi des déplacements (DTM)) (P3),,scraped,2026-08-03T13:37:00.874357,
179e3221d92da8d4,https://cd.linkedin.com/jobs/view/coordinateur%C2%B7trice-mhpss-at-julisha-cd-4447847894,Coordinateur·trice MHPSS,,scraped,2026-08-03T13:37:07.119173,
a3c7094c3e4ff75a,https://cd.linkedin.com/jobs/view/coordinateur%C2%B7trice-mhpss-at-julisha-cd-4447857150,Coordinateur·trice MHPSS,,scraped,2026-08-03T13:37:13.290596,
f8fd51d7675d4286,https://cd.linkedin.com/jobs/view/senior-programme-manager-f-m-d-at-julisha-cd-4447862049,Senior Programme Manager (f/m/d),,scraped,2026-08-03T13:37:19.338403,
0715db9bf7ab2283,https://cd.linkedin.com/jobs/view/coordinateur-trice-terrain-h-f-at-julisha-cd-4447852175,Coordinateur.trice Terrain (H/F),,scraped,2026-08-03T13:37:25.619545,
f3dbecd8a1f9d1dd,https://cd.linkedin.com/jobs/view/kfw-program-coordinator-at-julisha-cd-4447862055,KfW Program Coordinator,,scraped,2026-08-03T13:37:31.560876,
6b1fb18f65ac7a09,https://cd.linkedin.com/jobs/view/regional-political-economy-analysis-of-the-forest-sector-in-central-africa-at-julisha-cd-4447840998,Regional Political Economy Analysis of the Forest Sector in Central Africa,,scraped,2026-08-03T13:37:39.777423,
53f007e1525f4781,https://cd.linkedin.com/jobs/view/consultance-pour-le-renforcement-des-capacit%C3%A9s-en-gestion-hospitali%C3%A8re-en-faveur-at-julisha-cd-4447862066,Consultance pour le renforcement des capacités en Gestion Hospitalière en faveur...,,scraped,2026-08-03T13:37:45.792547,
442789128a86b77a,https://cd.linkedin.com/jobs/view/consortium-manager-projet-%C3%A9ducation-at-julisha-cd-4447845957,Consortium Manager (Projet Éducation),,scraped,2026-08-03T13:37:52.056717,
cc0caec4ea1fe62a,https://cd.linkedin.com/jobs/view/directeur-trice-pays-h-f-goma-at-julisha-cd-4447855177,Directeur.trice Pays (H/F) - Goma,,scraped,2026-08-03T13:37:58.081486,
6d343e2fa2a1233c,https://cd.linkedin.com/jobs/view/coordinateur%C2%B7trice-terrain-at-julisha-cd-4447844977,Coordinateur·trice Terrain,,scraped,2026-08-03T13:38:06.173411,
bf10adf160f09e1c,https://cd.linkedin.com/jobs/view/expert-e-technique-en-surveillance-conformit%C3%A9-at-julisha-cd-4447843926,Expert(e) technique en Surveillance & Conformité,,scraped,2026-08-03T13:38:12.625235,
bdf924ea99a73f37,https://cd.linkedin.com/jobs/view/un-e-responsable-de-programme-smps-et-protection-at-julisha-cd-4447854202,UN.E RESPONSABLE DE PROGRAMME SMPS ET PROTECTION,,scraped,2026-08-03T13:38:18.774117,
5d1a7e6a10bd41c9,https://cd.linkedin.com/jobs/view/chief-of-party-to-usaid-epp-at-julisha-cd-4447855176,"Chief of Party to USAID, EPP",,scraped,2026-08-03T13:38:24.769490,
8cc7120151958033,https://cd.linkedin.com/jobs/view/chef-comptable-at-julisha-cd-4447843924,Chef comptable,,scraped,2026-08-03T13:38:35.287225,
29e203c50ef085ef,https://cd.linkedin.com/jobs/view/expert-e-technique-en-enqu%C3%AAtes-financi%C3%A8res-poursuites-p%C3%A9nales-at-julisha-cd-4447863011,Expert(e) technique en enquêtes financières & poursuites pénales,,scraped,2026-08-03T13:38:41.632646,
79dca4d22ef9d28b,https://cd.linkedin.com/jobs/view/cash-academy-program-coordinator-at-julisha-cd-4447844928,Cash Academy Program Coordinator,,scraped,2026-08-03T13:38:50.027811,
50f68ea76aeb8f9c,https://cd.linkedin.com/jobs/view/chef-des-finances-parc-national-kahuzi-biega-rdc-at-julisha-cd-4447859118,"Chef des Finances, Parc National Kahuzi Biega, RDC",,scraped,2026-08-03T13:38:56.111690,
4cbbece2bd7a5078,https://cd.linkedin.com/jobs/view/mining-account-manager-f-m-x-at-syensqo-4448147958,Mining Account Manager (F/M/X),Syensqo,posted,2026-08-03T13:39:13.595519,591
9d4e5ff405bef058,https://cd.linkedin.com/jobs/view/responsable-suivi-%C3%A9valuation-et-apprentissage-mel-%E2%80%93-pacs-%E2%80%93-rdc-at-julisha-cd-4447849316,"Responsable Suivi, Évaluation et Apprentissage (MEL) – PACS – RDC",,scraped,2026-08-03T13:39:15.954064,
65c5822e38584671,https://cd.linkedin.com/jobs/view/un%C2%B7e-psychologue-responsable-de-programme-smsp-at-julisha-cd-4447853198,UN·E PSYCHOLOGUE RESPONSABLE DE PROGRAMME SMSP,,scraped,2026-08-03T13:39:22.378688,
40629796cd5aec68,https://cd.linkedin.com/jobs/view/financial-specialist-special-projects-and-major-grants-at-world-vision-4444971260,Financial Specialist - Special Projects and Major Grants,,scraped,2026-08-03T13:39:30.730976,
295b5a08e8293254,https://cd.linkedin.com/jobs/view/digital-skills-in-tvet-international-consultant-vientiane-laos-office-based-1-year-open-only-for-international-consultants-req%23594800-at-unicef-chad-4445517718,"Digital Skills in TVET International Consultant, Vientiane, Laos, Office based, 1 Year, (Open Only for International Consultants) Req#594800",Unicef CHAD,posted,2026-08-03T13:39:47.752276,593
6424353997150640,https://cd.linkedin.com/jobs/view/consultant-e-sp%C3%A9cialis%C3%A9-e-en-entreprenariat-at-julisha-cd-4447852191,Consultant.e spécialisé.e en entreprenariat,,scraped,2026-08-03T13:39:52.117445,
dec7973174d4b4aa,https://cd.linkedin.com/jobs/view/kevin-rees-at-atlas-chiropractic-hk-4447993947,Kevin Rees,,scraped,2026-08-05T11:34:40.924830,
888aa3f85f75a843,https://cd.linkedin.com/jobs/view/layne-james-at-atomic-partnership-ltd-4449104377,Layne James,,scraped,2026-08-05T11:34:51.106861,
68d62df8112e9d70,https://cd.linkedin.com/jobs/view/support-befriending-role-at-clare-volunteer-centre-4448577375,SUPPORT & BEFRIENDING ROLE,,scraped,2026-08-05T11:35:01.382155,
e02f5b76694be1d6,https://cd.linkedin.com/jobs/view/assistant-director-at-little-clarion-montessori-school-4447647047,ASSISTANT DIRECTOR,,scraped,2026-08-05T11:35:07.866617,
a9a97b6678457c14,https://cd.linkedin.com/jobs/view/base-documentaire-at-reemia-4445818938,Base documentaire,,scraped,2026-08-05T11:35:14.765166,
0b969b9c925200e4,https://cd.linkedin.com/jobs/view/electro-deluxe-at-paul-b-4449069379,Electro Deluxe,Paul B,posted,2026-08-05T11:35:30.240411,595
d6c96bc31ecef1fe,https://cd.linkedin.com/jobs/view/postgresql-dba-at-resumeally-4449413554,Postgresql Dba,ResumeAlly,posted,2026-08-05T11:35:39.760288,597
76795369a5431c7d,https://cd.linkedin.com/jobs/view/assistant-educator-at-marvelous-minds-early-learning-centre-4448996036,Assistant Educator,,scraped,2026-08-05T11:35:44.576030,
89f31a829527ae6a,https://cd.linkedin.com/jobs/view/photographer-s-assistant-at-spoiled-rotten%C2%AE-photography-4449401978,Photographer's Assistant,Spoiled Rotten® Photography,posted,2026-08-05T11:35:58.752469,599
004871fd3b9be6b0,https://cd.linkedin.com/jobs/view/warehouse-operator-at-sandvik-4446682022,Warehouse Operator,,scraped,2026-08-05T11:36:01.427657,
8f75f348e906ec81,https://cd.linkedin.com/jobs/view/commercial-manager-at-wsp-in-canada-4447984649,Commercial Manager,WSP in Canada,posted,2026-08-05T11:36:18.352192,601
9ca734fabb8ed373,https://cd.linkedin.com/jobs/view/chef-d-%C3%A9quipe-at-nionsotoo-4448903438,Chef d'équipe,nionsotoo,posted,2026-08-05T11:36:27.009632,603
fa16ca256de1c03b,https://cd.linkedin.com/jobs/view/petit-ruisseau-at-paul-b-4449072224,Petit Ruisseau,Paul B,posted,2026-08-05T11:36:36.432959,605
0a51e4b50f1b0203,https://cd.linkedin.com/jobs/view/il-cobalto-che-uccide-i-bambini-congolesi-apple-google-dell-microsoft-e-tesla-sotto-accusa-at-quoted-business-4448128393,"Il cobalto che uccide i bambini congolesi: Apple, Google, Dell, Microsoft e Tesla sotto accusa",,scraped,2026-08-05T11:36:39.077499,
65b5cebf0fb63dd7,https://cd.linkedin.com/jobs/view/key-account-specialist-western-cape-at-totalenergies-4194041722,Key Account Specialist -Western Cape,,scraped,2026-08-05T11:36:47.063636,
2f9871876c3f2c44,https://cd.linkedin.com/jobs/view/asset-manager-cape-town-at-totalenergies-4335114338,Asset Manager - Cape Town,,scraped,2026-08-05T11:36:53.754439,
6dd37f81f46ae146,https://cd.linkedin.com/jobs/view/agent-commercial-4445592230,Agent commercial,Trust Investment Development ( TID SA ),posted,2026-08-05T11:37:09.054351,607
97c560259371ecec,https://cd.linkedin.com/jobs/view/supply-chain-coordinator-west-zone-at-world-vision-4449052101,Supply Chain Coordinator West Zone,,scraped,2026-08-05T11:37:11.661342,
818275338f81838b,https://cd.linkedin.com/jobs/view/admissions-assistant-at-clear-water-academy-foundation-4445522720,Admissions Assistant,,scraped,2026-08-05T11:37:18.173785,
fda1943c3308a5d2,https://cd.linkedin.com/jobs/view/assistant-program-at-jet-rhys-hair-salon-4448921625,ASSISTANT PROGRAM,Jet Rhys Hair Salon,posted,2026-08-05T11:37:30.662169,609
cfecca06af0d8c09,https://cd.linkedin.com/jobs/view/partenariat-stellantis-dongfeng-bonne-nouvelle-pour-l%E2%80%99emploi-et-l%E2%80%99%C3%A9lectrification-des-mobilit%C3%A9s-vigilance-sur-les-conditions-de-travail-la-propri%C3%A9t%C3%A9-du-site-et-la-souverainet%C3%A9-industrielle-at-rennes-%C3%A9cologie-4448950544,"Partenariat Stellantis-Dongfeng : bonne nouvelle pour l’emploi et l’électrification des mobilités, vigilance sur les conditions de travail, la propriété du site et la souveraineté industrielle",,scraped,2026-08-05T11:37:33.113117,
e1549a2538393527,https://cd.linkedin.com/jobs/view/shopper-marketing-manager-caribbean-at-mondel%C4%93z-international-4449056960,Shopper Marketing Manager Caribbean,Mondelēz International,posted,2026-08-05T11:37:45.879694,611
3e7cade9ab0b8a78,https://cd.linkedin.com/jobs/view/water-sanitation-and-hygiene-wash-infrastructure-technical-advisor-ebola-response-at-mercy-corps-4440358988,"Water, Sanitation and Hygiene (WASH) Infrastructure Technical Advisor - Ebola Response",Mercy Corps,posted,2026-08-05T11:37:54.643061,613
238af19b04563cf5,https://cd.linkedin.com/jobs/view/operations-assistant-at-osborne-transformer-corporation-4449423053,Operations Assistant,Osborne Transformer Corporation,posted,2026-08-05T11:38:03.484843,615
97ea8c846d491ded,https://cd.linkedin.com/jobs/view/inside-sales-account-associate-at-ups-4447135466,Inside Sales Account Associate,UPS,posted,2026-08-05T11:38:13.310030,617
3a59ac369d7efd02,https://cd.linkedin.com/jobs/view/aide-op%C3%A9rateur-concasseur-at-sadc-de-la-mrc-de-rivi%C3%A8re-du-loup-4447829207,Aide opérateur - Concasseur,SADC de la MRC de Rivière-Du-Loup,posted,2026-08-05T11:38:21.489845,619
94df5ab976794de6,https://cd.linkedin.com/jobs/view/personnels-enseignants-at-orator-ens-4447868241,Personnels enseignants,,scraped,2026-08-05T11:38:24.035275,
7e3b0b6390fc41e9,https://cd.linkedin.com/jobs/view/conveyancing-assistant-archives-jury-o-shea-at-jury-o-shea-llp-4445543433,Conveyancing Assistant Archives - Jury O'Shea,,scraped,2026-08-05T11:38:31.010520,
104a97b5bf303ce2,https://cd.linkedin.com/jobs/view/technico-commercial-sud-est-at-team-green-4449472711,Technico-Commercial Sud Est,,scraped,2026-08-05T11:38:37.755583,
59240990ae9f9ace,https://cd.linkedin.com/jobs/view/la-pratique-de-la-rizipisciculture-%C3%A0-madagascar-at-ong-studio-sifaka-4446291817,La pratique de la rizipisciculture à Madagascar,,scraped,2026-08-05T11:38:44.716448,
705d5776cd136ed1,https://cd.linkedin.com/jobs/view/pflege-eines-mattlackes-oder-einer-matten-folie-at-wrapsign-gmbh-4448699535,PFLEGE EINES MATTLACKES ODER EINER MATTEN FOLIE,WRAPSIGN GmbH,posted,2026-08-05T11:38:57.127446,621
e8af0fa6cee09af4,https://cd.linkedin.com/jobs/view/contractor-designs-at-clear-imaging-4447664293,Contractor Designs,Clear Imaging,posted,2026-08-05T11:39:06.451641,623
2a183e7993459e16,https://cd.linkedin.com/jobs/view/senior-police-advisor-26-27-at-creative-corrections-llc-4449000890,Senior Police Advisor (26-27),"Creative Corrections, LLC",posted,2026-08-05T11:39:13.542012,563
a4850a1d4f5d8987,https://cd.linkedin.com/jobs/view/formation-ia-g%C3%A9n%C3%A9rative-pour-les-professionnels-at-unexia-4449440813,Formation IA Générative pour les Professionnels,Unexia,posted,2026-08-05T11:39:25.673463,625
8c1bf1ad66cba911,https://cd.linkedin.com/jobs/view/bitget-integra-gr%C3%A1ficos-do-tradingview-para-o-mercado-de-commodities-cfd-at-est%C3%BAdios-vida-moderna-4448968726,Bitget Integra Gráficos do TradingView para o Mercado de Commodities (CFD),,scraped,2026-08-05T11:39:30.090513,
fc1175bc1b4b4f2a,https://cd.linkedin.com/jobs/view/peintre-industriel-at-les-industries-grc-inc-4448974249,Peintre industriel,,scraped,2026-08-05T11:39:37.563719,
d93a404521c730c0,https://cd.linkedin.com/jobs/view/primo-maggio-al-centro-ada-di-camerino-at-vivere-camerino-4448120132,Primo maggio al centro Ada di Camerino,Vivere Camerino,posted,2026-08-05T11:39:50.930383,627
09dcdf1fd7a6a74b,https://cd.linkedin.com/jobs/view/commercial-e-senior-at-nardtec-4446287118,Commercial(e) senior,,scraped,2026-08-05T11:39:53.580674,
4550e827b0cab19a,https://cd.linkedin.com/jobs/view/appointment-setter-at-heyco-4448584301,Appointment Setter,HeyCo.,posted,2026-08-05T11:40:06.941922,629
97a14c8a0b669296,https://cd.linkedin.com/jobs/view/fastighetsansvarig-till-sveaskog-at-sveaskog-4448957664,Fastighetsansvarig till Sveaskog,,scraped,2026-08-05T11:40:09.297606,
3b1bd24932374d34,https://cd.linkedin.com/jobs/view/project-director-at-save-the-children-colombia-oficial-4449079032,Project Director,,scraped,2026-08-05T11:40:16.770614,
d4a66a60de59ad3a,https://cd.linkedin.com/jobs/view/cdc-technical-assistance-platform-tap-drc-in-country-coordinator-icc-at-julisha-cd-4447847908,CDC/Technical Assistance Platform (TAP) DRC In-Country Coordinator (ICC),,scraped,2026-08-05T11:40:24.554533,
59f4c9d7d01bbd25,https://cd.linkedin.com/jobs/view/coordinateur-trice-at-julisha-cd-4447840982,Coordinateur.trice,,scraped,2026-08-05T11:40:31.054430,
1d7290f574fa3d97,https://cd.linkedin.com/jobs/view/webdesigner-at-julisha-cd-4449401070,Webdesigner,,scraped,2026-08-05T11:40:37.279144,
d34284a071ff9b1e,https://cd.linkedin.com/jobs/view/deputy-country-director-drc-at-julisha-cd-4449097524,Deputy Country Director - DRC,,scraped,2026-08-05T11:40:43.577140,
655a12408dfb01dc,https://cd.linkedin.com/jobs/view/directeur-de-projet-at-julisha-cd-4447846890,Directeur de Projet,,scraped,2026-08-05T11:40:49.820929,
d58d82364599dcfc,https://cd.linkedin.com/jobs/view/head-of-support-international-at-julisha-cd-4449081903,Head of Support (International),,scraped,2026-08-05T11:40:56.148163,
6afa9a33aa0fe668,https://cd.linkedin.com/jobs/view/coordinatrice-ou-coordinateur-support-aux-operations-rh-rdc-at-reliefweb-4448969739,COORDINATRICE OU COORDINATEUR SUPPORT AUX OPERATIONS - RH - RDC,ReliefWeb,posted,2026-08-05T11:41:09.522080,631
5ab743e404164278,https://cd.linkedin.com/jobs/view/charg%C3%A9-e-de-la-production-animale-piscicole-at-julisha-cd-4449400356,Chargé(e) de la production animale & piscicole,,scraped,2026-08-05T11:41:12.168689,
838bb3f1dfa33879,https://cd.linkedin.com/jobs/view/un-responsable-des-op%C3%A9rations-hma-at-julisha-cd-4447854180,Un responsable des opérations HMA,,scraped,2026-08-05T11:41:18.474194,
b6e339d4c69e2427,https://cd.linkedin.com/jobs/view/un-e-responsable-contrat-bailleurs-et-reporting-at-julisha-cd-4447855169,Un.e Responsable Contrat Bailleurs et Reporting,,scraped,2026-08-05T11:41:24.932449,
9f2febc023fe60f4,https://cd.linkedin.com/jobs/view/officier-achats-purchase-officer-f-h-at-julisha-cd-4447855188,Officier achats / Purchase Officer (F/H),,scraped,2026-08-05T11:41:31.183577,
eb96c09be11a0fe4,https://cd.linkedin.com/jobs/view/responsable-des-op%C3%A9rations-at-julisha-cd-4449099286,Responsable des opérations,,scraped,2026-08-05T11:41:37.504048,
8bab04451d41fee3,https://cd.linkedin.com/jobs/view/finance-controller-evaluation-audit-at-julisha-cd-4447844960,Finance Controller - Evaluation & Audit,,scraped,2026-08-05T11:41:43.673861,
c3121271c5bd169b,https://cd.linkedin.com/jobs/view/chef-fe-d-%C3%A9quipe-sant%C3%A9-nutrition-et-wash-at-julisha-cd-4447858078,Chef.fe d'équipe Santé -Nutrition et WASH,,scraped,2026-08-05T11:41:49.724843,
1ed3ee412e31eb0f,https://cd.linkedin.com/jobs/view/project-manager-%E2%80%93-drc-at-reliefweb-4448981103,Project Manager – DRC,ReliefWeb,posted,2026-08-05T11:41:58.701129,295
7dc3d9f9b061645b,https://cd.linkedin.com/jobs/view/m%C3%A9canicien-chauffeur-at-julisha-cd-4447851186,Mécanicien Chauffeur,,scraped,2026-08-05T11:42:01.063596,
24a3bb02a989a636,https://cd.linkedin.com/jobs/view/education-officer-responsable-educaci%C3%B3n-kolwezi-at-julisha-cd-4447850259,EDUCATION OFFICER - RESPONSABLE EDUCACIÓN KOLWEZI,,scraped,2026-08-05T11:42:07.243356,
d774e04a4dd6eea1,https://cd.linkedin.com/jobs/view/drc-sp%C3%A9cialiste-de-la-s%C3%A9curit%C3%A9-alimentaire-at-julisha-cd-4449099301,DRC Spécialiste de la Sécurité Alimentaire,,scraped,2026-08-05T11:42:13.673297,
3d8f55f73ccbaf75,https://cd.linkedin.com/jobs/view/charg%C3%A9-e-des-achats-et-de-la-logistique-at-julisha-cd-4449092730,Chargé(e) des achats et de la logistique,,scraped,2026-08-05T11:42:19.934884,
d55232e053d8dc39,https://cd.linkedin.com/jobs/view/responsable-sant%C3%A9-nutrition-at-julisha-cd-4447845959,Responsable Santé & Nutrition,,scraped,2026-08-05T11:42:26.218422,
5bd84197c872c773,https://cd.linkedin.com/jobs/view/responsable-logistique-projet-beni-rdc-%E2%80%93-h-f-at-julisha-cd-4449086823,Responsable Logistique Projet BENI - RDC – H/F,,scraped,2026-08-05T11:42:32.419738,
10b61e4ab84c0ff0,https://cd.linkedin.com/jobs/view/chef-de-mission-at-julisha-cd-4447861069,Chef de Mission,,scraped,2026-08-05T11:42:38.912049,
17a61b20cb48fddb,https://cd.linkedin.com/jobs/view/writer-and-editor-english-anticipatory-at-julisha-cd-4449097440,Writer and Editor - English (Anticipatory),,scraped,2026-08-05T11:42:45.149433,
6488c8ea06706452,https://cd.linkedin.com/jobs/view/agent-d%E2%80%99entretien-at-julisha-cd-4447852205,Agent d’Entretien,,scraped,2026-08-05T11:42:51.447233,
bdf90acce84b077e,https://cd.linkedin.com/jobs/view/assistant-e-en-passation-des-march%C3%A9s-at-julisha-cd-4449097436,Assistant(e) en Passation des Marchés,,scraped,2026-08-05T11:42:57.512994,
c0c5bbe2087e88c4,https://cd.linkedin.com/jobs/view/un-e-secr%C3%A9taire-caissier-caissi%C3%A8re-pour-bukavu-at-julisha-cd-4449085757,Un(e) Secrétaire /Caissier (Caissière) pour Bukavu,,scraped,2026-08-05T11:43:04.761737,
dba14740cacd90e3,https://cd.linkedin.com/jobs/view/rdc-administrateur-de-projets-at-julisha-cd-4449089744,RDC - Administrateur de Projets,,scraped,2026-08-05T11:43:11.082507,
7570a25e42be8c04,https://cd.linkedin.com/jobs/view/administrateur-logisticien-at-julisha-cd-4449098522,Administrateur - Logisticien,,scraped,2026-08-05T11:43:17.494236,
5508cc9d28aadc20,https://cd.linkedin.com/jobs/view/dessinateurs-projeteurs-at-julisha-cd-4447858095,Dessinateurs Projeteurs,,scraped,2026-08-05T11:43:23.938501,
1c8d6c36cd32c435,https://cd.linkedin.com/jobs/view/charg%C3%A9-e-protection-soutien-psychosocial-pss-vbg-sous-r%C3%A9serve-de-financement-at-danish-refugee-council-dansk-flygtningehj%C3%A6lp-4448989054,Chargé.e Protection _ Soutien psychosocial (PSS) VBG (Sous réserve de financement),,scraped,2026-08-05T11:43:32.407986,
3333582417de4499,https://cd.linkedin.com/jobs/view/charg%C3%A9-e-protection-soutien-psychosocial-pss-protection-de-l%E2%80%99enfance-sous-r%C3%A9serve-de-financement-at-danish-refugee-council-dansk-flygtningehj%C3%A6lp-4448978884,Chargé.e Protection _ Soutien psychosocial (PSS) Protection de l’Enfance (Sous réserve de financement),,scraped,2026-08-05T11:43:39.451973,
7ee0c4de36daa245,https://cd.linkedin.com/jobs/view/chef-fe-d%E2%80%99%C3%A9quipe-protection-de-l%E2%80%99enfance-sous-r%C3%A9serve-de-financement-at-danish-refugee-council-dansk-flygtningehj%C3%A6lp-4448992029,Chef.fe d’équipe Protection de l’Enfance (Sous réserve de financement),,scraped,2026-08-05T11:43:46.270315,
4a6f860ec1e8e887,https://cd.linkedin.com/jobs/view/graduate-engineer-overhead-lines-at-wsp-in-canada-4447993433,Graduate Engineer: Overhead Lines,WSP in Canada,posted,2026-08-05T11:44:03.499644,633
372dbb5d62f1e0e6,https://cd.linkedin.com/jobs/view/chef-fe-d%E2%80%99%C3%A9quipe-r%C3%A9ponse-vbg-violence-bas%C3%A9e-sur-le-genre-sous-r%C3%A9serve-de-financement-at-danish-refugee-council-dansk-flygtningehj%C3%A6lp-4448985104,Chef.fe d’équipe Réponse VBG (Violence Basée sur le Genre) (Sous réserve de financement),,scraped,2026-08-05T11:44:06.097852,
5a2b3adfb209c432,https://cd.linkedin.com/jobs/view/sp%C3%A9cialiste-sant%C3%A9-mentale-sous-r%C3%A9serve-de-financement-at-danish-refugee-council-dansk-flygtningehj%C3%A6lp-4448988075,Spécialiste Santé Mentale (Sous réserve de financement),,scraped,2026-08-05T11:44:12.680438,
d4c86f12f79d3427,https://cd.linkedin.com/jobs/view/chef-fe-d%E2%80%99%C3%A9quipe-protection-%E2%80%93-pr%C3%A9vention-vbg-sous-r%C3%A9serve-de-financement-at-danish-refugee-council-dansk-flygtningehj%C3%A6lp-4448977911,Chef.fe d’équipe Protection – Prévention VBG (Sous réserve de financement),,scraped,2026-08-05T11:44:19.261439,
98292dc70923e8c3,https://cd.linkedin.com/jobs/view/credit-associate-at-ups-4448279038,Credit Associate,UPS,posted,2026-08-05T11:44:33.368487,635
4f233fae11c08eb2,https://cd.linkedin.com/jobs/view/operations-manager-at-julisha-cd-4449081849,Operations Manager,,scraped,2026-08-05T11:44:35.944996,
efdf7758fa454e45,https://cd.linkedin.com/jobs/view/assistant-program-director-at-live-oak-adult-day-services-4447862852,ASSISTANT PROGRAM DIRECTOR,Live Oak Adult Day Services,posted,2026-08-05T11:44:48.477457,637
0733c3964945c311,https://cd.linkedin.com/jobs/view/roli-africa-repr%C3%A9sentant-pays-de-la-rdc-at-julisha-cd-4447855165,ROLI Africa - Représentant pays de la RDC,,scraped,2026-08-05T11:44:51.143677,
f406952d0bf9489c,https://cd.linkedin.com/jobs/view/wash-project-manager-at-julisha-cd-4449086822,WASH Project Manager,,scraped,2026-08-05T11:45:01.260121,
0c4f642d0b651b7d,https://cd.linkedin.com/jobs/view/meal-officer-at-julisha-cd-4447854177,MEAL Officer,,scraped,2026-08-05T11:45:07.273960,
d11e1ee9602a1051,https://cd.linkedin.com/jobs/view/grant-accountant-national-office-at-julisha-cd-4447862067,Grant Accountant National Office,,scraped,2026-08-05T11:45:13.590581,
e2a5eb75d00db938,https://cd.linkedin.com/jobs/view/chauffeur-et-chauffeur-m%C3%A9canicien-at-julisha-cd-4449087749,Chauffeur et chauffeur-mécanicien,,scraped,2026-08-05T11:45:19.588001,
3045c5fec25e76ca,https://cd.linkedin.com/jobs/view/chef-de-projet-inclusion-h-f-at-julisha-cd-4447849323,Chef de Projet Inclusion H/F -,,scraped,2026-08-05T11:45:25.737334,
e323f4ee4e601037,https://cd.linkedin.com/jobs/view/internal-control-officer-at-julisha-cd-4449098489,Internal control Officer,,scraped,2026-08-05T11:45:31.792559,
9b1880859a483300,https://cd.linkedin.com/jobs/view/charge-de-programme-changement-social-et-comportemental-csc-at-julisha-cd-4447849317,"Charge de programme, changement social et comportemental (CSC)",,scraped,2026-08-05T11:45:43.741036,
fa0591018cd62069,https://cd.linkedin.com/jobs/view/responsable-log-admi-fin-h-f-goma-at-julisha-cd-4447845953,Responsable Log Admi-Fin (H/F) - Goma,,scraped,2026-08-05T11:45:50.018323,
7b728dc637497946,https://cd.linkedin.com/jobs/view/charg%C3%A9e-de-financement-de-programme-at-julisha-cd-4447852200,Chargée de Financement de Programme,,scraped,2026-08-05T11:45:56.210830,
c46b4d1339278eff,https://cd.linkedin.com/jobs/view/responsable-r%C3%A9gional-du-d%C3%A9veloppement-des-programmes-et-des-rapports-internatio-at-julisha-cd-4447855189,Responsable régional du développement des programmes et des rapports (internatio...,,scraped,2026-08-05T11:46:02.267534,
8bb5ae04689112b6,https://cd.linkedin.com/jobs/view/responsable-qualit%C3%A9-programme-paq-et-reporting-at-julisha-cd-4447846892,Responsable Qualité Programme (PaQ) et Reporting,,scraped,2026-08-05T11:46:08.420494,
b1267401e394638a,https://cd.linkedin.com/jobs/view/consultant-individuel-en-charge-de-l-%C3%A9valuation-des-d%C3%A9fis-li%C3%A9s-%C3%A0-la-mise-en-%C5%93uvr-at-julisha-cd-4447853195,Consultant individuel en charge de l'évaluation des défis liés à la mise en œuvr...,,scraped,2026-08-05T11:46:14.632291,
95a9659098e33402,https://cd.linkedin.com/jobs/view/d%C3%A9ployer-les-plans-de-gestion-conjoints-les-protocoles-et-les-cadres-pour-la-co-at-julisha-cd-4447844962,"Déployer les plans de gestion conjoints, les protocoles et les cadres pour la co...",,scraped,2026-08-05T11:46:22.883964,
b427b4015bcc8efd,https://cd.linkedin.com/jobs/view/monitoring-evaluation-officer-at-julisha-cd-4449080968,Monitoring & Evaluation Officer,,scraped,2026-08-05T11:46:29.111727,
dc3695177d581002,https://cd.linkedin.com/jobs/view/coordinatrice-eur-des-finances-pays-rdc-at-julisha-cd-4449403053,Coordinatrice/eur des finances pays- RDC,,scraped,2026-08-05T11:46:35.369957,
a178dd005c643e2f,https://cd.linkedin.com/jobs/view/consultance-auditeur-financier-et-administrative-at-julisha-cd-4447859119,Consultance: Auditeur Financier et Administrative,,scraped,2026-08-05T11:46:41.684686,
ae0f60b45f9cc428,https://cd.linkedin.com/jobs/view/responsable-de-recherche-%E2%80%93-unite-redevabilit%C3%A9-et-r%C3%A9silience-at-julisha-cd-4447854204,Responsable de recherche – Unite redevabilité et résilience,,scraped,2026-08-05T11:46:48.145426,
86d928081b85d735,https://cd.linkedin.com/jobs/view/senior-controls-officer-at-julisha-cd-4449095646,Senior Controls Officer,,scraped,2026-08-05T11:46:54.462689,
9b402c4b405ebd4c,https://cd.linkedin.com/jobs/view/sp%C3%A9cialiste-en-suivi-%C3%A9valuation-apprentissage-et-gestion-des-syst%C3%A8mes-d-inform-at-julisha-cd-4447850226,"Spécialiste en Suivi, Évaluation, Apprentissage et Gestion des Systèmes d'Inform...",,scraped,2026-08-05T11:47:00.699190,
0768eb30c253c327,https://cd.linkedin.com/jobs/view/consultant-en-g%C3%A9nie-civil-at-julisha-cd-4449082962,Consultant en génie civil,,scraped,2026-08-05T11:47:07.075112,
0bf01737f23a7a0a,https://cd.linkedin.com/jobs/view/dermatologists-at-prime-medic-your-online-family-clinic-4446424614,Dermatologists,,scraped,2026-08-05T11:47:15.119967,
952c6bdfa6685d1c,https://cd.linkedin.com/jobs/view/charg%C3%A9-e-de-l%E2%80%99%C3%A9ducation-agricole-at-julisha-cd-4449096531,Chargé(e) de l’éducation agricole,,scraped,2026-08-05T11:47:23.700078,
b053e6bc068d7e6b,https://cd.linkedin.com/jobs/view/point-focal-pour-le-suivi-l-%C3%A9valuation-la-responsabilit%C3%A9-et-l-apprentissage-m-at-julisha-cd-4447850257,"Point focal pour le suivi, l'évaluation, la responsabilité et l'apprentissage (M...",,scraped,2026-08-05T11:47:29.893492,
ed3e0bda9faf5615,https://cd.linkedin.com/jobs/view/consultant-individuel-assumant-la-fonction-d%E2%80%99expert-en-passation-des-march%C3%A9s-at-julisha-cd-4447852198,Consultant individuel assumant la fonction d’Expert en Passation des Marchés,,scraped,2026-08-05T11:47:36.885903,
b8746fdbd8443ad6,https://cd.linkedin.com/jobs/view/transparence-et-conformit%C3%A9-pays-at-julisha-cd-4449098503,Transparence et Conformité Pays,,scraped,2026-08-05T11:47:43.429147,
1d64120454799dab,https://cd.linkedin.com/jobs/view/epidemiologiste-f-h-at-julisha-cd-4449083883,Epidemiologiste (F/H),,scraped,2026-08-05T11:47:49.799286,
35f47cf7c0d85c96,https://cd.linkedin.com/jobs/view/finance-manager-at-julisha-cd-4449401016,Finance Manager,,scraped,2026-08-05T11:47:55.892112,
9d7d4c7057f0a698,https://cd.linkedin.com/jobs/view/law-enforcement-training-officer-owr-drc-at-julisha-cd-4449092634,Law Enforcement Training Officer- OWR (DRC),,scraped,2026-08-05T11:48:02.125202,
2db7aefa94fb1ae3,https://cd.linkedin.com/jobs/view/assistant-d-enseignement-artistique-percussions-at-le-grand-charolais-4448904367,Assistant d'enseignement artistique - percussions,,scraped,2026-08-05T11:48:08.343704,
30d37294fe1eaafa,https://cd.linkedin.com/jobs/view/charg%C3%A9-es-de-projet-animation-et-appui-au-secteur-culturel-at-julisha-cd-4447860066,Chargé.es de projet animation et appui au secteur culturel,,scraped,2026-08-05T11:48:15.971375,
2d8e6ed3701a8fd7,https://cd.linkedin.com/jobs/view/pedagogisch-professional-ut-trepke-in-empe-at-kinderopvang-kindernet-4445024565,Pedagogisch Professional - Ut Trepke in Empe,,scraped,2026-08-05T11:48:24.182553,
bc1a56dca16e70ad,https://cd.linkedin.com/jobs/view/officier-i%C3%A8re-senior-d-analyse-cat-at-julisha-cd-4447841981,Officier(ière) Senior d'Analyse - CAT,,scraped,2026-08-05T11:48:31.708319,
c3f10c1f965effc4,https://cd.linkedin.com/jobs/view/grants-director-usaid-drc-peacebuilding-and-biodiversity-conservation-at-julisha-cd-4449089763,"Grants Director, USAID/DRC Peacebuilding and Biodiversity Conservation",,scraped,2026-08-05T11:48:37.854744,
602fe1710cd057fa,https://cd.linkedin.com/jobs/view/coordinateur-trice-provincial-du-cluster-s%C3%A9curit%C3%A9-alimentaire-sc8-i-bukavu-i-rdc-at-julisha-cd-4447840995,Coordinateur.trice provincial du Cluster sécurité alimentaire SC8 I Bukavu I RDC,,scraped,2026-08-05T11:48:44.066151,
54fc9ac2d8dc364b,https://cd.linkedin.com/jobs/view/sql-server-dba-at-resumeally-4449413175,Sql Server Dba,ResumeAlly,posted,2026-08-05T11:48:57.309793,639
4a9a435415a4f6a0,https://cd.linkedin.com/jobs/view/charg%C3%A9-e-ressources-humaines-administration-sous-r%C3%A9serve-de-financement-at-danish-refugee-council-dansk-flygtningehj%C3%A6lp-4448987086,Chargé.e Ressources Humaines & Administration (Sous réserve de financement),,scraped,2026-08-05T11:49:02.108915,
0414d3aec03807c0,https://cd.linkedin.com/jobs/view/mysql-dba-at-resumeally-4449419410,Mysql Dba,ResumeAlly,posted,2026-08-05T11:49:15.161143,641
eaa71ada745c59fe,https://cd.linkedin.com/jobs/view/regional-analyst-great-lakes-at-julisha-cd-4449098484,Regional Analyst - Great Lakes,,scraped,2026-08-05T11:49:21.789854,
224d37f16dd5c205,https://cd.linkedin.com/jobs/view/chief-of-party-drc-sanitation-activity-at-julisha-cd-4449095561,"Chief of Party, DRC Sanitation Activity",,scraped,2026-08-05T11:49:27.944890,
09e53f20a75d3a22,https://cd.linkedin.com/jobs/view/directeur-trice-humanitaire-at-julisha-cd-4449091759,Directeur/trice humanitaire,,scraped,2026-08-05T11:49:34.155870,
1c1948a253762384,https://cd.linkedin.com/jobs/view/gestionnaire-de-projet-m-f-d-uvira-rdc-cdd-40h-r%C3%A9f-3916-at-julisha-cd-4449088705,Gestionnaire de projet (M/F/D) - Uvira (RDC) / CDD / 40h (Réf:3916),,scraped,2026-08-05T11:49:40.186704,
14c2046fb50f85dd,https://cd.linkedin.com/jobs/view/agent-de-protection-associ%C3%A9-p2-jpo-junior-professional-officer-goma-at-julisha-cd-4447846906,"Agent de protection associé, p2 JPO (Junior Professional Officer), Goma",,scraped,2026-08-05T11:49:46.426366,
86c5c84f88a12571,https://cd.linkedin.com/jobs/view/sp%C3%A9cialiste-principal-en-mobilisation-des-ressources-internes-at-julisha-cd-4449090790,Spécialiste Principal en Mobilisation des Ressources Internes,,scraped,2026-08-05T11:49:52.825747,
6721730b98eb3ab8,https://cd.linkedin.com/jobs/view/stagiaire-auditeur-f-h-at-deloitte-4448506775,Stagiaire Auditeur F/H,Deloitte,posted,2026-08-05T11:50:09.185017,643
30571f6a0ea5127c,https://cd.linkedin.com/jobs/view/programme-associate-humanitarian-access-sc6-at-julisha-cd-4449097477,Programme Associate (Humanitarian Access) SC6,,scraped,2026-08-05T11:50:11.791444,
718680da4d7e9049,https://cd.linkedin.com/jobs/view/responsable-terrain-de-la-protection-en-rdc-at-julisha-cd-4449099300,Responsable terrain de la protection en RDC,,scraped,2026-08-05T11:50:18.022363,
a1f6f275831728c1,https://cd.linkedin.com/jobs/view/associate-field-translator-nob-at-julisha-cd-4449082957,"ASSOCIATE FIELD TRANSLATOR, NOB",,scraped,2026-08-05T11:50:24.201615,
89b7ed101bdb7a8a,https://cd.linkedin.com/jobs/view/senior-humanitarian-affairs-officer-deputy-head-of-office-p5-temporary-job-o-at-julisha-cd-4449097481,"SENIOR HUMANITARIAN AFFAIRS OFFICER / DEPUTY HEAD OF OFFICE, P5 (Temporary Job O...",,scraped,2026-08-05T11:50:30.494489,
750e0b36cd8f929a,https://cd.linkedin.com/jobs/view/analyste-%E2%80%93-gestion-financi%C3%A8re-cluster-de-lubumbashi-wv-drc-at-julisha-cd-4447845935,Analyste – Gestion financière Cluster de Lubumbashi (WV DRC),,scraped,2026-08-05T11:50:38.753303,
3869fd93b49e1f30,https://cd.linkedin.com/jobs/view/responsable-programme-smps-et-protection-at-julisha-cd-4447864021,Responsable Programme SMPS et Protection,,scraped,2026-08-05T11:50:45.006287,
1103323705f26a10,https://cd.linkedin.com/jobs/view/coordinateur-rice-terrain-adjoint-e-programmes-h-f-at-julisha-cd-4449093663,COORDINATEUR.RICE TERRAIN ADJOINT.E PROGRAMMES(H/F),,scraped,2026-08-05T11:50:51.323110,
eeab0ba721ea7d1f,https://cd.linkedin.com/jobs/view/project-director-at-save-the-children-international-4449005256,Project Director,,scraped,2026-08-05T11:50:57.984001,
00225aeadda58013,https://cd.linkedin.com/jobs/view/responsable-programme-smps-et-protection-at-julisha-cd-4447863026,Responsable Programme SMPS et Protection,,scraped,2026-08-05T11:51:04.751442,
6842cfe4e2277333,https://cd.linkedin.com/jobs/view/call-for-expressions-of-interest-for-to-develop-a-protected-area-management-plan-at-julisha-cd-4449095627,Call for expressions of interest for to develop a Protected Area Management Plan...,,scraped,2026-08-05T11:51:11.108523,
e3ec44629739f724,https://cd.linkedin.com/jobs/view/personnels-enseignants-at-jpeg-laboratoire-des-sciences-juridiques-politique-%C3%A9conomiques-et-de-gestion-4444514682,Personnels enseignants,,scraped,2026-08-05T11:51:17.653976,
92297b84bc65771c,https://cd.linkedin.com/jobs/view/chef-d-%C3%A9quipe-pacs-rdc-at-julisha-cd-4447853188,Chef d'équipe - PACS - RDC,,scraped,2026-08-05T11:51:25.217528,
5270a515e5c206cf,https://cd.linkedin.com/jobs/view/protection-manager-gestionnaire-protection-pays-at-julisha-cd-4447840981,Protection Manager (Gestionnaire Protection Pays),,scraped,2026-08-05T11:51:31.557906,
6b95cad28d6379b8,https://cd.linkedin.com/jobs/view/charg%C3%A9-safeguarding-s%C3%A9nior-rdc-at-handicap-international-humanity-inclusion-4448108643,Chargé Safeguarding Sénior - RDC,,scraped,2026-08-05T11:51:39.907992,
aa7f50a95614fcc1,https://cd.linkedin.com/jobs/view/expert-on-large-scale-simulation-exercises-simex-at-julisha-cd-4449090678,Expert on Large-scale simulation exercises (SIMEX),,scraped,2026-08-05T11:51:47.612869,
b4bbe7e8e4339201,https://cd.linkedin.com/jobs/view/deputy-chief-of-party-operations-dcop-ops-usaid-drc-peacebuilding-and-biodive-at-julisha-cd-4449091828,"Deputy Chief of Party-Operations (DCOP-Ops), USAID/DRC Peacebuilding and Biodive...",,scraped,2026-08-05T11:51:54.086112,
3694deec8533a47b,https://cd.linkedin.com/jobs/view/expert-en-mobilisation-des-fonds-fundraising-at-julisha-cd-4449099329,Expert en mobilisation des fonds/Fundraising,,scraped,2026-08-05T11:52:02.348795,
5d6c5e4654c1966c,https://cd.linkedin.com/jobs/view/sp%C3%A9cialiste-de-genre-egalit%C3%A9-et-inclusion-sociale-gesi-at-julisha-cd-4449085787,"Spécialiste de Genre, Egalité et Inclusion Sociale (GESI)",,scraped,2026-08-05T11:52:08.678540,
5430809211f39465,https://cd.linkedin.com/jobs/view/optimierung-des-suchalgorithmus-zur-bestimmung-der-effektiven-refrakt%C3%A4rzeit-im-rahmen-des-peerp-protokolls-at-camo-kit-4448597113,Optimierung des Suchalgorithmus zur Bestimmung der effektiven Refraktärzeit im Rahmen des PEERP Protokolls,,scraped,2026-08-05T11:52:15.006468,
f669af585130e966,https://cd.linkedin.com/jobs/view/head-of-policy-and-practice-peace-economies-at-julisha-cd-4449098443,Head of Policy and Practice - Peace Economies,,scraped,2026-08-05T11:52:23.961689,
e73d29d65412fc59,https://cd.linkedin.com/jobs/view/sp%C3%A9cialiste-en-gestion-environnementale-at-julisha-cd-4449098435,Spécialiste en gestion environnementale,,scraped,2026-08-05T11:52:30.171354,
4a26e4e0d4047d93,https://cd.linkedin.com/jobs/view/consultancy-for-diversity-equity-and-inclusion-dei-strategy-and-road-map-for-at-julisha-cd-4447854188,"Consultancy for Diversity, Equity, and Inclusion (DEI) Strategy and Road Map for...",,scraped,2026-08-05T11:52:36.693341,
e36600f87ff5cdda,https://cd.linkedin.com/jobs/view/charg%C3%A9-de-sauvegardes-environnementales-et-sociales-pour-le-projet-step-at-julisha-cd-4447856149,Chargé de sauvegardes environnementales et sociales pour le Projet STEP,,scraped,2026-08-05T11:52:42.988340,
ad42d0975be4ddf7,https://cd.linkedin.com/jobs/view/sp%C3%A9cialiste-de-la-gestion-de-l%E2%80%99information-protection-sous-r%C3%A9serve-de-financement-at-danish-refugee-council-dansk-flygtningehj%C3%A6lp-4448996015,Spécialiste de la Gestion de l’information protection (Sous réserve de financement),,scraped,2026-08-05T11:52:49.508719,
e909f320c85538e4,https://cd.linkedin.com/jobs/view/deputy-chief-of-party-at-julisha-cd-4449078970,Deputy Chief of Party,,scraped,2026-08-05T11:52:56.405582,
59eed4f149b42ad0,https://cd.linkedin.com/jobs/view/sp%C3%A9cialiste-en-sant%C3%A9-de-la-reproduction-at-julisha-cd-4449093715,Spécialiste en Santé de la Reproduction,,scraped,2026-08-05T11:53:02.423873,
cd64ee95d651d21c,https://cd.linkedin.com/jobs/view/agents-commerciaux-et-les-proth%C3%A9siste-ongulaire-4444597062,Agents commerciaux et les prothésiste ongulaire,Esy et ell's agence de recrutement,posted,2026-08-05T11:53:14.267591,645
e5756fd48de63234,https://cd.linkedin.com/jobs/view/charg%C3%A9-e-monitoring-de-protection-sous-r%C3%A9serve-de-financement-at-danish-refugee-council-dansk-flygtningehj%C3%A6lp-4448994017,Chargé.e Monitoring de Protection (Sous réserve de financement),,scraped,2026-08-05T11:53:16.865399,
4649bbdac3b5dca2,https://cd.linkedin.com/jobs/view/my-tech-journey-at-build-with-her-4448905148,My tech journey,Build with Her,posted,2026-08-05T11:53:30.274462,647
885b541388e4595f,https://cd.linkedin.com/jobs/view/kinshasa-chroniques-at-mus%C3%A9e-international-des-arts-modestes-4449632788,KINSHASA CHRONIQUES,Musée International des Arts Modestes,posted,2026-08-07T05:00:26.962007,649
80e7c3b4ebfa235a,https://cd.linkedin.com/jobs/view/congo-lucha-at-mus%C3%A9e-international-des-arts-modestes-4449636738,CONGO LUCHA,Musée International des Arts Modestes,posted,2026-08-07T05:00:35.698673,651
30e40820d9fd9b34,https://cd.linkedin.com/jobs/view/avis-de-recrutement-officiel-fps-at-fonds-de-promotion-de-la-sant%C3%A9-f-p-s-4449416965,Avis de Recrutement Officiel - FPS,,scraped,2026-08-07T05:00:40.326682,
6538ec36299aa68d,https://cd.linkedin.com/jobs/view/operations-assistant-at-intelinet-incorporated-4448983143,Operations Assistant,INTELINET INCORPORATED,posted,2026-08-07T05:00:49.637223,615
14b28680bedd6e21,https://cd.linkedin.com/jobs/view/drone-pilot-for-kolwezi-drc-at-chemaf-resources-limited-4447391372,"Drone Pilot for Kolwezi, DRC",Chemaf Resources Limited,posted,2026-08-07T05:01:01.751250,653
76a2311685bf9095,https://cd.linkedin.com/jobs/view/la-set-i-la-revoluci%C3%B3-at-mal-pelo-4450607028,La set i la revolució,,scraped,2026-08-07T05:01:04.200100,
6e82ebe268ad1a05,https://cd.linkedin.com/jobs/view/vie-%E2%80%93-acheteur-de-services-h-f-%E2%80%93-congo-at-totalenergies-4449660813,VIE – Acheteur de Services (H/F) – Congo,,scraped,2026-08-07T05:01:12.653752,
5dffd756469a637e,https://cd.linkedin.com/jobs/view/dermatologists-at-prime-medic-your-online-family-clinic-4449186963,Dermatologists,,scraped,2026-08-07T05:01:19.232301,
d83ab44c38f354f4,https://cd.linkedin.com/jobs/view/saq-manager-at-helios-towers-4449911127,SAQ Manager,,scraped,2026-08-07T05:01:28.140148,
f23c0f992e01603b,https://cd.linkedin.com/jobs/view/analyst-inventory-at-barrick-mining-corporation-4447414172,Analyst - Inventory,,scraped,2026-08-07T05:01:35.630530,
6e9997a609dcd48d,https://cd.linkedin.com/jobs/view/consultant-formateur-at-centre-de-formation-humanitaire-ong-itc-4442326010,Consultant formateur,,scraped,2026-08-07T05:01:42.238976,
5d1ccf2efb6b0f6d,https://cd.linkedin.com/jobs/view/monitoring-evaluation-and-learning-mel-manager-ebola-response-drc-at-mercy-corps-4440373226,"Monitoring Evaluation and Learning (MEL) Manager - Ebola response, DRC",Mercy Corps,posted,2026-08-07T05:01:57.623974,655
c6b24907604f5647,https://cd.linkedin.com/jobs/view/contrema%C3%AEtre-carri%C3%A8re-at-sadc-de-la-mrc-de-rivi%C3%A8re-du-loup-4449990606,Contremaître - Carrière,SADC de la MRC de Rivière-Du-Loup,posted,2026-08-07T05:02:09.944851,657
fa978245238d44da,https://cd.linkedin.com/jobs/view/paving-contractor-at-pave-fl-4447376025,Paving Contractor,PAVE FL,posted,2026-08-07T05:02:25.705497,659
29f1f4d61cecd21c,https://cd.linkedin.com/jobs/view/head-of-systems-and-operations-for-dr-congo-at-people-in-need-4445844095,Head of Systems and Operations for DR Congo,,scraped,2026-08-07T05:02:30.118678,
84e0762afbcd3bc3,https://cd.linkedin.com/jobs/view/responsable-d%E2%80%99exploitation-at-virunga-energies-4449110499,Responsable d’exploitation,,scraped,2026-08-07T05:02:36.782314,
5d1354ab0f0bf46c,https://cd.linkedin.com/jobs/view/technology-manager-at-africell-rdc-4448087686,Technology Manager,,scraped,2026-08-07T05:02:47.355077,
cde58eca2ed1a88a,https://cd.linkedin.com/jobs/view/community-based-surveillance-cbs-assistant-consultant-ebola-response-at-iom-un-migration-4449630645,Community Based Surveillance (CBS) Assistant - Consultant -Ebola Response,IOM - UN Migration,posted,2026-08-07T05:03:10.030611,661
b51e7d009831f703,https://cd.linkedin.com/jobs/view/ikkunanpesu-oulussa-puhtaat-pinnat-parempi-valo-turvallinen-toteutus-at-pitstop-car-tire-service-4448909894,"Ikkunanpesu Oulussa: puhtaat pinnat, parempi valo, turvallinen toteutus",,scraped,2026-08-07T05:03:16.618975,
3f9d95d888595834,https://cd.linkedin.com/jobs/view/sp%C3%A9cialiste-en-%C3%A9pid%C3%A9miologie-et-surveillance-at-fhi-360-4449979079,Spécialiste en Épidémiologie et Surveillance,FHI 360,posted,2026-08-07T05:03:29.943769,663
40bd7c6c433d9636,https://cd.linkedin.com/jobs/view/business-development-manager-at-visa-4449665928,Business Development Manager,Visa,posted,2026-08-07T05:03:42.962778,665
f974a8da3d732a9f,https://cd.linkedin.com/jobs/view/directeur-d-usine-at-les-industries-grc-inc-4448963371,Directeur d'usine,,scraped,2026-08-07T05:03:45.414576,
a15ebb67e99eb64d,https://cd.linkedin.com/jobs/view/specjalista-ds-performance-marketingu-at-pro1-pl-4450272360,Specjalista ds. performance marketingu,,scraped,2026-08-07T05:03:53.268021,
a90e4f90553103ad,https://cd.linkedin.com/jobs/view/ing%C3%A9nieur-stabilit%C3%A9-senior-at-sweco-4440200183,Ingénieur stabilité senior,,scraped,2026-08-07T05:04:04.188248,
d0592e396affcb8b,https://cd.linkedin.com/jobs/view/engineering-graduate-%E2%80%93-mechanical-electrical-at-aggreko-4449002145,Engineering Graduate – Mechanical/Electrical,,scraped,2026-08-07T05:04:10.889323,
7707454e3653fb87,https://cd.linkedin.com/jobs/view/une-sales-executive-bilingue-f-at-afrik-interim-hr-services-sarl-4448964937,Une Sales Executive bilingue F,,scraped,2026-08-07T05:04:18.641764,
24b73230c01c4a34,https://cd.linkedin.com/jobs/view/qualit%C3%A4tsmanager-integrierte-managementsysteme-global-bei-einem-maschinenbauunternehmen-at-kuehn-gmbh-4449980880,Qualitätsmanager integrierte Managementsysteme global bei einem Maschinenbauunternehmen,Kuehn-GmbH,posted,2026-08-07T05:04:33.921112,667
23ada4dde8b7cdcf,https://cd.linkedin.com/jobs/view/toddler-assistant-at-webster-montessori-school-4449038943,Toddler Assistant,Webster Montessori School,posted,2026-08-07T05:04:43.388520,669
bcc12b4db6e5ccaa,https://cd.linkedin.com/jobs/view/studerende-til-databehandling-og-analyser-at-department-of-pharmacy-university-of-copenhagen-4449002953,Studerende til databehandling og analyser,,scraped,2026-08-07T05:04:45.947118,
aa97bcc6dc16188c,https://cd.linkedin.com/jobs/view/agent-d-entretien-cleaner-at-oxfam-4448052994,AGENT D'ENTRETIEN /CLEANER,,scraped,2026-08-07T05:04:53.308342,
ee23c4300e577366,https://cd.linkedin.com/jobs/view/un-b%C3%A9n%C3%A9vole-suivi-et-%C3%A9valuation-et-une-charg%C3%A9e-de-la-communication-at-d%C3%A9veloppement-sans-fronti%C3%A8res-4448474419,un bénévole suivi et évaluation et une chargée de la communication,Développement sans frontières,posted,2026-08-07T05:05:08.058272,671
c3afc40ad41823a9,https://cd.linkedin.com/jobs/view/meister-endmontage-stangenlose-flugzeugschleppe-bei-einem-hersteller-von-spezialfahrzeugen-at-kuehn-gmbh-4449142137,Meister Endmontage Stangenlose Flugzeugschleppe bei einem Hersteller von Spezialfahrzeugen,Kuehn-GmbH,posted,2026-08-07T05:05:17.195307,673
2aa3ed702dc602a3,https://cd.linkedin.com/jobs/view/werkstudent-w-m-d-zur-unterst%C3%BCtzung-unseres-technischen-supports-at-josef-attenberger-gmbh-4449456029,Werkstudent (w/m/d) zur Unterstützung unseres technischen Supports,Josef Attenberger GmbH,posted,2026-08-07T05:05:32.241768,675
30fa6f838b4d7769,https://cd.linkedin.com/jobs/view/pamper-parties-at-perfect-pamper-4449086186,Pamper Parties,,scraped,2026-08-07T05:05:34.839714,
047a8f1fc9976fb5,https://cd.linkedin.com/jobs/view/laboratory-assistant-phlebotomist-at-south-coast-physician-svc-4450645305,Laboratory Assistant-Phlebotomist,South Coast Physician Svc,posted,2026-08-07T05:05:48.401119,677
65b5fa5fbb899014,https://cd.linkedin.com/jobs/view/laboratory-assistant-cytology-at-south-coast-physician-svc-4450654063,Laboratory Assistant-Cytology,South Coast Physician Svc,posted,2026-08-07T05:05:57.816306,679
0618363069fcad98,https://cd.linkedin.com/jobs/view/kinshasa-chroniques-%E2%80%93-cit%C3%A9-de-l%E2%80%99architecture-du-patrimoine-at-mus%C3%A9e-international-des-arts-modestes-4449641679,KINSHASA CHRONIQUES – CITÉ DE L’ARCHITECTURE & DU PATRIMOINE,Musée International des Arts Modestes,posted,2026-08-07T05:06:07.037963,681
f6e376a6a11c8a79,https://cd.linkedin.com/jobs/view/structural-bim-modeler-at-wsp-in-canada-4429318147,Structural BIM Modeler,WSP in Canada,posted,2026-08-07T05:06:23.284427,683
5a04bf3fa2e95b19,https://cd.linkedin.com/jobs/view/supervisor-tsf-water-tailing-at-glencore-4448996983,Supervisor - TSF Water & Tailing,,scraped,2026-08-07T05:06:29.894323,
2973cb033517ff82,https://cd.linkedin.com/jobs/view/national-logistics-supervisor-at-helios-towers-4449905222,National Logistics Supervisor,,scraped,2026-08-07T05:06:36.315332,
057cb271bcff21af,https://cd.linkedin.com/jobs/view/network-energy-performance-engineering-lead-at-helios-towers-4449912135,Network & Energy Performance Engineering Lead,,scraped,2026-08-07T05:06:49.742173,
c503749c5149cd25,https://cd.linkedin.com/jobs/view/assistant-e-cha%C3%AEne-d-approvisionnement-supply-chain-assistant-sous-r%C3%A9serve-de-financement-at-danish-refugee-council-dansk-flygtningehj%C3%A6lp-4448980326,Assistant(e) Chaîne d'Approvisionnement/Supply Chain Assistant (Sous réserve de financement),,scraped,2026-08-07T05:06:59.026619,
dac4a28f577d53f4,https://cd.linkedin.com/jobs/view/charg%C3%A9-e-protection-pr%C3%A9vention-vbg-sous-r%C3%A9serve-de-financement-at-danish-refugee-council-dansk-flygtningehj%C3%A6lp-4448974994,Chargé.e Protection_ Prévention VBG (Sous réserve de financement),,scraped,2026-08-07T05:07:06.361494,
018dc13724cb2c16,https://cd.linkedin.com/jobs/view/les-ap%C3%A9ros-sensibles-harp%C4%81-at-paul-b-4449063464,Les apéros-sensibles : Harpā,Paul B,posted,2026-08-07T05:07:20.500874,685
92098e7d0092db14,https://cd.linkedin.com/jobs/view/assistant-e-ressources-humaines-administration-sous-r%C3%A9serve-de-financement-at-danish-refugee-council-dansk-flygtningehj%C3%A6lp-4448978891,Assistant.e Ressources Humaines & Administration (Sous réserve de financement),,scraped,2026-08-07T05:07:23.135451,
3aefecc415d295fa,https://cd.linkedin.com/jobs/view/flow-based-estimation-of-cardiac-motion-using-lattice-boltzmann-methods-at-camo-kit-4448596146,Flow-based Estimation of Cardiac Motion Using Lattice Boltzmann Methods,,scraped,2026-08-07T05:07:36.034020,
8abf1e06ea68d2c0,https://cd.linkedin.com/jobs/view/spatially-structured-heterogeneity-in-the-sinoatrial-node-at-camo-kit-4448585265,Spatially Structured Heterogeneity in the Sinoatrial Node,,scraped,2026-08-07T05:07:48.662028,
ab7cb8514465b9b6,https://cd.linkedin.com/jobs/view/sp%C3%A9cialiste-vbg-sous-r%C3%A9serve-de-financement-at-danish-refugee-council-dansk-flygtningehj%C3%A6lp-4448989058,Spécialiste VBG (Sous réserve de financement),,scraped,2026-08-07T05:07:57.262551,
3ac9aaec621bcd7f,https://cd.linkedin.com/jobs/view/%E2%80%9Cbodybuilding%E2%80%9D-using-generative-ai-constructing-torso-models-for-cardiac-simulations-at-camo-kit-4448590207,“Bodybuilding” Using Generative AI: Constructing Torso Models for Cardiac Simulations,,scraped,2026-08-07T05:08:06.157845,
0afa8bec01837541,https://cd.linkedin.com/jobs/view/love-who-you-are-at-iqra-faisal-4449110693,Love who you are,Iqra Faisal,posted,2026-08-09T04:23:43.392125,687
bc6c2eb739da3f1a,https://cd.linkedin.com/jobs/view/boma-gla-team-at-building-owners-and-managers-association-greater-los-angeles-4450399456,BOMA/GLA Team,Building Owners and Managers Association Greater Los Angeles,posted,2026-08-09T04:23:54.229055,689
2e9191685e3c4bda,https://cd.linkedin.com/jobs/view/base-at-webprognet-4449645743,base,,scraped,2026-08-09T04:23:56.591654,
005ca69c4310194b,https://cd.linkedin.com/jobs/view/the-worst-of-evil-at-new-kdrama-4450737332,the-worst-of-evil,New Kdrama,posted,2026-08-09T04:24:15.833596,691
ac07bc2738b96696,https://cd.linkedin.com/jobs/view/boma-international-at-building-owners-and-managers-association-greater-los-angeles-4450506049,BOMA International,Building Owners and Managers Association Greater Los Angeles,posted,2026-08-09T04:24:25.443497,693
02a6c1ce55825a63,https://cd.linkedin.com/jobs/view/une-radio-dans-le-coeur-des-expats-at-objectif-qatar-4449648471,Une radio dans le Coeur des expats,Objectif Qatar,posted,2026-08-09T04:24:34.923103,695
4017919fd1a0e5bb,https://cd.linkedin.com/jobs/view/officer-sourcing-contracting-at-mmg-limited-4450705410,Officer - Sourcing & Contracting,,scraped,2026-08-09T04:24:41.620195,
956a931ce79013e6,https://cd.linkedin.com/jobs/view/baisse-de-29-%25-des-offres-pour-d%C3%A9butants-l%E2%80%99ia-durcit-le-march%C3%A9-du-travail-at-la-gazette-ia-4449136300,Baisse de 29 % des offres pour débutants : l’IA durcit le marché du travail,La Gazette IA,posted,2026-08-09T04:24:58.014965,697
1c92519393949847,https://cd.linkedin.com/jobs/view/page-not-found-at-golf-o%E2%80%99clock-4447390256,Page not found,Golf O’Clock,posted,2026-08-09T04:25:09.834258,699
aef0058347cf7d53,https://cd.linkedin.com/jobs/view/giselle-leung-at-atlas-chiropractic-hk-4448212006,Giselle Leung,,scraped,2026-08-09T04:25:12.443467,
07e8b7d934d23d1d,https://cd.linkedin.com/jobs/view/j%C3%B8rund-kopren-sa-opp-jobben-uten-%C3%A5-vite-hva-han-skulle-gj%C3%B8re-s%C3%A5-sa-samboeren-%C2%ABer-dette-noe-for-deg%3F%C2%BB-at-stavanger-aftenblad-4450668227,Jørund Kopren sa opp jobben uten å vite hva han skulle gjøre. Så sa samboeren: «Er dette noe for deg?»,,scraped,2026-08-09T04:25:18.496131,
bd406e57069909da,https://cd.linkedin.com/jobs/view/haut-parleur-sans-fil-bambou-at-igo-objets-pub-france-4451313612,Haut-parleur sans fil Bambou,,scraped,2026-08-09T04:25:25.499299,
a10567b1d0287ad0,https://cd.linkedin.com/jobs/view/seeking-couple-to-run-a-small-commercial-organic-garden-and-retreat-centre-at-organic-growers-alliance-4451071427,Seeking couple to run a small commercial organic garden and retreat centre,Organic Growers Alliance,posted,2026-08-09T04:25:41.033524,701
0f1e50b741fa9825,https://cd.linkedin.com/jobs/view/d%C3%A9confinement-et-recrutement-un-turn-over-%C3%A9lev%C3%A9-dans-l%E2%80%99immobilier-reste-probable-pour-les-temps-%C3%A0-venir-at-mysweetimmo-4450593508,Déconfinement et recrutement : Un turn over élevé dans l’immobilier reste probable pour les temps à venir,,scraped,2026-08-09T04:25:47.462994,
311bc28d3fca3bd7,https://cd.linkedin.com/jobs/view/rse-et-team-building-comment-choisir-at-zen-organisation-4450304516,RSE et Team Building : comment choisir...,,scraped,2026-08-09T04:25:54.837911,
da5c807e72d382c2,https://cd.linkedin.com/jobs/view/assembleur-at-cje-vaudreuil-soulanges-4449245773,Assembleur,,scraped,2026-08-09T04:26:02.696920,
a567569285e4e7c6,https://cd.linkedin.com/jobs/view/pharmacy-assistant-technicians-at-jobspeopledo-com-4450252136,Pharmacy Assistant  (Technicians),JobsPeopleDo.com,posted,2026-08-09T04:26:19.526046,703
b89cb6e4ab637d34,https://cd.linkedin.com/jobs/view/operations-assistant-at-agira-wealth-partners-4451081697,Operations Assistant,Agira Wealth Partners,posted,2026-08-09T04:26:28.338158,615
7f891e60c76ccd88,https://cd.linkedin.com/jobs/view/das-bayerische-spitzenprofessurenprogramm-at-bavarian-health-cloud-4448411239,Das Bayerische Spitzenprofessurenprogramm,,scraped,2026-08-09T04:26:30.892651,
8518f78ce85407f4,https://cd.linkedin.com/jobs/view/officer-risk-management-and-compliance-at-international-federation-of-red-cross-and-red-crescent-societies-ifrc-4449945455,"Officer, Risk Management and Compliance",,scraped,2026-08-09T04:26:43.716058,
c3795b2f86fe93b5,https://cd.linkedin.com/jobs/view/marathon-de-paris-a-s-o-%C3%A9cart%C3%A9-apr%C3%A8s-28-at-zen-organisation-4450087871,"Marathon de Paris, A.S.O écarté après 28...",,scraped,2026-08-09T04:26:50.484653,
a8fec38b439599b7,https://cd.linkedin.com/jobs/view/estimateur-charg%C3%A9-e-de-projet-%E2%80%93-%C3%A9lectricit%C3%A9-de-construction-at-gu%C3%A9rin-ma%C3%AEtre-%C3%A9lectricien-4447307727,Estimateur / Chargé(e) de projet – Électricité de construction,,scraped,2026-08-09T04:27:14.678397,
e58f0c5ee42d25f0,https://cd.linkedin.com/jobs/view/assistant-horticultural-grower-at-organic-growers-alliance-4451061753,Assistant Horticultural Grower,Organic Growers Alliance,posted,2026-08-09T04:27:30.732056,705
a83ac80bd9f62b82,https://cd.linkedin.com/jobs/view/responsable-de-p%C3%B4le-%E2%80%94-sp%C3%A9cialiste-it-at-nardtec-4446281761,Responsable de pôle — spécialiste IT,,scraped,2026-08-09T04:27:35.421088,
b732e2ff763cdfd5,https://cd.linkedin.com/jobs/view/social-media-content-video-creator-m-w-d-at-mediatouch-gmbh-4449437704,Social Media Content & Video Creator (m/w/d),,scraped,2026-08-09T04:27:54.369991,
0b6c15062fbdcae9,https://cd.linkedin.com/jobs/view/program-manager-at-ipas-mo%C3%A7ambique-4451068183,Program Manager,,scraped,2026-08-09T04:28:01.550439,
541d310ac1cccc75,https://cd.linkedin.com/jobs/view/democratic-republic-of-the-congo-business-projet-development-manager-%E2%80%93-kinshasa-at-acted-4450707364,Democratic Republic of the Congo : Business & Projet Development Manager – Kinshasa,,scraped,2026-08-09T04:28:08.199676,
6a6c832653e53347,https://cd.linkedin.com/jobs/view/directeur-service-et-support-aux-op%C3%A9rations-at-afrik-interim-hr-services-sarl-4450351486,Directeur Service et Support aux opérations,,scraped,2026-08-09T04:28:15.233246,
4a91294e9eda028e,https://cd.linkedin.com/jobs/view/obstetrician-ert-roster-position-at-reliefweb-4450570998,Obstetrician ERT - ROSTER POSITION,ReliefWeb,posted,2026-08-09T04:28:34.564700,707
be47eeeded968277,https://cd.linkedin.com/jobs/view/self-employed-automation-engineers-field-service-contractors-at-jpd-uk-services-4448951081,Self-Employed Automation Engineers / Field Service Contractors,,scraped,2026-08-09T04:28:45.381782,
c0526b1823df5891,https://cd.linkedin.com/jobs/view/coordinateur%C2%B7trice-financier-at-premi%C3%A8re-urgence-4450060698,Coordinateur·trice Financier,,scraped,2026-08-09T04:28:54.109938,
8ea665efee96f7c8,https://cd.linkedin.com/jobs/view/medical-equipment-sales-representative-at-rotala-international-4446297258,Medical Equipment Sales Representative,Rotala International,posted,2026-08-09T04:29:06.375560,709
ad3c08f09754868d,https://cd.linkedin.com/jobs/view/responsable-commercial-sud-est-h-f-at-visioscreen-switzerland-4447313455,Responsable Commercial Sud-Est (H/F),Visioscreen Switzerland,posted,2026-08-09T04:29:15.145452,711
3757bcd6547ef169,https://cd.linkedin.com/jobs/view/micro-sans-fil-at-maison-eridia-4451096215,Micro sans fil,,scraped,2026-08-09T04:29:17.738945,
fc80b0ca7c36eca2,https://cd.linkedin.com/jobs/view/drc-local-government-relations-officer-fixed-term-at-one-acre-fund-4450040267,DRC Local Government Relations Officer (Fixed-Term),,scraped,2026-08-09T04:29:24.717273,
d75735601854ea2b,https://cd.linkedin.com/jobs/view/personal-events-assistant-filled-at-contact-media-communications-4450767906,Personal/Events Assistant - filled,,scraped,2026-08-09T04:29:33.486092,
9152118da3d5877a,https://cd.linkedin.com/jobs/view/coordinatrice-ou-coordinateur-terrain-republique-democratique-du-congo-at-action-contre-la-faim-4449995584,COORDINATRICE OU COORDINATEUR TERRAIN - REPUBLIQUE DEMOCRATIQUE DU CONGO,,scraped,2026-08-09T04:29:42.831455,
e1996875c29e079c,https://cd.linkedin.com/jobs/view/partage-d%E2%80%99exp%C3%A9riences-et-de-bonnes-pratiques-%C3%A0-travers-des-coordinations-continentales-at-objectif-qatar-4449661463,Partage d’expériences et de bonnes pratiques à travers des coordinations continentales,Objectif Qatar,posted,2026-08-09T04:29:59.567606,713
bac190883ff4233c,https://cd.linkedin.com/jobs/view/teaching-assistant-at-resumeally-4449098861,Teaching Assistant,ResumeAlly,posted,2026-08-09T04:30:10.734504,715
265cb552c2c93633,https://cd.linkedin.com/jobs/view/%C3%A9lections-consulaires-2021-le-vote-par-internet-est-clos-mais-il-est-encore-possible-de-voter-%21-at-objectif-qatar-4449665402,"Élections consulaires 2021 : le vote par internet est clos, mais il est encore possible de voter !",Objectif Qatar,posted,2026-08-09T04:30:21.592957,717
58d40bf3bdfbfb52,https://cd.linkedin.com/jobs/view/bamboo-8000-wireless-powerbank-chargeur-sans-fil-at-igo-objets-pub-france-4450792199,Bamboo 8000 Wireless Powerbank chargeur sans fil,,scraped,2026-08-09T04:30:26.237990,
262a2ed6033265a0,https://cd.linkedin.com/jobs/view/le-printemps-de-la-9e-deuxi%C3%A8me-%C3%A9dition-%C3%A0-rabat-at-objectif-qatar-4449661335,Le Printemps de la 9e : deuxième édition à Rabat,Objectif Qatar,posted,2026-08-09T04:30:40.470131,719
b4a424bb0537481a,https://cd.linkedin.com/jobs/view/senga-rcs-rpet-bottle-500-ml-bouteille-at-igo-objets-pub-france-4450779839,Senga RCS RPET Bottle 500 ml bouteille,,scraped,2026-08-09T04:30:42.862985,
f819d510bb0e573a,https://cd.linkedin.com/jobs/view/immobilier-et-emploi-les-tpe-et-pme-r%C3%A9sistent-face-%C3%A0-la-crise-at-mysweetimmo-4450090446,Immobilier et emploi : Les TPE et PME résistent face à la crise,,scraped,2026-08-09T04:30:49.868317,
a0bce75583986c75,https://cd.linkedin.com/jobs/view/hun-lovet-%C3%A5-v%C3%A6re-%C3%A5pen-over-ett-%C3%A5r-seinere-forteller-trine-stangeland-hva-som-skjedde-da-hun-sa-opp-som-bankdirekt%C3%B8r-at-stavanger-aftenblad-4450669203,Hun lovet å være åpen. Over ett år seinere forteller Trine Stangeland hva som skjedde da hun sa opp som bankdirektør,,scraped,2026-08-09T04:30:56.956827,
448f1408a58adf77,https://cd.linkedin.com/jobs/view/%C2%AB-immo2-le-netflix-de-la-formation-immobili%C3%A8re-%C2%BB-vincent-lecamus-at-mysweetimmo-4450082901,"« Immo2, le Netflix de la formation immobilière », Vincent Lecamus",,scraped,2026-08-09T04:31:05.603776,
ee3be41de201eca3,https://cd.linkedin.com/jobs/view/discipline-lead-advisory-property-and-buildings-at-wsp-in-canada-4449798511,"Discipline Lead, Advisory Property and Buildings",WSP in Canada,posted,2026-08-09T04:31:24.334430,721
daecfda309d6928c,https://cd.linkedin.com/jobs/view/grid-manager-at-helios-towers-4449909201,Grid Manager,,scraped,2026-08-09T04:31:26.961826,
b8ebcdea53299285,https://cd.linkedin.com/jobs/view/op%C3%A9rateur-fabrication-plastique-at-cje-vaudreuil-soulanges-4449246799,Opérateur fabrication plastique,,scraped,2026-08-09T04:31:44.632224,
ba0f9152fae0e399,https://cd.linkedin.com/jobs/view/electrical-draughtsman-distribution-and-transmission-at-wsp-in-canada-4450076972,Electrical Draughtsman - Distribution and Transmission,WSP in Canada,posted,2026-08-09T04:32:11.252761,723
3c189f609a644c23,https://cd.linkedin.com/jobs/view/project-engineer-tsf-studies-investigations-at-glencore-4448507258,Project Engineer - TSF Studies & Investigations,,scraped,2026-08-09T04:32:13.823864,
1e14b68130a96b74,https://cd.linkedin.com/jobs/view/olivier-guerre-propose-jeudi-14-mai-%C3%A0-10h-une-web-conf%C3%A9rence-sp%C3%A9ciale-d%C3%A9confinement-%21-at-mysweetimmo-4450589654,Olivier Guerre propose jeudi 14 mai à 10h une web conférence spéciale déconfinement !,,scraped,2026-08-09T04:32:20.077431,
258f8f0ab8692e5f,https://cd.linkedin.com/jobs/view/chef-fe-d%E2%80%99%C3%A9quipe-monitoring-de-protection-sous-r%C3%A9serve-de-financement-at-danish-refugee-council-dansk-flygtningehj%C3%A6lp-4448976940,Chef.fe d’équipe Monitoring de Protection Sous réserve de financement),,scraped,2026-08-09T04:32:27.401115,
b6ba7e1cf5db7860,https://cd.linkedin.com/jobs/view/chef-fe-d%E2%80%99%C3%A9quipe-monitoring-de-protection-sous-r%C3%A9serve-de-financement-at-danish-refugee-council-dansk-flygtningehj%C3%A6lp-4448983223,Chef.fe d’équipe Monitoring de Protection (Sous réserve de financement),,scraped,2026-08-09T04:32:34.690769,
f691cdfbad95723a,https://cd.linkedin.com/jobs/view/manoeuvres-dans-la-fabrication-des-produits-en-plastique-%C3%A9quipe-volante-at-cje-vaudreuil-soulanges-4449257121,Manoeuvres dans la fabrication des produits en plastique- équipe volante,,scraped,2026-08-09T04:32:41.276461,
6e2dfe2032361511,https://cd.linkedin.com/jobs/view/meal-assistant-at-world-vision-4450266037,MEAL Assistant,,scraped,2026-08-09T04:32:53.512275,
57309ae74e49d876,https://cd.linkedin.com/jobs/view/un%C2%A0purchasing-officer-at-afrik-interim-hr-services-sarl-4448749776,Un Purchasing Officer,,scraped,2026-08-09T04:33:00.332314,
7c9a2dc97ce38c74,https://cd.linkedin.com/jobs/view/manager-logistique-renforcement-des-capacites-rdc-at-handicap-international-humanity-inclusion-4450771621,MANAGER LOGISTIQUE - RENFORCEMENT DES CAPACITES - RDC,,scraped,2026-08-09T04:33:10.365858,
a1e355985dcbad85,https://cd.linkedin.com/jobs/view/engineer-at-mileoni-power-systems-4448032047,Engineer,mileoni power systems,posted,2026-08-09T04:33:26.572562,725
3472410a49a76235,https://cd.linkedin.com/jobs/view/coordinatrice-ou-coordinateur-terrain-flying-rdc-at-reliefweb-4450567918,COORDINATRICE OU COORDINATEUR TERRAIN FLYING - RDC,ReliefWeb,posted,2026-08-09T04:33:35.002150,727
24e9f1c267d18fec,https://cd.linkedin.com/jobs/view/project-manager-%E2%80%93-haut-katanga-lualaba-at-standingovation-eco-4449044161,Project Manager – (Haut-Katanga & Lualaba),StandingOvation.eco,posted,2026-08-09T04:33:39.615620,233
42bf0489b8c5812b,https://cd.linkedin.com/jobs/view/child-protection-officer-unicef-drc-at-psydin-4449684406,Child Protection Officer - UNICEF DRC,PsyDin,posted,2026-08-09T04:33:49.081982,729
7ab6e1894ec7185a,https://cd.linkedin.com/jobs/view/branch-manager-at-ruangguru-for-business-4448861200,Branch Manager,,scraped,2026-08-09T04:33:51.519395,
50d8d8d793561ea7,https://cd.linkedin.com/jobs/view/mtc-teacher-at-a-igreja-de-jesus-cristo-dos-santos-dos-%C3%BAltimos-dias-4448945339,MTC Teacher,,scraped,2026-08-09T04:34:03.849609,
c6c2844eb72d1ab1,https://cd.linkedin.com/jobs/view/beyond-myocytes-benchmarking-microstructural-heterogeneity-in-cardiac-electrophysiology-at-camo-kit-4449326109,Beyond Myocytes: Benchmarking Microstructural Heterogeneity in Cardiac Electrophysiology,,scraped,2026-08-09T04:34:10.231118,
b77e950091df5817,https://cd.linkedin.com/jobs/view/studerende-til-databehandling-at-department-of-pharmacy-university-of-copenhagen-4449011373,Studerende til databehandling,,scraped,2026-08-09T04:34:19.383311,
fb05373ae43ad504,https://cd.linkedin.com/jobs/view/field-education-consultant-karangasem-ahmad-yani-at-ruangguru-for-business-4450323147,Field Education Consultant - Karangasem Ahmad Yani,,scraped,2026-08-09T04:34:27.246640,
21cacb8ff1d51575,https://cd.linkedin.com/jobs/view/m%C3%A9decin-e-b%C3%A9n%C3%A9vole-missions-terrain-at-les-porteurs-de-soins-4447343841,Médecin(e) bénévole - missions terrain,,scraped,2026-08-09T04:34:36.123892,
59ec260b07a2dc40,https://cd.linkedin.com/jobs/view/travailleur-social-h-f-at-%C3%A9cole-pratique-de-service-social-epss-4450056975,Travailleur Social (H/F),,scraped,2026-08-09T04:34:44.393750,
c44762c6aab824bb,https://cd.linkedin.com/jobs/view/quels-r%C3%B4les-jouent-les-chefs-d%E2%80%99%C3%AElot-en-situation-de-crise-%3F-at-objectif-qatar-4449657558,Quels rôles jouent les chefs d’îlot en situation de crise ?,Objectif Qatar,posted,2026-08-11T04:26:24.279351,731
6f0efe18be15877d,https://cd.linkedin.com/jobs/view/bingo-101-at-playallyonos-4449676901,Bingo 101,,scraped,2026-08-11T04:26:26.710895,
5ff17a03903976ee,https://cd.linkedin.com/jobs/view/scam-of-the-week-watch-out-for-two-ssa-impersonation-scams-now-surging-at-smart-senior-daily-4451871786,Scam of the Week: Watch Out for Two SSA Impersonation Scams Now Surging,Smart Senior Daily,posted,2026-08-11T04:26:40.202268,733
c465db336705909d,https://cd.linkedin.com/jobs/view/david-at-yes-network-4450017018,DAVID,YES Network,posted,2026-08-11T04:26:49.673230,735
4b7f0259e70f5f73,https://cd.linkedin.com/jobs/view/jardinier-%C3%A8re-at-cje-vaudreuil-soulanges-4449239817,Jardinier(ère),,scraped,2026-08-11T04:26:52.060507,
747b98816cfb09ed,https://cd.linkedin.com/jobs/view/senga-glass-500-ml-bouteille-at-igo-objets-pub-france-4450789336,Senga Glass 500 ml bouteille,,scraped,2026-08-11T04:26:58.586192,
dcd3aab6f1cfa1a5,https://cd.linkedin.com/jobs/view/immobilier-quelles-sont-les-tendances-de-la-prospection-pour-2023-%3F-at-mysweetimmo-4450087540,Immobilier : Quelles sont les tendances de la prospection pour 2023 ?,,scraped,2026-08-11T04:27:08.002460,
b71f6a4061288abb,https://cd.linkedin.com/jobs/view/sciences-animales-at-facult%C3%A9-des-sciences-de-l-agriculture-et-de-l-alimentation-universit%C3%A9-laval-4450301291,Sciences animales,,scraped,2026-08-11T04:27:15.645365,
57e0f0da69ecd0e0,https://cd.linkedin.com/jobs/view/jobangebote-at-stadtwerke-wolfenb%C3%BCttel-gmbh-4451073819,Jobangebote,Stadtwerke Wolfenbüttel GmbH,posted,2026-08-11T04:27:28.816233,737
bd29eb4609b9a3a8,https://cd.linkedin.com/jobs/view/officer-community-based-surveillance-at-international-federation-of-red-cross-and-red-crescent-societies-ifrc-4450622087,"Officer, Community Based Surveillance",,scraped,2026-08-11T04:27:33.366237,
05978645cfe6f3aa,https://cd.linkedin.com/jobs/view/assistant-grower-at-common-farms-4448945160,ASSISTANT GROWER,,scraped,2026-08-11T04:27:40.171628,
19d4b51e473f65ba,https://cd.linkedin.com/jobs/view/employee-industrial-relations-superintendent-at-glencore-4451119592,Employee & Industrial Relations Superintendent,,scraped,2026-08-11T04:27:52.934934,
37f09e3a53447ae6,https://cd.linkedin.com/jobs/view/poste-conseiller-%C3%A8re-at-mesbobettes-4448939640,POSTE : CONSEILLER(ÈRE),,scraped,2026-08-11T04:27:59.563618,
5e66966240544188,https://cd.linkedin.com/jobs/view/physiotherapist-assistant-at-jobspeopledo-com-4450257011,Physiotherapist Assistant,JobsPeopleDo.com,posted,2026-08-11T04:28:13.477381,739
f38fe3787846a358,https://cd.linkedin.com/jobs/view/carbon-excellence-country-coordinator-kinshasa-drc-at-burn-4450207810,"Carbon Excellence Country Coordinator - Kinshasa, DRC",,scraped,2026-08-11T04:28:16.040033,
7e97d1a9a0f63906,https://cd.linkedin.com/jobs/view/promotor-a-de-vendas-at-coca-cola-femsa-4451615452,PROMOTOR(A) DE VENDAS,,scraped,2026-08-11T04:28:25.174918,
f401e6f58493a426,https://cd.linkedin.com/jobs/view/marketing-podcast-google-whisk-at-luda-design-production-e-k-4448994928,Marketing-Podcast - Google Whisk,Luda Design Production e.K.,posted,2026-08-11T04:28:38.989747,741
5bf82a28dba00d0d,https://cd.linkedin.com/jobs/view/les-crises-du-monde-arabe-at-sens-public-4449413301,Les crises du monde arabe,,scraped,2026-08-11T04:28:43.389256,
244e420ebb414e01,https://cd.linkedin.com/jobs/view/ebola-response-coordinator-operations-specialist-at-samaritan-s-purse-4449403478,"Ebola Response Coordinator, Operations Specialist",Samaritan's Purse,posted,2026-08-11T04:28:57.618038,743
2f23eaf34aabf467,https://cd.linkedin.com/jobs/view/monitoring-and-evaluation-senior-officer-at-unops-4446679649,Monitoring and Evaluation Senior Officer,UNOPS,posted,2026-08-11T04:29:11.783541,745
e2a09cca707b998c,https://cd.linkedin.com/jobs/view/responsable-de-production-at-virunga-foundation-4449111495,Responsable de production,,scraped,2026-08-11T04:29:14.565587,
294056fd9450f913,https://cd.linkedin.com/jobs/view/technico-commercial-secteur-sud-est-at-gecam-france-4451082233,TECHNICO-COMMERCIAL SECTEUR SUD-EST,GECAM FRANCE,posted,2026-08-11T04:29:31.063458,747
55055d5d8af88fe0,https://cd.linkedin.com/jobs/view/support-technique-monitoring-diagnostics-technical-support-specialist-remote-at-ge-vernova-4449992212,Support Technique - Monitoring & Diagnostics Technical Support Specialist (Remote),GE Vernova,posted,2026-08-11T04:29:40.403679,749
52cb3562bd379d28,https://cd.linkedin.com/jobs/view/auto-mechanic-executive-electrical-and-sensors-based-vehicle%E2%80%93-garage-department-at-liberty-sarl-4449576686,Auto Mechanic Executive Electrical and Sensors based vehicle– Garage Department,,scraped,2026-08-11T04:29:42.961205,
0e4f5d67490c6f9d,https://cd.linkedin.com/jobs/view/finance-officer-dr-congo-bunia-at-norwegian-refugee-council-4448895686,Finance Officer DR Congo BUNIA,,scraped,2026-08-11T04:29:50.570851,
4717da351f4917e0,https://cd.linkedin.com/jobs/view/digitalisierung-f%C3%B6rdern-dr-kongo-%E2%80%A2-informationstechnologie-at-coworkers-4449512717,Digitalisierung fördern - DR Kongo • Informationstechnologie,,scraped,2026-08-11T04:29:57.685217,
9f478c593624aca8,https://cd.linkedin.com/jobs/view/biomonitoring-advisor-at-reliefweb-4451575843,Biomonitoring Advisor,ReliefWeb,posted,2026-08-11T04:30:13.774224,751
2b286a3a16e1544a,https://cd.linkedin.com/jobs/view/wash-shelter-field-consultant-ebola-response-at-iom-un-migration-4448875977,Wash/Shelter Field Consultant-Ebola Response,IOM - UN Migration,posted,2026-08-11T04:30:29.596148,753
f01dc2b4c1804575,https://cd.linkedin.com/jobs/view/physician-assistant-at-advanced-medical-imaging-consultants-pc-4451075850,Physician Assistant,"Advanced Medical Imaging Consultants, PC",posted,2026-08-11T04:30:41.676330,755
4e1ab089f100fac5,https://cd.linkedin.com/jobs/view/tenke-fungurume-at-newurban-architects-urban-designers-4450524023,Tenke Fungurume,,scraped,2026-08-11T04:30:44.282418,
53de1d2438075db7,https://cd.linkedin.com/jobs/view/compliance-officer-ria-congo-drc-at-ria-money-transfer-4448457113,Compliance officer RIA Congo DRC,Ria Money Transfer,posted,2026-08-11T04:30:55.860972,465
bea9173b1e88e487,https://cd.linkedin.com/jobs/view/monitoring-evidence-accountability-and-learning-manager-dr-congo-goma-bn-at-norwegian-refugee-council-4451556459,"Monitoring, Evidence, Accountability and Learning Manager DR Congo GOMA BN",,scraped,2026-08-11T04:30:58.511174,
d898c3d79e7d28ce,https://cd.linkedin.com/jobs/view/social-media-manager-m-w-d-at-mediatouch-gmbh-4449434738,Social Media Manager (m/w/d),,scraped,2026-08-11T04:31:05.482431,
68c23919c0d2a0ae,https://cd.linkedin.com/jobs/view/underground-electrical-foreman-at-barrick-mining-corporation-4450939773,Underground Electrical Foreman,,scraped,2026-08-11T04:31:12.935450,
a02524dbb40df669,https://cd.linkedin.com/jobs/view/meal-manager-at-world-vision-4451083968,MEAL Manager,,scraped,2026-08-11T04:31:19.777255,
7d34241cb0825041,https://cd.linkedin.com/jobs/view/pignon-moteur-pm-pour-courroie-eagle-fermator-at-2sl-lift-components-4449484781,Pignon moteur PM pour courroie Eagle - FERMATOR,,scraped,2026-08-11T04:31:27.008781,
b7d875e142198242,https://cd.linkedin.com/jobs/view/country-director-for-dr-congo-at-people-in-need-4449285949,Country Director for DR Congo,,scraped,2026-08-11T04:31:36.435370,
ee3bb12dd7d77331,https://cd.linkedin.com/jobs/view/senior-police-advisor-26-27-at-creative-corrections-llc-4451456992,Senior Police Advisor (26-27),"Creative Corrections, LLC",posted,2026-08-11T04:31:48.005441,563
e794f7c21ceb16b8,https://cd.linkedin.com/jobs/view/automation-engineer-%E2%80%93-installation-service-at-jpd-uk-services-4448941177,Automation Engineer – Installation & Service,,scraped,2026-08-11T04:31:52.550827,
5246e55e16a7b9e4,https://cd.linkedin.com/jobs/view/manager-des-projets-de-la-mine-souterraine-at-kamoto-copper-company-s-a-4448097402,Manager des projets de la mine souterraine,,scraped,2026-08-11T04:32:06.937573,
07f67190a28f522f,https://cd.linkedin.com/jobs/view/strides-senior-laboratory-diagnostics-advisor-conseiller-principal-en-laboratoire-et-diagnostics-%E2%80%93-projet-strides-at-fhi-360-4451376594,STRIDES Senior Laboratory/Diagnostics Advisor (Conseiller Principal en Laboratoire et Diagnostics – Projet STRIDES),FHI 360,posted,2026-08-11T04:32:23.479376,757
19b1cfa554e6e83e,https://cd.linkedin.com/jobs/view/restart-pentru-mame-at-funda%C8%9Bia-dacia-pentru-rom%C3%A2nia-4449499427,ReSTART pentru MAME,Fundația Dacia pentru România,posted,2026-08-11T04:32:33.441158,759
fff961becdcd6693,https://cd.linkedin.com/jobs/view/minnesota-dfl-senate-caucus-democratic-party-at-rutgers-graduate-school-newark-4450927217,Minnesota DFL Senate Caucus (Democratic Party),Rutgers Graduate School - Newark,posted,2026-08-11T04:32:51.715437,761
40e498c91fff6802,https://cd.linkedin.com/jobs/view/sextant-%C2%AB-netflixe-%C2%BB-la-formation-de-ses-conseillers-immobiliers-at-mysweetimmo-4450302297,Sextant « netflixe » la formation de ses conseillers immobiliers,,scraped,2026-08-11T04:33:10.638705,
ab41eb3cb7b03164,https://cd.linkedin.com/jobs/view/chroniques-du-confinement-miami-le-quotidien-de-fr%C3%A9d%C3%A9ric-infirmier-%C3%A0-l%C2%B4h%C3%B4pital-at-objectif-qatar-4450279972,"Chroniques du confinement, Miami: le quotidien de Frédéric, infirmier à l´hôpital",Objectif Qatar,posted,2026-08-11T04:33:24.471398,763
f53981fe496e45c2,https://cd.linkedin.com/jobs/view/karrieren-er-ikke-l%C3%A5st-inger-terese-46-bytter-bransje-midt-i-livet-at-stavanger-aftenblad-4450665287,Karrieren er ikke låst: Inger Terese (46) bytter bransje midt i livet,,scraped,2026-08-11T04:33:28.888453,
75e971152d867399,https://cd.linkedin.com/jobs/view/electrical-revit-modeller-at-wsp-in-canada-4442089098,Electrical Revit Modeller,WSP in Canada,posted,2026-08-11T04:33:55.622504,765
766ce49aa05d9c7a,https://cd.linkedin.com/jobs/view/conseiller-%C3%A8re-d%E2%80%99orientation-at-cje-vaudreuil-soulanges-4449508232,Conseiller.ère d’orientation,,scraped,2026-08-11T04:34:00.555473,
50ff2d3ffdc193be,https://cd.linkedin.com/jobs/view/risk-communication-and-community-engagement-rcce-consultant-ebola-response-at-iom-un-migration-4448880685,Risk Communication and Community Engagement (RCCE)-Consultant-Ebola Response,IOM - UN Migration,posted,2026-08-11T04:34:19.909134,767
4014ea4722615971,https://cd.linkedin.com/jobs/view/financial-specialist-%E2%80%93-special-projects-and-major-grants-at-world-vision-4451085934,Financial Specialist – Special Projects and Major Grants,,scraped,2026-08-11T04:34:30.784494,
8bfa58b1f38c7240,https://cd.linkedin.com/jobs/view/technical-health-advisor-at-world-vision-4449699307,Technical Health Advisor,,scraped,2026-08-11T04:34:37.837160,
a437a8bb9495599e,https://cd.linkedin.com/jobs/view/pr%C3%A4zisere-herzsimulationen-durch-machine-learning-vorhersage-der-lokalen-erregungsausbreitungsgeschwindigkeit-at-camo-kit-4448589191,Präzisere Herzsimulationen durch Machine Learning: Vorhersage der lokalen Erregungsausbreitungsgeschwindigkeit,,scraped,2026-08-11T04:34:56.813375,
8eef15036ab725b4,https://cd.linkedin.com/jobs/view/wiederherstellung-der-kardialen-erregungsleitung-bei-linksschenkelblock-mittels-silbernanodr%C3%A4hten-at-camo-kit-4448597114,Wiederherstellung der kardialen Erregungsleitung bei Linksschenkelblock mittels Silbernanodrähten,,scraped,2026-08-11T04:35:03.532811,
47049ff61f3d1b3f,https://cd.linkedin.com/jobs/view/assistant-director-donor-reporting-stewardship-engagement-programs-at-ucsb-annual-fund-4449263527,"Assistant Director, Donor Reporting, Stewardship & Engagement Programs",UCSB Annual Fund,posted,2026-08-13T04:58:24.414281,769
0166e4fda85ce2fc,https://cd.linkedin.com/jobs/view/weekender-tote-at-stylastix-4449717324,Weekender Tote,,scraped,2026-08-13T04:58:26.849614,
165bdcd30fe4e23e,https://cd.linkedin.com/jobs/view/inventory-planner-at-sandvik-4452427655,Inventory Planner,,scraped,2026-08-13T04:58:36.321585,
bacc829e82a37b01,https://cd.linkedin.com/jobs/view/jumbo-operator-at-barrick-mining-corporation-4452399269,Jumbo Operator,,scraped,2026-08-13T04:58:57.695890,
95de5775cd1933d2,https://cd.linkedin.com/jobs/view/store-manager-ka-at-pop-airport-4450199293,Store manager/ka,,scraped,2026-08-13T05:00:07.588291,
05bdb93b736c09c6,https://cd.linkedin.com/jobs/view/adviser%E2%80%99s-assistant-at-agira-wealth-partners-4452602532,Adviser’s Assistant,Agira Wealth Partners,posted,2026-08-13T05:00:22.395817,771
d8df27ba8bd1c3ee,https://cd.linkedin.com/jobs/view/assistant-estimator-at-psi-process-pumping-services-inc-4451092554,Assistant Estimator,"PSI Process / Pumping Services, Inc.",posted,2026-08-13T05:00:31.830645,773
61ec79855ea44b61,https://cd.linkedin.com/jobs/view/gbs-cust-svc-tel-ctr-at-ups-4452397618,GBS Cust Svc Tel Ctr,UPS,posted,2026-08-13T05:00:40.094842,775
cf07d3ed4bd29f1a,https://cd.linkedin.com/jobs/view/filling-centre-superintendent-blackheath-at-totalenergies-4453654562,Filling Centre Superintendent - Blackheath,,scraped,2026-08-13T05:00:44.836140,
f13f8a86221ff673,https://cd.linkedin.com/jobs/view/charg%C3%A9e-administrative-at-gozem-africa-s-super-app-4453046649,Chargée Administrative,,scraped,2026-08-13T05:00:54.088689,
bfd85b7ebb5ae3ae,https://cd.linkedin.com/jobs/view/supervisor-tsf-water-tailing-at-kamoto-copper-company-s-a-4451654291,Supervisor - TSF Water & Tailing,,scraped,2026-08-13T05:01:02.382762,
ceaaa8d706a83ee2,https://cd.linkedin.com/jobs/view/op%C3%A9rateur-bulldozer-at-virunga-fund-inc-4451942467,Opérateur Bulldozer,Virunga Fund Inc.,posted,2026-08-13T05:01:15.316503,777
5f6265750ca59e0c,https://cd.linkedin.com/jobs/view/monteur-euse-de-robots-lely-at-lely-4451567932,Monteur(euse) de robots Lely,,scraped,2026-08-13T05:01:17.778724,
b3a43950244c9880,https://cd.linkedin.com/jobs/view/responsable-de-production-at-virunga-foundation-4451670799,Responsable de production,,scraped,2026-08-13T05:02:27.683712,
af9fb27266a8afb6,https://cd.linkedin.com/jobs/view/pump-and-tank-technician-4450182358,Pump and tank technician,Flow Logic Fuel  Telematics,posted,2026-08-13T05:02:46.789997,779
7cb96e6cc847ede4,https://cd.linkedin.com/jobs/view/superintendent-geotechnical-design-data-collection-at-kamoto-copper-company-s-a-4451641699,Superintendent - Geotechnical Design & Data Collection,,scraped,2026-08-13T05:02:49.222839,
7240b2eeea12eb80,https://cd.linkedin.com/jobs/view/benefits-specialist-at-agi-fertilizer-systems-4453066486,Benefits Specialist,,scraped,2026-08-13T05:02:55.614132,
704e51f3808881df,https://cd.linkedin.com/jobs/view/front-desk-receptionist-at-centre-hospitalier-international-de-kinshasa-chik-4452709517,Front Desk Receptionist,,scraped,2026-08-13T05:03:07.831095,
ea08294fbad3269d,https://cd.linkedin.com/jobs/view/coordinateur%C2%B7trice-ressources-humaines-at-premi%C3%A8re-urgence-4450058930,Coordinateur·trice Ressources Humaines,,scraped,2026-08-13T05:03:18.528149,
9359cc577e0ab16c,https://cd.linkedin.com/jobs/view/epidemiologist-consultant-ebola-response-rolling-basis-at-iom-un-migration-4451097619,Epidemiologist Consultant-Ebola Response-(Rolling Basis),IOM - UN Migration,posted,2026-08-13T05:03:36.150301,781
e9f39ef3bd824194,https://cd.linkedin.com/jobs/view/senior-rice-agronomy-expert-at-rds-international-4453143033,Senior Rice Agronomy Expert,,scraped,2026-08-13T05:03:38.747431,
47a89fe3a2e1c9fa,https://cd.linkedin.com/jobs/view/cabinet-d-%C3%A9tudes-pour-diagnostic-de-l-%C3%A9tat-du-corridor-6-et-%C3%A9tude-de-faisabilit%C3%A9-secteur-priv%C3%A9-rdc-at-expertise-france-4448408295,Cabinet d'études pour diagnostic de l'état du Corridor 6 et étude de faisabilité secteur privé (RDC),,scraped,2026-08-13T05:04:48.875439,
cd309ee4f4bddb99,https://cd.linkedin.com/jobs/view/doctoral-researcher-4450120479,Doctoral Researcher,Centre de Surveillance de la Biodiversité de l'Université de Kisangani,posted,2026-08-13T05:05:01.386122,783
4cf5d34eee930736,https://cd.linkedin.com/jobs/view/charg%C3%A9-e-de-ventes-service-%C3%A0-la-client%C3%A8le-zone-sales-customer-care-officers-area-at-dangote-petroleum-petrochemicals-4453387281,Chargé (e) de Ventes & service à la clientèle (Zone)/Sales Customer Care Officers (Area),Dangote Petroleum &amp; Petrochemicals,posted,2026-08-13T05:05:10.478981,785
6a9bad0751b42b20,https://cd.linkedin.com/jobs/view/fastighetsansvarig-till-sveaskog-at-sveaskog-4450215421,Fastighetsansvarig till Sveaskog,,scraped,2026-08-13T05:05:12.828374,
08e703abb7dffab2,https://cd.linkedin.com/jobs/view/accountant-ria-drc-at-ria-money-transfer-4450410145,Accountant RIA DRC,Ria Money Transfer,posted,2026-08-13T05:05:22.278836,109
6c2bd4583f32fe11,https://cd.linkedin.com/jobs/view/program-manager-and-site-director-in-lomami-landscape-program-gn-at-frankfurt-zoological-society-zoologische-gesellschaft-frankfurt-4451637854,Program Manager and Site Director in Lomami Landscape Program (gn),,scraped,2026-08-13T05:05:28.665638,
b423c871f1478d69,https://cd.linkedin.com/jobs/view/manager-logistique-renforcement-des-capacites-rdc-at-handicap-international-humanit%C3%A9-inclusion-4450771621,MANAGER LOGISTIQUE - RENFORCEMENT DES CAPACITES - RDC,,scraped,2026-08-13T05:05:39.856198,
d89e06afe6c20678,https://cd.linkedin.com/jobs/view/responsable-logistique-renforcement-de-capacit%C3%A9-zone-est-rdc-at-handicap-international-humanit%C3%A9-inclusion-4452666446,Responsable Logistique - Renforcement de capacité - Zone Est RDC,,scraped,2026-08-13T05:05:47.286623,
3ec3dfb15768a086,https://cd.linkedin.com/jobs/view/part-time-faculty-positions-at-sanford-institute-of-philanthropy-at-long-island-university-4450415032,PART TIME FACULTY POSITIONS,Sanford Institute of Philanthropy at Long Island University,posted,2026-08-13T05:06:03.979724,787
e41cc20daae5cb38,https://cd.linkedin.com/jobs/view/postdoc-molecular-dynamics-and-process-simulation-of-high-temperature-thermal-storage-systems-at-university-positions-4452375712,Postdoc Molecular Dynamics and Process Simulation of High Temperature Thermal Storage Systems,,scraped,2026-08-13T05:06:08.611788,
0cda9647195a0a9d,https://cd.linkedin.com/jobs/view/coordinateur-trice-rcce-%E2%80%93-r%C3%A9ponse-mve-at-la-floraison-asbl-4452444192,COORDINATEUR(TRICE) RCCE – RÉPONSE MVE,La Floraison Asbl,posted,2026-08-13T05:06:24.491943,789
52cc01c2b81a6174,https://cd.linkedin.com/jobs/view/technical-training-manager-at-glencore-4452121383,(Technical) Training Manager,,scraped,2026-08-13T05:06:27.143551,
2ea478ebbebea3cf,https://cd.linkedin.com/jobs/view/surveillant-e-de-l-entretien-m%C3%A9nager-at-cje-vaudreuil-soulanges-4449508230,surveillant.e de l'entretien ménager,,scraped,2026-08-13T05:06:33.490672,
d889ca0ac936082e,https://cd.linkedin.com/jobs/view/cod-associate-at-ups-4451923850,COD Associate,UPS,posted,2026-08-13T05:06:47.222720,791
be07ced394169bed,https://cd.linkedin.com/jobs/view/cod-associate-at-ups-4451935024,COD Associate,UPS,scraped,2026-08-13T05:06:51.277525,
fba67af9afa873f3,https://cd.linkedin.com/jobs/view/superintendent-geotechnical-design-data-collection-at-glencore-4451188385,Superintendent - Geotechnical Design & Data Collection,,scraped,2026-08-13T05:06:57.848357,
9ab6524a915255b5,https://cd.linkedin.com/jobs/view/legal-affairs-and-compliance-manager-cape-town-at-totalenergies-4452490680,Legal Affairs and Compliance Manager - Cape Town,,scraped,2026-08-13T05:07:06.266809,
a3f64fe2c0617a39,https://cd.linkedin.com/jobs/view/program-officer-for-mnch-health-services-at-corus-international-4452455689,Program Officer for MNCH Health Services,Corus International,posted,2026-08-13T05:07:18.271187,793
2477883effa3ba91,https://cd.linkedin.com/jobs/view/partnerships-coordinator-at-world-vision-4451096605,Partnerships Coordinator,,scraped,2026-08-13T05:07:20.883455,
1acda8d1d38af612,https://cd.linkedin.com/jobs/view/technical-program-manager-mnch-and-protection-at-corus-international-4452460566,Technical Program Manager MNCH and Protection,Corus International,posted,2026-08-13T05:07:38.672446,795
db5805ea5b113e93,https://cd.linkedin.com/jobs/view/entry-level-sales-agent-agent-aux-ventes-d%C3%A9butant-vaudreuil-office-at-cje-vaudreuil-soulanges-4453383949,Entry Level Sales Agent / Agent aux ventes débutant (Vaudreuil Office),,scraped,2026-08-13T05:07:47.215809,
2f18a270031351f6,https://cd.linkedin.com/jobs/view/inbound-replenishment-planner-at-epiroc-4451909440,Inbound  Replenishment Planner,,scraped,2026-08-15T03:46:12.198444,
4713269657ecda43,https://cd.linkedin.com/jobs/view/master-data-management-specialist-at-s-k-supermarche-4451235579,Master Data Management Specialist,S&K Supermarche,posted,2026-08-15T03:46:57.415897,797
113de17a4f4d649b,https://cd.linkedin.com/jobs/view/technician-mechanic-fm-sr-at-the-church-of-jesus-christ-of-latter-day-saints-4453725733,"Technician (Mechanic FM, Sr)",The Church of Jesus Christ of Latter-day Saints,posted,2026-08-15T03:47:05.503562,799
b1f1965bcd15438b,https://cd.linkedin.com/jobs/view/site-permitting-land-specialist-at-africell-rdc-4451696339,Site Permitting & Land Specialist,,scraped,2026-08-15T03:47:08.092433,
57e0e67e2bea3cb9,https://cd.linkedin.com/jobs/view/secteur-conservation-at-naturoparc-4451390253,Secteur Conservation,,scraped,2026-08-15T03:47:19.819212,
076345b624071be3,https://cd.linkedin.com/jobs/view/food-assistance-information-and-reporting-officer-at-world-vision-4453670666,Food Assistance Information and Reporting Officer,,scraped,2026-08-15T03:47:30.574180,
427655f2a1891c8e,https://cd.linkedin.com/jobs/view/un-altfel-de-start-sau-restart-profesional-job-%E2%80%93-oportunitate-at-hygia-4449260499,Un altfel de start sau restart profesional: job – oportunitate,,scraped,2026-08-15T03:47:36.989442,
7367ea2c82f5e089,https://cd.linkedin.com/jobs/view/hypercare-service-technician-at-normet-group-4454019116,Hypercare Service Technician,,scraped,2026-08-15T03:47:46.768870,
9ebf2008e09d41e4,https://cd.linkedin.com/jobs/view/sales-representative-lubumashi-at-etihad-4451209275,Sales Representative - Lubumashi,Etihad,posted,2026-08-15T03:48:39.029749,801
6a5f8881e139f4c0,https://cd.linkedin.com/jobs/view/operations-manager-at-catholic-relief-services-4451257071,Operations Manager,Catholic Relief Services,posted,2026-08-15T03:48:47.416942,803
fc3ea5bc0a5d4c35,https://cd.linkedin.com/jobs/view/program-officer-%E2%80%93-protection-women-children-at-corus-international-4452451843,Program Officer – Protection (Women & Children),Corus International,posted,2026-08-15T03:49:00.904754,805
2e3414745a3ce6e7,https://cd.linkedin.com/jobs/view/pague-menos-usa-nome-para-liberar-descontos-at-est%C3%BAdios-vida-moderna-4453590764,Pague Menos usa nome para liberar descontos,,scraped,2026-08-15T03:49:09.312088,
21ed7fcc287a6704,https://cd.linkedin.com/jobs/view/bedrijfsautotechnicus-at-volvo-trucks-4416900364,Bedrijfsautotechnicus,,scraped,2026-08-15T03:49:17.127597,
5303f71c851cb8ee,https://cd.linkedin.com/jobs/view/reservations-assistant-at-niseko-tourism-4453702421,Reservations Assistant,,scraped,2026-08-15T03:49:26.525088,
280c93053f5352c0,https://cd.linkedin.com/jobs/view/catering-and-outside-sales-director-at-the-farmington-regional-chamber-4452340450,Catering and Outside Sales Director,The Farmington Regional Chamber,posted,2026-08-15T03:49:44.836059,807
f21f3cfbeb82ed0f,https://cd.linkedin.com/jobs/view/certified-it-trainer-freelance-remote-cisco-comptia-cybersecurity-pmp-iso-microsoft-ceh-linux-at-soracert-4451240383,"Certified IT Trainer (Freelance, Remote) Cisco / CompTIA / Cybersecurity / PMP / ISO / Microsoft /CEH /Linux /",,scraped,2026-08-15T03:49:51.477051,
d3a68d30c2bd47e3,https://cd.linkedin.com/jobs/view/chef-de-partie-at-afrik-interim-hr-services-sarl-4452947190,Chef de Partie,AFRIK  INTERIM  HR SERVICES SARL,posted,2026-08-15T03:50:08.773408,809
00aca6e0ea9b4ba7,https://cd.linkedin.com/jobs/view/electrical-maintenance-supervisor-flng-congo-at-fam-energy-service-4413020689,Electrical Maintenance Supervisor - FLNG - Congo,FAM Energy Service,posted,2026-08-15T03:50:16.710784,811
08ba190fbcb50c3c,https://cd.linkedin.com/jobs/view/virtual-customer-support-agent-french-english-%E2%80%93-100%25-remote-at-talentpop-app-4453271107,Virtual Customer Support Agent (French/English) – 100% Remote,TalentPop App,posted,2026-08-15T03:50:23.505849,101
c731c24368ef7c58,https://cd.linkedin.com/jobs/view/rejoignez-l-%C3%A9lite-du-support-client-bilingue-fran%C3%A7ais-anglais-%E2%80%93-100-%25-t%C3%A9l%C3%A9travail-%21-at-talentpop-app-4453264175,Rejoignez l'élite du support client bilingue (Français/Anglais) – 100 % Télétravail !,TalentPop App,posted,2026-08-15T03:50:31.638323,813
f866db371b3d1f6d,https://cd.linkedin.com/jobs/view/senior-human-resources-specialist-at-mileoni-power-systems-4451200375,Senior Human Resources Specialist,mileoni power systems,posted,2026-08-15T03:50:39.994226,815
8a129135e345607d,https://cd.linkedin.com/jobs/view/freelance-at-firstsource-4453205647,Freelance,,scraped,2026-08-15T03:50:42.715160,
6bdc23d9bf020210,https://cd.linkedin.com/jobs/view/senior-accounting-officer-at-drugs-for-neglected-diseases-initiative-dndi-4451122132,Senior Accounting Officer,,scraped,2026-08-15T03:50:51.357502,
c819684311b97cd9,https://cd.linkedin.com/jobs/view/hr-geo-associate-at-ups-4453254210,HR Geo Associate,UPS,posted,2026-08-15T03:51:10.221385,817
138e0ec368722d80,https://cd.linkedin.com/jobs/view/monitoring-evidence-accountability-and-learning-manager-dr-congo-goma-bn-at-reliefweb-4451590408,"Monitoring, Evidence, Accountability and Learning Manager DR Congo GOMA BN",ReliefWeb,posted,2026-08-15T03:51:25.798164,819
fcc8fcd197b8ce84,https://cd.linkedin.com/jobs/view/scieur-scieuse-travail-du-bois-at-cje-vaudreuil-soulanges-4451970282,Scieur/scieuse- Travail du bois,,scraped,2026-08-15T03:51:28.428954,
22470619992155d4,https://cd.linkedin.com/jobs/view/assistant-op%C3%A9rateur-qualit%C3%A9-senior-at-cje-vaudreuil-soulanges-4449238882,Assistant Opérateur Qualité Senior,,scraped,2026-08-15T03:51:37.057524,
cd60cbccbd94f806,https://cd.linkedin.com/jobs/view/environmental-water-engineer-at-glencore-4453235133,Environmental Water Engineer,,scraped,2026-08-15T03:51:43.279889,
55ac0eca5e24e338,https://cd.linkedin.com/jobs/view/undeground-production-superintendent-at-kamoto-copper-company-s-a-4451633690,Undeground Production Superintendent,,scraped,2026-08-15T03:51:51.617039,
d1d9a8c2c5bf2d80,https://cd.linkedin.com/jobs/view/yp%C3%AA-chega-a-96-3%25-dos-lares-e-consolida-lideran%C3%A7a-no-pa%C3%ADs-at-est%C3%BAdios-vida-moderna-4453590761,"Ypê chega a 96,3% dos lares e consolida liderança no país",,scraped,2026-08-15T03:51:58.048488,
9093f9d29a274030,https://cd.linkedin.com/jobs/view/francophone-customer-support-representative-%E2%80%93-remote-at-talentpop-app-4453283016,Francophone Customer Support Representative – Remote,TalentPop App,posted,2026-08-15T03:52:07.290478,119
10737265e0c77122,https://cd.linkedin.com/jobs/view/french-bilingual-customer-service-specialist-at-talentpop-app-4453275098,French Bilingual Customer Service Specialist,TalentPop App,posted,2026-08-15T03:52:12.396368,161
3cfdc4bf271143b2,https://cd.linkedin.com/jobs/view/french-bilingual-customer-service-specialist-at-talentpop-app-4453281053,French Bilingual Customer Service Specialist,TalentPop App,scraped,2026-08-15T03:52:16.544012,
5437dc92099e6f2f,https://cd.linkedin.com/jobs/view/tns-reconstruir-a-confian%C3%A7a-na-voz-exige-proteger-tanto-a-identidade-at-est%C3%BAdios-vida-moderna-4453595774,TNS: Reconstruir a confiança na voz exige proteger tanto a identidade...,,scraped,2026-08-15T03:52:20.918896,
28daa65dc9e978f6,https://cd.linkedin.com/jobs/view/ing%C3%A9nieur-environnemental-charg%C3%A9-des-eaux-at-kamoto-copper-company-s-a-4451216350,Ingénieur environnemental chargé des eaux,,scraped,2026-08-15T03:52:27.551874,
5e830c78e8ba2622,https://cd.linkedin.com/jobs/view/conseiller-principal-en-interop%C3%A9rabilit%C3%A9-at-palladium-make-it-possible-4339193031,Conseiller principal en interopérabilité,Palladium: Make It Possible,posted,2026-08-15T03:52:41.083152,821
49a9863840e21bc2,https://cd.linkedin.com/jobs/view/senior-program-manager-mnch-and-protection-at-corus-international-4452458588,Senior Program Manager MNCH and Protection,Corus International,posted,2026-08-15T03:52:51.319925,823
b8c240e5124a0f4b,https://cd.linkedin.com/jobs/view/plusieurs-postes-disponibles-at-cje-vaudreuil-soulanges-4449519003,Plusieurs postes disponibles,,scraped,2026-08-15T03:52:53.891834,
9758f6b77fbb7435,https://cd.linkedin.com/jobs/view/propri%C3%A9taire-at-france-alumni-r%C3%A9publique-d%C3%A9mocratique-du-congo-4452211338,Propriétaire,,scraped,2026-08-17T03:55:55.949870,
fa49d1541a654e1b,https://cd.linkedin.com/jobs/view/emploi-en-r%C3%A9novation-at-cje-vaudreuil-soulanges-4453387871,Emploi en rénovation,,scraped,2026-08-17T03:56:08.310986,
40d2bfea8a23b75a,https://cd.linkedin.com/jobs/view/officer-community-based-surveillance-at-international-federation-of-red-cross-and-red-crescent-societies-ifrc-4454083731,"Officer, Community Based Surveillance",,scraped,2026-08-17T03:56:15.174796,
27c28699dd456d95,https://cd.linkedin.com/jobs/view/bottier-4451231441,Bottier,takdrc,posted,2026-08-17T03:56:28.852345,825
63a3cc8d8a52c220,https://cd.linkedin.com/jobs/view/security-guard-4451747041,Security Guard,SEMHKAT SARL.,posted,2026-08-17T03:56:38.555276,827
a11fba370d4d193f,https://cd.linkedin.com/jobs/view/senior-digital-content-producer-bukavu-at-bbc-4454044704,"Senior Digital Content Producer, Bukavu",,scraped,2026-08-17T03:57:15.168717,
8b3773edc9f92546,https://cd.linkedin.com/jobs/view/meal-manager-at-world-vision-4455209180,MEAL Manager,,scraped,2026-08-17T03:57:22.460439,
e963c613c6affbff,https://cd.linkedin.com/jobs/view/west-africa-regional-technical-advisor-i-polio-at-fhi-360-4444723378,West Africa Regional Technical Advisor I - Polio,FHI 360,posted,2026-08-17T03:57:34.832492,829
4252036c4f10e6e3,https://cd.linkedin.com/jobs/view/r2026106691-teaching-assistant-at-colorado-state-university-environmental-learning-center-4453739874,R2026106691 Teaching Assistant,Colorado State University Environmental Learning Center,posted,2026-08-17T03:57:44.037940,831
bdc19819ed8792c6,https://cd.linkedin.com/jobs/view/charg%C3%A9-e-marketing-digital-commercial-at-netflex-services-4455207304,CHARGÉ(E) MARKETING DIGITAL & COMMERCIAL,Netflex Services,posted,2026-08-17T03:57:56.647489,833
7add8b685f271182,https://cd.linkedin.com/jobs/view/ssa-health-logistician-officer-noa-mve-at-world-health-organization-4455111725,SSA-Health Logistician Officer-NOA (MVE),,scraped,2026-08-17T03:57:59.346918,
0c60c8aa1455b6e0,https://cd.linkedin.com/jobs/view/kursleitungen-m-w-d-f%C3%BCr-den-bereich-kultur-kunst-und-kreativit%C3%A4t-at-volkshochschule-osnabr%C3%BCcker-land-vhs-4453959167,"Kursleitungen (m/w/d) für den Bereich Kultur, Kunst und Kreativität",,scraped,2026-08-17T03:58:06.304908,
7694c77cce5c544e,https://cd.linkedin.com/jobs/view/assistant-e-inventaire-ssa-gs5-kinshasa-at-world-health-organization-4453378823,"Assistant(e) Inventaire, SSA, GS5, Kinshasa",,scraped,2026-08-17T03:58:15.869544,
0f941a8c53046c7f,https://cd.linkedin.com/jobs/view/ejecutivo-de-ventas-residenciales-occidente-a1-at-millicom-tigo-4452124295,Ejecutivo De Ventas Residenciales Occidente A1,,scraped,2026-08-17T03:58:22.607054,
49492e4f6a95faa4,https://cd.linkedin.com/jobs/view/teaching-assistant-teaching-fellow-positions-at-azar-advanced-additive-manufacturing-laboratory-4452692363,Teaching Assistant / Teaching Fellow positions,AZAR Advanced Additive Manufacturing Laboratory,posted,2026-08-17T03:58:35.933446,835
3faa0ee754702353,https://cd.linkedin.com/jobs/view/democratic-republic-of-the-congo-country-meal-manager-%E2%80%93-kinshasa-at-acted-4454023163,Democratic Republic of the Congo: Country MEAL Manager – Kinshasa,,scraped,2026-08-17T03:58:38.558653,
cc2fcbc763a65653,https://cd.linkedin.com/jobs/view/health-care-support-worker-at-nhs-ayrshire-arran-4451244796,Health Care Support Worker,,scraped,2026-08-17T03:58:49.134844,
c89139a196ee5994,https://cd.linkedin.com/jobs/view/health-care-support-worker-at-nhs-scotland-4453733078,Health Care Support Worker,,scraped,2026-08-17T03:58:57.225819,
f0cef25d387378a0,https://cd.linkedin.com/jobs/view/pedagogisch-professional-%E2%80%93-ut-trepke-in-empe-at-docentenmarktplaats-nl-4452186489,Pedagogisch Professional – Ut Trepke in Empe,,scraped,2026-08-17T03:59:04.151541,
c2964895f64350e5,https://cd.linkedin.com/jobs/view/assistant-social-h-f-%E2%80%93-csapa-%E2%80%93-nantes-at-les-apsyades-4452445198,Assistant Social H/F – CSAPA – Nantes,LES APSYADES,posted,2026-08-17T03:59:23.959155,837
6d194f38bbfa0d5c,https://cd.linkedin.com/jobs/view/finance-logistics-assistant-at-villagereach-4454001868,Finance & Logistics Assistant,VillageReach,posted,2026-08-17T03:59:33.371680,839
14f196eba9a2b2ec,https://cd.linkedin.com/jobs/view/finance-logistics-assistant-at-villagereach-4454005794,Finance & Logistics Assistant,VillageReach,posted,2026-08-17T03:59:37.945204,839
31316d3021bfbcc2,https://cd.linkedin.com/jobs/view/depot-superintendent-umtata-external-at-totalenergies-4375815747,Depot Superintendent - Umtata (External),,scraped,2026-08-17T03:59:40.628312,
f632c28fa1d65a79,https://cd.linkedin.com/jobs/view/francophone-customer-support-representative-%E2%80%93-remote-at-talentpop-app-4453262176,Francophone Customer Support Representative – Remote,TalentPop App,posted,2026-08-17T03:59:56.250201,119
6e1bac6d27bc4a83,https://cd.linkedin.com/jobs/view/francophone-customer-support-representative-%E2%80%93-remote-at-talentpop-app-4453268121,Francophone Customer Support Representative – Remote,TalentPop App,scraped,2026-08-17T04:00:00.648209,
c16eeaeee31a2c6f,https://cd.linkedin.com/jobs/view/francophone-customer-support-representative-%E2%80%93-remote-at-talentpop-app-4453270125,Francophone Customer Support Representative – Remote,TalentPop App,scraped,2026-08-17T04:00:07.135000,
c4c1f5f8bc5d4111,https://cd.linkedin.com/jobs/view/responsable-plaidoyer-at-reliefweb-4453640624,Responsable Plaidoyer,ReliefWeb,posted,2026-08-17T04:00:24.655437,841
3a2d5625f8054a04,https://cd.linkedin.com/jobs/view/engineering-environmental-science-bursaries-x-5-at-wsp-in-canada-4452382918,Engineering & Environmental Science Bursaries x 5,WSP in Canada,posted,2026-08-17T04:00:37.471662,843
9c2e67cd45e980fc,https://cd.linkedin.com/jobs/view/animateur-de-labyrinthe-at-cje-vaudreuil-soulanges-4451961377,Animateur de Labyrinthe,,scraped,2026-08-17T04:00:40.030527,
d161c687193744d0,https://cd.linkedin.com/jobs/view/postdoc-multi-scale-mechanobiological-cardiac-growth-and-remodelling-at-university-positions-4453961767,Postdoc Multi-Scale Mechanobiological Cardiac Growth and Remodelling,,scraped,2026-08-17T04:00:48.263622,
53130564b213d925,https://cd.linkedin.com/jobs/view/postdoc-multi-scale-mechanobiological-cardiac-growth-and-remodelling-at-university-positions-4452420545,Postdoc Multi-Scale Mechanobiological Cardiac Growth and Remodelling,,scraped,2026-08-17T04:00:55.606470,
81fdf6fd3a111874,https://cd.linkedin.com/jobs/view/devops-engineer-infrastructuur-at-university-positions-4453510918,DevOps Engineer Infrastructuur,,scraped,2026-08-17T04:01:02.751396,
